target,dpi,time,inoc,high_N,high_P,nutrient,round,replicate,sample,shoot_mass_g,root_mass_g,leaf_area_mm2,leaves,mass_ext_mg,PAVmin,PAVint,PAVslope,RPVmin,RPVint,RPVslope,q_group,tech_cycle,quant,quant_adj,quant_ul,quant_zero,co,log_quant,conc,log_conc,quant_rd
PAV,5,1,coinfection,0,1,P,1,1,11coinfectionP1shoot,0.1564,0.0115,707.601,2,48.7,2800,48.9850770018075,-3.0088815262222224,2800,51.57720035970756,-3.5260478969999998,22,37.805473325,5194.391581654531,5194.391581654531,742.0559402363616,0,1,6.609424631479737,761.8644150270653,6.6357686068193384,742
PAV,5,1,coinfection,1,0,N,1,2,11coinfectionN2shoot,0.1319,0.011,642.632,2,50.2,2800,52.396041698335196,-3.4743881866666664,2800,49.87804498427564,-3.345626683222222,25,39.431690215,5387.727039204999,5387.727039204999,769.6752913149998,0,1,6.645968726316543,766.608855891434,6.641976705047005,770
PAV,5,1,coinfection,1,1,N+P,1,1,11coinfectionN+P1shoot,0.1049,0.0067,497.974,1,47.3,2800,52.999059720874435,-3.3933433428888917,2800,51.22810233179825,-3.3048075430370365,27,40.412874220000006,5117.773408651812,5117.773408651812,731.1104869502589,0,1,6.594564593267328,772.8440665436142,6.650077303197587,731
PAV,5,1,coinfection,1,1,N+P,1,2,11coinfectionN+P2shoot,0.1795,0.0111,883.895,2,47.9,2800,52.155716614930085,-3.531808133222223,2800,53.07666939625254,-3.84486738162963,26,39.42761993,4016.494279342736,4016.494279342736,573.7848970489623,0,1,6.352254582268416,598.9403935792926,6.3951620832796925,574
PAV,5,1,PAV,0,0,low,2,3,21PAVlow3shoot,0.1859,0.0193,979.905,2,53.4,2800,51.174255418315916,-3.3517181390000026,NA,NA,NA,42,39.20645905,3720.876237641986,3720.876237641986,531.5537482345694,0,0,6.275804318228085,497.70950209229346,6.210016577690081,532
PAV,5,1,PAV,0,1,P,4,5,41PAVP5shoot,0.2299,0.0248,1045.082,2,42,2800,55.29559506087862,-3.4535579345374523,2800,51.96716876869854,-3.3692454026666625,39,42.037525175,6901.758272444393,6901.758272444393,985.9654674920561,0,0,6.893621331161793,1173.7684136810192,7.06797471830657,986
PAV,5,1,PAV,1,0,N,2,3,21PAVN3shoot,0.0931,0.0083,502.888,1,41.4,2800,49.60374995845039,-3.348891957999999,NA,NA,NA,15,37.24664179333333,4896.767392772047,4896.767392772047,699.5381989674353,0,0,6.550420401574399,844.8528973036658,6.7391625261712775,700
PAV,8,2,coinfection,0,1,P,1,2,12coinfectionP2shoot,0.0504,0.0096,280.923,1,30.3,2800,51.38179051920926,-3.4672812150000007,2800,49.968065771911625,-3.525420062,31,37.67944972,8951.539666893728,8951.539666893728,1278.7913809848183,0,1,7.153670677238683,2110.2168003049806,7.6545459701515055,1279
PAV,8,2,coinfection,0,1,P,2,3,22coinfectionP3shoot,0.1011,0.0101,466.961,2,48.1,2800,48.9850770018075,-3.0088815262222224,2800,51.57720035970756,-3.5260478969999998,22,36.68560791,12238.305665077078,12238.305665077078,1748.329380725297,0,1,7.466415971373439,1817.3902086541545,7.505156799689869,1748
PAV,8,2,PAV,0,0,low,5,6,52PAVlow6shoot,0.2274,0.0212,NA,NA,52.1,2800,53.470203207138084,-3.4629721319999986,NA,NA,NA,36,40.40204239,5938.592237252709,5938.592237252709,848.37031960753,0,0,6.7433172381176245,814.1749708325623,6.702175294786449,848
PAV,8,2,PAV,0,1,P,1,1,12PAVP1shoot,0.1688,0.0177,987.201,2,49.2,2800,51.38179051920926,-3.4672812150000007,2800,49.968065771911625,-3.525420062,31,38.139669415,6594.252750255093,6594.252750255093,942.0361071792989,0,0,6.848043604180733,957.3537674586371,6.864172986110616,942
PAV,8,2,PAV,0,1,P,5,6,52PAVP6shoot,0.1621,0.0148,NA,NA,47.3,2800,53.470203207138084,-3.4629721319999986,NA,NA,NA,36,40.936807630000004,4161.59418655611,4161.59418655611,594.5134552223014,0,0,6.387743348712903,628.4497412497901,6.443256058643162,595
PAV,8,2,PAV,1,0,N,1,2,12PAVN2shoot,0.1683,0.0293,1066.163,2,50.4,2800,49.60374995845039,-3.348891957999999,NA,NA,NA,15,37.67148971333334,3656.3456030038265,3656.3456030038265,522.3350861434038,0,0,6.258309309413111,518.1895695867101,6.250341139763934,522
PAV,8,2,PAV,1,0,N,3,4,32PAVN4shoot,0.239,0.0195,1136.941,2,47.4,2800,49.67861051029473,-3.3854052233333336,NA,NA,NA,16,36.732790630000004,6668.205141256659,6668.205141256659,952.600734465237,0,0,6.859195859377629,1004.8530954274653,6.912596636104745,953
PAV,8,2,PAV,1,1,N+P,3,4,32PAVN+P4shoot,0.1662,0.0129,794.221,2,47.3,2800,50.22608974830922,-3.560085041666667,NA,NA,NA,17,37.20225525,4552.952163709384,4552.952163709384,650.4217376727692,0,0,6.477620979681201,687.5494055737518,6.53313368961146,650
PAV,8,2,PAV,1,1,N+P,5,6,52PAVN+P6shoot,0.2487,0.0201,NA,NA,50.4,2800,53.470203207138084,-3.4629721319999986,NA,NA,NA,36,38.96182124,15473.022019587153,15473.022019587153,2210.431717083879,0,0,7.700943122530817,2192.888608218134,7.69297495288164,2210
PAV,12,3,coinfection,0,0,low,1,2,13coinfectionlow2shoot,0.2257,0.0272,1268.303,2,47.9,2800,48.9850770018075,-3.0088815262222224,2800,51.57720035970756,-3.5260478969999998,22,37.62969462,5942.300839054379,5942.300839054379,848.9001198649113,0,1,6.7439415349441845,886.1170353495942,6.786849035955461,849
PAV,12,3,coinfection,0,0,low,4,5,43coinfectionlow5shoot,0.1822,0.0113,964.051,2,48.4,2800,49.796860060958295,-3.144371795666668,2800,52.89612035071825,-3.4712520312962956,19,35.57783127,33270.32903636925,33270.32903636925,4752.90414805275,0,1,8.466511109790158,4910.024946335486,8.499034301495717,4753
PAV,12,3,coinfection,0,1,P,1,1,13coinfectionP1shoot,0.0787,0.0028,494.312,2,46.3,2800,50.86659032166355,-3.2532892863333336,2800,49.73738099187795,-3.558046975999998,21,38.40687561,6758.996080768888,6758.996080768888,965.5708686812696,0,1,6.872719500191179,1042.733119526209,6.949600544527137,966
PAV,12,3,coinfection,0,1,P,1,2,13coinfectionP2shoot,0.0914,0.0199,411.81,1,45.9,2800,52.396041698335196,-3.4743881866666664,2800,49.87804498427564,-3.345626683222222,25,37.99275334666667,13981.734582230292,13981.734582230292,1997.3906546043274,0,1,7.599596935017838,2175.8068132944745,7.685154823379484,1997
PAV,12,3,coinfection,0,1,P,2,3,23coinfectionP3shoot,0.1376,0.0099,899.94,2,50.7,2800,48.9850770018075,-3.0088815262222224,2800,51.57720035970756,-3.5260478969999998,22,36.56824493333333,13388.342441319983,13388.342441319983,1912.6203487599976,0,1,7.556229491177049,1886.2133616962499,7.542326586008058,1913
PAV,12,3,coinfection,0,1,P,3,4,33coinfectionP4shoot,0.2382,0.0199,1080.44,2,50,2800,50.37211045984439,-3.366426213999998,2800,49.476777238956124,-3.068125512222223,30,38.209379195,4101.573491116139,4101.573491116139,585.9390701594484,0,1,6.373215808334032,585.9390701594484,6.373215808334032,586
PAV,12,3,coinfection,0,1,P,4,5,43coinfectionP5shoot,0.1172,0.0071,552.845,2,48.5,2800,50.87939654581369,-3.364814314000001,2800,51.71905653844353,-3.58935585048148,18,37.311990103333336,10768.152685693538,10768.152685693538,1538.3075265276482,0,1,7.338438082306447,1585.8840479666476,7.368897289791155,1538
PAV,12,3,coinfection,1,0,N,1,1,13coinfectionN1shoot,0.2397,0.0161,1488.013,2,48.3,2800,52.9517160275321,-3.5594708759999985,2800,50.16044780753552,-3.3807856236666654,23,37.57515589333333,20888.176712685403,20888.176712685403,2984.0252446693435,0,1,8.001028421297699,3089.0530483119496,8.035619866067318,2984
PAV,12,3,coinfection,1,0,N,1,2,13coinfectionN2shoot,0.1425,0.0132,1058.803,2,47.4,2800,52.211848476274724,-3.592351510388887,2800,49.45773254949748,-3.4075128553333314,24,37.79426574666667,10313.614772753204,10313.614772753204,1473.3735389647434,0,1,7.2953099749213965,1554.1914967982527,7.348710751648512,1473
PAV,12,3,coinfection,1,0,N,3,4,33coinfectionN4shoot,0.2223,0.0178,1027.073,2,49.3,2800,50.87939654581369,-3.364814314000001,2800,51.71905653844353,-3.58935585048148,18,37.90108744333333,7195.574427918128,7195.574427918128,1027.939203988304,0,1,6.935311304177068,1042.5346896433102,6.9494102285565695,1028
PAV,12,3,coinfection,1,0,N,4,5,43coinfectionN5shoot,0.3304,0.0153,1597.927,2,48.3,2800,52.9517160275321,-3.5594708759999985,2800,50.16044780753552,-3.3807856236666654,23,39.294892626666666,6866.834919788622,6866.834919788622,980.9764171126602,0,1,6.888548419635897,1015.5035373837063,6.923139864405516,981
PAV,12,3,coinfection,1,1,N+P,1,2,13coinfectionN+P2shoot,0.1252,0.0157,763.612,3,48,2800,52.9517160275321,-3.5594708759999985,2800,50.16044780753552,-3.3807856236666654,23,37.849259696666664,17494.18186392538,17494.18186392538,2499.1688377036257,0,1,7.823713490659029,2603.3008726079433,7.864535485179284,2499
PAV,12,3,coinfection,1,1,N+P,2,3,23coinfectionN+P3shoot,0.2483,0.016,1436.058,3,48.7,2800,50.86659032166355,-3.2532892863333336,2800,49.73738099187795,-3.558046975999998,21,38.903526305,4755.772843394829,4755.772843394829,679.3961204849755,0,1,6.521204345502608,697.5319512166072,6.54754832084221,679
PAV,12,3,PAV,0,0,low,1,2,13PAVlow2shoot,0.1351,0.0307,1014.796,2,46.5,2800,50.22608974830922,-3.560085041666667,NA,NA,NA,17,35.16735331333334,16977.787785400527,16977.787785400527,2425.398255057218,0,0,7.79375101877707,2607.9551129647507,7.8663217116119055,2425
PAV,12,3,PAV,0,0,low,3,4,33PAVlow4shoot,0.2916,0.0278,1281.934,2,48.1,2800,50.22608974830922,-3.560085041666667,NA,NA,NA,17,37.68317413,3335.851746501447,3335.851746501447,476.5502495002067,0,0,6.166573172938648,495.3744797299446,6.205314001255078,477
PAV,12,3,PAV,0,0,low,4,5,43PAVlow5shoot,0.179,0.0124,988.205,2,47.1,2800,50.22608974830922,-3.560085041666667,NA,NA,NA,17,36.39140447,7692.273541441689,7692.273541441689,1098.8962202059556,0,0,7.002061518830943,1166.556497033923,7.061811523236717,1099
PAV,12,3,PAV,0,0,low,5,6,53PAVlow6shoot,0.2978,0.0218,NA,NA,54.3,2800,53.470203207138084,-3.4629721319999986,NA,NA,NA,36,36.75108083,67292.87443161501,67292.87443161501,9613.267775945002,0,0,9.170899483284327,8851.996110446595,9.088398261772582,9613
PAV,12,3,PAV,0,0,low,5,7,53PAVlow7shoot,0.2302,0.0167,NA,NA,49.3,2800,53.470203207138084,-3.4629721319999986,NA,NA,NA,36,37.19759114666667,50006.97832513183,50006.97832513183,7143.8540464474045,0,0,8.874007692119108,7245.288079561262,8.88810661649861,7144
PAV,12,3,PAV,0,1,P,1,2,13PAVP2shoot,0.1932,0.0303,1156.034,2,49.6,2800,48.97662263167208,-3.3588090899999994,NA,NA,NA,13,34.96268209,14869.434597626565,14869.434597626565,2124.2049425180808,0,0,7.661152866651553,2141.3356275383876,7.669185038348817,2124
PAV,12,3,PAV,0,1,P,2,3,23PAVP3shoot,0.2215,0.0136,1294.632,2,48.1,2800,50.22608974830922,-3.560085041666667,NA,NA,NA,17,35.096584316666664,17772.951574807234,17772.951574807234,2538.993082115319,0,0,7.839522857051624,2639.285948144822,7.878263685368054,2539
PAV,12,3,PAV,0,1,P,3,4,33PAVP4shoot,0.1765,0.0147,886.403,2,47,2800,49.60374995845039,-3.348891957999999,NA,NA,NA,15,37.3909874,4434.1152528568755,4434.1152528568755,633.4450361224108,0,0,6.451173233759423,673.8776980025647,6.51304863747751,633
PAV,12,3,PAV,0,1,P,5,6,53PAVP6shoot,0.2704,0.0177,NA,NA,52.1,2800,53.470203207138084,-3.4629721319999986,NA,NA,NA,36,37.58764902666667,38582.81196795362,38582.81196795362,5511.830281136231,0,0,8.614652021424135,5289.664377290049,8.573510078092959,5512
PAV,12,3,PAV,0,1,P,5,7,53PAVP7shoot,0.2404,0.0157,NA,NA,49.5,2800,53.470203207138084,-3.4629721319999986,NA,NA,NA,36,37.962345123333336,30074.135425843997,30074.135425843997,4296.305060834857,0,0,8.365510644103997,4339.7020816513705,8.3755609799575,4296
PAV,12,3,PAV,1,0,N,1,1,13PAVN1shoot,0.2357,0.0175,1669.571,3,47.4,2800,50.22608974830922,-3.560085041666667,NA,NA,NA,17,34.88001124,20445.288268868248,20445.288268868248,2920.7554669811784,0,0,7.97959758336857,3080.9656824695976,8.032998360095686,2921
PAV,12,3,PAV,1,0,N,3,4,33PAVN4shoot,0.2477,0.0188,1278.679,2,48.6,2800,50.34818138034469,-3.3574419663333335,NA,NA,NA,14,38.53932571,3290.1682336260114,3290.1682336260114,470.0240333751445,0,0,6.152783828237496,483.56382034479884,6.181183302759194,470
PAV,12,3,PAV,1,0,N,5,6,53PAVN6shoot,0.2813,0.017,NA,NA,47.1,2800,53.470203207138084,-3.4629721319999986,NA,NA,NA,36,36.776462556666665,66166.72153776624,66166.72153776624,9452.388791109463,0,0,9.154022770671755,10034.383005424057,9.213772775077528,9452
PAV,12,3,PAV,1,0,N,5,7,53PAVN7shoot,0.3425,0.0175,NA,NA,47,2800,53.470203207138084,-3.4629721319999986,NA,NA,NA,36,38.46909078,21471.41015786684,21471.41015786684,3067.3443082666918,0,0,8.028567420045693,3263.132242836906,8.09044282376378,3067
PAV,12,3,PAV,1,1,N+P,1,1,13PAVN+P1shoot,0.2365,0.0291,1557.79,3,49.6,2800,49.60374995845039,-3.348891957999999,NA,NA,NA,15,37.57778167666667,3899.680641819145,3899.680641819145,557.0972345455922,0,0,6.322739792996485,561.5899541790244,6.330771964693749,557
PAV,12,3,PAV,1,1,N+P,1,2,13PAVN+P2shoot,0.202,0.0252,1309.048,2,48.9,2800,50.34818138034469,-3.3574419663333335,NA,NA,NA,14,36.82959238666667,10628.08454079849,10628.08454079849,1518.2977915426416,0,0,7.325345112327802,1552.4517295937032,7.347590721275122,1518
PAV,12,3,PAV,1,1,N+P,4,5,43PAVN+P5shoot,0.4052,0.0206,1754.098,3,51.3,2800,49.60374995845039,-3.348891957999999,NA,NA,NA,15,36.819347379999996,6569.045169591602,6569.045169591602,938.4350242273716,0,0,6.844213619988218,914.6540197147872,6.818545873239641,938
PAV,16,4,coinfection,0,0,low,2,3,24coinfectionlow3shoot,0.2307,0.0219,1318.572,2,48,2800,48.9850770018075,-3.0088815262222224,2800,51.57720035970756,-3.5260478969999998,22,36.371985116666664,15557.995670714665,15557.995670714665,2222.570810102095,0,1,7.706419827443895,2315.1779271896826,7.74724182196415,2223
PAV,16,4,coinfection,0,0,low,4,5,44coinfectionlow5shoot,0.2351,0.0119,1381.174,2,47,2800,50.86659032166355,-3.2532892863333336,2800,49.73738099187795,-3.558046975999998,21,36.361632029999996,28744.29376413672,28744.29376413672,4106.32768059096,0,1,8.320284399701707,4368.433702756341,8.382159803419794,4106
PAV,16,4,coinfection,0,0,low,5,6,54coinfectionlow6shoot,0.2779,0.0145,NA,NA,48.9,2800,53.29624884074607,-3.534526507333334,2800,51.224510321393424,-3.509619395666665,38,39.496620175000004,8021.154065128633,8021.154065128633,1145.8791521612334,0,1,7.043927439847957,1171.655574806987,7.066173048795277,1146
PAV,16,4,coinfection,0,1,P,1,1,14coinfectionP1shoot,0.162,0.0177,1013.252,3,49,2800,52.999059720874435,-3.3933433428888917,2800,51.22810233179825,-3.3048075430370365,27,37.90129471,28133.90410142632,28133.90410142632,4019.1291573466174,0,1,8.298820530620219,4101.1522013741,8.319023237937738,4019
PAV,16,4,coinfection,0,1,P,1,2,14coinfectionP2shoot,0.2148,0.0143,1269.182,2,50.4,2800,52.396041698335196,-3.4743881866666664,2800,49.87804498427564,-3.345626683222222,25,39.57015228,4915.337802917811,4915.337802917811,702.1911147025445,0,1,6.554205610140382,696.6181693477623,6.546237440491206,702
PAV,16,4,coinfection,0,1,P,2,3,24coinfectionP3shoot,0.2406,0.0303,1371.648,2,47.8,2800,52.155716614930085,-3.531808133222223,2800,53.07666939625254,-3.84486738162963,26,37.837106705,11328.875364343528,11328.875364343528,1618.4107663347897,0,1,7.389199938287407,1692.8982911451776,7.434197304218143,1618
PAV,16,4,coinfection,1,0,N,1,1,14coinfectionN1shoot,0.1879,0.0112,1183.528,2,49,2800,52.211848476274724,-3.592351510388887,2800,49.45773254949748,-3.4075128553333314,24,36.114947,30260.877288892356,30260.877288892356,4322.982469841765,0,1,8.371700829568447,4411.206601879352,8.391903536885966,4323
PAV,16,4,coinfection,1,0,N,1,2,14coinfectionN2shoot,0.1954,0.0165,1107.498,2,51.1,2800,52.211848476274724,-3.592351510388887,2800,49.45773254949748,-3.4075128553333314,24,38.07861201,8595.233222890347,8595.233222890347,1227.8904604129068,0,1,7.1130529031102325,1201.4583761378735,7.09129141132872,1228
PAV,16,4,coinfection,1,0,N,4,5,44coinfectionN5shoot,0.2694,0.012,1388.24,3,48.7,2800,52.879494848272664,-3.458342488666665,28000,54.97219010593116,-3.370307922173914,20,39.430536270000005,7741.857931950861,7741.857931950861,1105.9797045644086,0,1,7.008486831610483,1135.502776760173,7.034830806950085,1106
PAV,16,4,coinfection,1,1,N+P,1,1,14coinfectionN+P1shoot,0.0747,0.0047,556.33,2,45.7,2800,50.86659032166355,-3.2532892863333336,2800,49.73738099187795,-3.558046975999998,21,36.51997884,25696.78604174077,25696.78604174077,3670.9694345343955,0,1,8.208211057266148,4016.377937127347,8.298135764794134,3671
PAV,16,4,coinfection,1,1,N+P,1,2,14coinfectionN+P2shoot,0.2163,0.0172,1225.169,2,48.5,2800,52.879494848272664,-3.458342488666665,28000,54.97219010593116,-3.370307922173914,20,39.62172572,6816.5032708856115,6816.5032708856115,973.7861815550874,0,1,6.881191753419008,1003.9032799536983,6.9116509609037164,974
PAV,16,4,coinfection,1,1,N+P,2,3,24coinfectionN+P3shoot,0.1276,0.0199,826.153,2,47.9,2800,50.87939654581369,-3.364814314000001,2800,51.71905653844353,-3.58935585048148,18,36.88676325666667,14405.082193615266,14405.082193615266,2057.8688848021807,0,1,7.6294262043557675,2148.0886062653244,7.672333705367044,2058
PAV,16,4,PAV,0,0,low,1,1,14PAVlow1shoot,0.2673,0.016,1320.048,2,52.1,2800,49.67861051029473,-3.3854052233333336,NA,NA,NA,16,37.268772125,4631.138071515557,4631.138071515557,661.5911530736511,0,0,6.494647771603224,634.9243311647323,6.453505828272049,662
PAV,16,4,PAV,0,0,low,1,2,14PAVlow2shoot,0.1659,0.0128,1033.327,2,52.8,2800,48.97662263167208,-3.3588090899999994,NA,NA,NA,13,37.09537888,3446.182043710132,3446.182043710132,492.3117205300188,0,0,6.199112094179352,466.2042808049421,6.144623908895283,492
PAV,16,4,PAV,0,0,low,2,3,24PAVlow3shoot,0.1641,0.0217,881.772,3,47.6,2800,48.97662263167208,-3.3588090899999994,NA,NA,NA,13,35.97555796333334,7425.6832285839,7425.6832285839,1060.8118897977,0,0,6.966789827699951,1114.2982035690125,7.015980071890722,1061
PAV,16,4,PAV,0,1,P,1,2,14PAVP2shoot,0.2613,0.0135,1316.942,3,46.4,2800,48.97662263167208,-3.3588090899999994,NA,NA,NA,13,36.77183151,4301.958510483667,4301.958510483667,614.5655014976667,0,0,6.42091551648682,662.2473076483477,6.4956390626827565,615
PAV,16,4,PAV,0,1,P,4,5,44PAVP5shoot,0.3841,0.0171,1741.51,3,53.3,2800,48.97662263167208,-3.3588090899999994,NA,NA,NA,13,35.51055399333333,10213.616027531818,10213.616027531818,1459.0880039331169,0,0,7.285566864683933,1368.750472732755,7.22165353894028,1459
PAV,16,4,PAV,0,1,P,5,6,54PAVP6shoot,0.2093,0.0174,NA,NA,54.1,2800,53.470203207138084,-3.4629721319999986,NA,NA,NA,36,36.44876989,82274.86812631937,82274.86812631937,11753.552589474197,0,0,9.371910821914705,10862.802762915155,9.293099641490414,11754
PAV,16,4,PAV,1,0,N,1,1,14PAVN1shoot,0.3526,0.019,1686.697,3,51.2,2800,49.60374995845039,-3.348891957999999,NA,NA,NA,15,36.84247589333333,6465.407906547432,6465.407906547432,923.6297009353474,0,0,6.828311234753834,901.9821298196752,6.804594708136519,924
PAV,16,4,PAV,1,0,N,2,3,24PAVN3shoot,0.0378,0.0046,100.158,1,29.6,2800,50.34818138034469,-3.3574419663333335,NA,NA,NA,14,37.603160855,6252.459371440175,6252.459371440175,893.2084816343107,0,0,6.794820015704965,1508.7981108687682,7.319068659803096,893
PAV,16,4,PAV,1,0,N,5,6,54PAVN6shoot,0.2622,0.0181,NA,NA,51.4,2800,53.470203207138084,-3.4629721319999986,NA,NA,NA,36,35.77794011666666,128523.40753828819,128523.40753828819,18360.486791184027,0,0,9.817956177504048,17860.39571126851,9.790341010471074,18360
PAV,16,4,PAV,1,1,N+P,2,3,24PAVN+P3shoot,0.3888,0.1044,1875.257,3,53.6,2800,50.34818138034469,-3.3574419663333335,NA,NA,NA,14,37.50665664666666,6680.273628410118,6680.273628410118,954.3248040585884,0,0,6.861004078973289,890.2283619949518,6.791478016324678,954
PAV,16,4,PAV,1,1,N+P,4,5,44PAVN+P5shoot,0.2908,0.0119,1522.903,3,50.9,2800,51.38179051920926,-3.4672812150000007,2800,49.968065771911625,-3.525420062,31,38.75143051,4392.657278974192,4392.657278974192,627.5224684248846,0,0,6.441779476619707,616.4267862719888,6.423939558491376,628
PAV,16,4,PAV,1,1,N+P,5,6,54PAVN+P6shoot,0.3586,0.0188,NA,NA,49.8,2800,53.470203207138084,-3.4629721319999986,NA,NA,NA,36,36.07335535666667,105602.78766241168,105602.78766241168,15086.112523201667,0,0,9.621529899168848,15146.699320483602,9.625537920566387,15086
PAV,19,5,coinfection,0,0,low,2,3,25coinfectionlow3shoot,0.0877,0.0116,644.579,2,41.3,2800,49.796860060958295,-3.144371795666668,2800,52.89612035071825,-3.4712520312962956,19,36.80377197333333,13557.29208503268,13557.29208503268,1936.7560121475256,0,1,7.568769693752722,2344.7409348032998,7.759930199213881,1937
PAV,19,5,coinfection,0,1,P,1,1,15coinfectionP1shoot,0.1601,0.0129,859.282,2,17.2,2800,48.9850770018075,-3.0088815262222224,2800,51.57720035970756,-3.5260478969999998,22,38.30895615,3533.478606266346,3533.478606266346,504.7826580380494,0,1,6.2241279565125796,1467.3914477850274,7.291241578121318,505
PAV,19,5,coinfection,0,1,P,4,5,45coinfectionP5shoot,0.2218,0.1037,1285.263,2,50.9,2800,49.796860060958295,-3.144371795666668,2800,52.89612035071825,-3.4712520312962956,19,38.68211746,3426.1428219684776,3426.1428219684776,489.44897456692536,0,1,6.193280216633073,480.7946704979621,6.175440298504742,489
PAV,19,5,coinfection,1,0,N,1,1,15coinfectionN1shoot,0.3568,0.0292,1794.872,3,51,2800,51.34012946917131,-3.5167511616666647,2800,53.4943096934593,-3.772950433592596,44,38.380773545,4842.129128792737,4842.129128792737,691.7327326846768,0,1,6.53919965656969,678.1693457692909,6.51939702927351,692
PAV,19,5,coinfection,1,0,N,1,2,15coinfectionN2shoot,0.3287,0.0252,1626.58,3,52,2800,52.211848476274724,-3.592351510388887,2800,49.45773254949748,-3.4075128553333314,24,37.75136439,10601.15835984651,10601.15835984651,1514.451194263787,0,1,7.322808404305108,1456.2030714074876,7.283587691151826,1514
PAV,19,5,coinfection,1,0,N,5,6,55coinfectionN6shoot,0.3861,0.0163,NA,NA,48.8,2800,55.29559506087862,-3.4535579345374523,2800,51.96716876869854,-3.3692454026666625,39,42.67062378,4525.243522502692,4525.243522502692,646.4633603575274,0,1,6.47151652275829,662.3600003663191,6.495809215327335,646
PAV,19,5,coinfection,1,1,N+P,2,3,25coinfectionN+P3shoot,0.2225,0.0204,1378.179,2,46.4,2800,52.879494848272664,-3.458342488666665,28000,54.97219010593116,-3.370307922173914,20,37.97265752333333,20436.16411723377,20436.16411723377,2919.4520167476812,0,1,7.979151212153585,3145.9612249436223,8.053874758349522,2919
PAV,19,5,coinfection,1,1,N+P,4,5,45coinfectionN+P5shoot,0.19,0.0348,1048.17,3,52.7,2800,52.999059720874435,-3.3933433428888917,2800,51.22810233179825,-3.3048075430370365,27,40.45832570333334,4962.342617435848,4962.342617435848,708.9060882051211,0,1,6.563723061066611,672.586421446984,6.511130610947441,709
PAV,19,5,PAV,0,0,low,1,2,15PAVlow2shoot,0.2094,0.0137,1332.433,3,44.1,2800,51.38179051920926,-3.4672812150000007,2800,49.968065771911625,-3.525420062,31,38.117585500000004,6691.674692947102,6691.674692947102,955.9535275638717,0,0,6.86270930053497,1083.8475369204896,6.988272523510315,956
PAV,19,5,PAV,0,0,low,2,3,25PAVlow3shoot,0.1407,0.0116,876.405,2,49,2800,50.22608974830922,-3.560085041666667,NA,NA,NA,17,35.154534659999996,17119.132766905648,17119.132766905648,2445.5903952722356,0,0,7.802041843218666,2495.500403339016,7.822244550536185,2446
PAV,19,5,PAV,0,0,low,3,4,35PAVlow4shoot,0.2697,0.035,1674.236,3,46.6,2800,49.67861051029473,-3.3854052233333336,NA,NA,NA,16,37.67242813,3519.2778191955376,3519.2778191955376,502.7539741707911,0,0,6.220100933486344,539.4355946038531,6.29052339778289,503
PAV,19,5,PAV,0,0,low,5,6,55PAVlow6shoot,0.2986,0.0227,NA,NA,46.7,2800,53.470203207138084,-3.4629721319999986,NA,NA,NA,36,37.66992950333333,36528.6651010567,36528.6651010567,5218.380728722385,0,0,8.559942427527494,5587.131401201697,8.62822126828079,5218
PAV,19,5,PAV,0,0,low,5,7,55PAVlow7shoot,0.3644,0.0182,NA,NA,49.8,2800,53.470203207138084,-3.4629721319999986,NA,NA,NA,36,37.443892160000004,42452.810255748664,42452.810255748664,6064.687179392667,0,0,8.710238242041804,6089.043352803883,8.7142462634393425,6065
PAV,19,5,PAV,0,1,P,2,3,25PAVP3shoot,0.1431,0.0197,966.031,2,45.9,2800,50.34818138034469,-3.3574419663333335,NA,NA,NA,14,38.271572113333335,3953.3693425010174,3953.3693425010174,564.7670489287168,0,0,6.336413343345247,615.2146502491469,6.421971231706894,565
PAV,19,5,PAV,0,1,P,3,4,35PAVP4shoot,0.2651,0.025,1343.182,3,46.9,2800,48.97662263167208,-3.3588090899999994,NA,NA,NA,13,36.88866043,3970.849045163431,3970.849045163431,567.2641493090616,0,0,6.340825067040465,604.7592210117928,6.404830397016378,567
PAV,19,5,PAV,0,1,P,4,5,45PAVP5shoot,0.1358,0.0348,851.965,2,47.8,2800,49.60374995845039,-3.348891957999999,NA,NA,NA,15,36.67991384,7229.994580658212,7229.994580658212,1032.8563686654588,0,0,6.940083416534036,1080.3936910726559,6.985080782464773,1033
PAV,19,5,PAV,0,1,P,5,6,55PAVP6shoot,0.3267,0.0213,NA,NA,47.6,2800,53.470203207138084,-3.4629721319999986,NA,NA,NA,36,36.95339838666667,58822.83919614478,58822.83919614478,8403.262742306397,0,0,9.036375331118366,8826.956662086552,9.085565575309138,8403
PAV,19,5,PAV,1,0,N,1,2,15PAVN2shoot,0.2662,0.0162,NA,3,51.5,2800,50.22608974830922,-3.560085041666667,NA,NA,NA,17,34.32188161333333,29333.742699634324,29333.742699634324,4190.534671376332,0,0,8.340583611308894,4068.480263472167,8.311024809067348,4191
PAV,19,5,PAV,1,0,N,3,4,35PAVN4shoot,0.3647,0.0264,1447.076,3,51,2800,48.97662263167208,-3.3588090899999994,NA,NA,NA,13,35.40638605666667,10969.65278297596,10969.65278297596,1567.0932547108514,0,0,7.35697775220675,1536.365935991031,7.33717512491057,1567
PAV,19,5,PAV,1,0,N,4,5,45PAVN5shoot,0.1955,0.0198,969.946,2,50.1,2800,54.443033163112105,-3.0831486584444425,28000,54.8519049823941,-3.428139813999994,04,42.17869186,9503.037843327373,9503.037843327373,1357.5768347610533,0,0,7.213456650398665,1354.8671005599333,7.211458647735991,1358
PAV,19,5,PAV,1,0,N,5,6,55PAVN6shoot,0.4344,0.0173,NA,NA,47.5,2800,53.470203207138084,-3.4629721319999986,NA,NA,NA,36,35.84939066333333,122560.21324318938,122560.21324318938,17508.6018918842,0,0,9.77044757582612,18430.107254614944,9.821740870213672,17509
PAV,19,5,PAV,1,1,N+P,1,2,15PAVN+P2shoot,0.1988,0.0116,1214.616,3,52.2,2800,49.67861051029473,-3.3854052233333336,NA,NA,NA,16,35.167568206666665,19335.39899414166,19335.39899414166,2762.199856305951,0,0,7.923782690622232,2645.785302975049,7.880723201161786,2762
PAV,19,5,PAV,1,1,N+P,2,3,25PAVN+P3shoot,0.3521,0.0204,1860.981,3,51.2,2800,48.97662263167208,-3.3588090899999994,NA,NA,NA,13,35.99560292666666,7324.340747700369,7324.340747700369,1046.3343925286242,0,0,6.953048280465741,1021.8109302037345,6.929331753848425,1046
PAV,19,5,PAV,1,1,N+P,4,5,45PAVN+P5shoot,0.4681,0.1215,2486.032,3,51.5,2800,48.97662263167208,-3.3588090899999994,NA,NA,NA,13,35.83734258,8163.690559793523,8163.690559793523,1166.2415085419318,0,0,7.061541471142062,1132.2733092640115,7.031982668900518,1166
PAV,19,5,PAV,1,1,N+P,5,6,55PAVN+P6shoot,0.2933,0.0137,NA,NA,51,2800,53.470203207138084,-3.4629721319999986,NA,NA,NA,36,36.57397969666667,75702.53941994887,75702.53941994887,10814.648488564124,0,0,9.28865683564574,10602.596557415807,9.26885420834956,10815
PAV,19,5,PAV,1,1,N+P,5,7,55PAVN+P7shoot,0.4516,0.0195,NA,NA,47.8,2800,53.470203207138084,-3.4629721319999986,NA,NA,NA,36,36.17125193333333,98947.73513333344,98947.73513333344,14135.390733333348,0,0,9.556436912712263,14785.973570432374,9.601434278643,14135
PAV,22,6,coinfection,0,0,low,1,1,16coinfectionlow1shoot,0.1947,0.0182,1133.031,3,52.3,28000,52.13787768317112,-3.5050912220000052,2800,51.016664544847124,-3.3567030586666666,28,35.84319178333333,44551.48102724318,44551.48102724318,6364.497289606168,0,1,8.758490527449164,6084.605439394043,8.713517161806433,6364
PAV,22,6,coinfection,0,0,low,1,2,16coinfectionlow2shoot,0.2055,0.0195,1348.436,2,34.1,2800,52.155716614930085,-3.531808133222223,2800,53.07666939625254,-3.84486738162963,26,38.09258779,9590.684541552393,9590.684541552393,1370.0977916503418,0,1,7.222637397041358,2008.9410434755744,7.605363018180032,1370
PAV,22,6,coinfection,0,0,low,2,3,26coinfectionlow3shoot,0.0955,0.0032,713.82,2,50.5,2800,52.999059720874435,-3.3933433428888917,2800,51.22810233179825,-3.3048075430370365,27,37.64307785,33521.62938031766,33521.62938031766,4788.804197188237,0,1,8.474036013557338,4741.390294245779,8.46408568270417,4789
PAV,22,6,coinfection,0,1,P,4,5,46coinfectionP5shoot,0.2497,0.0132,1247.245,2,46.6,2800,52.396041698335196,-3.4743881866666664,2800,49.87804498427564,-3.345626683222222,25,37.42616908,20353.335751750128,20353.335751750128,2907.619393107161,0,1,7.9750899473870955,3119.7632973252803,8.045512411683642,2908
PAV,22,6,coinfection,1,0,N,1,1,16coinfectionN1shoot,0.2521,0.0287,1613.971,3,49.5,2800,51.34012946917131,-3.5167511616666647,2800,53.4943096934593,-3.772950433592596,44,39.15394592,2918.6512637806154,2918.6512637806154,416.9501805400879,0,1,6.03296674353467,421.1617985253413,6.0430170793881715,417
PAV,22,6,coinfection,1,0,N,2,3,26coinfectionN3shoot,0.209,0.0241,1047.282,2,51.3,2800,52.155716614930085,-3.531808133222223,2800,53.07666939625254,-3.84486738162963,26,36.11518224,34812.4321932048,34812.4321932048,4973.204599029256,0,1,8.511819699840933,4847.177971763408,8.486151953092357,4973
PAV,22,6,coinfection,1,0,N,4,5,46coinfectionN5shoot,0.341,0.0169,1509.077,2,51.5,2800,52.999059720874435,-3.3933433428888917,2800,51.22810233179825,-3.3048075430370365,27,35.983687083333336,103356.70089902238,103356.70089902238,14765.242985574627,0,1,9.600031250905097,14335.18736463556,9.570472448663553,14765
PAV,22,6,coinfection,1,1,N+P,3,4,36coinfectionN+P4shoot,0.3025,0.0128,1340.312,2,51.2,2800,48.9850770018075,-3.0088815262222224,2800,51.57720035970756,-3.5260478969999998,22,38.26657486,3649.9579651002564,3649.9579651002564,521.4225664428938,0,1,6.256560781044021,509.2017250418884,6.232844254426705,521
PAV,22,6,PAV,0,0,low,2,3,26PAVlow3shoot,0.164,0.0193,1028.083,2,49.8,2800,48.97662263167208,-3.3588090899999994,NA,NA,NA,13,37.102867125,3428.536526650549,3428.536526650549,489.79093237864987,0,0,6.193978631440719,491.7579642355923,6.197986652838258,490
PAV,22,6,PAV,0,0,low,3,4,36PAVlow4shoot,0.3005,0.0344,1567.004,3,48.9,2800,49.67861051029473,-3.3854052233333336,NA,NA,NA,16,37.499996185,3957.19515091946,3957.19515091946,565.3135929884943,0,0,6.337380609011284,578.030258679442,6.359626217958604,565
PAV,22,6,PAV,0,0,low,4,5,46PAVlow5shoot,0.3856,0.0211,2028.925,3,51.2,2800,50.34818138034469,-3.3574419663333335,NA,NA,NA,14,38.03737767333333,4642.171930519603,4642.171930519603,663.1674186456576,0,0,6.497027475119805,647.62443227115,6.47331094850249,663
PAV,22,6,PAV,0,1,P,3,4,36PAVP4shoot,0.232,0.0156,1414.789,3,49.2,2800,49.60374995845039,-3.348891957999999,NA,NA,NA,15,36.190657296666664,10121.223689974822,10121.223689974822,1445.8890985678318,0,0,7.276479704457855,1469.3994904144631,7.292609086387738,1446
PAV,22,6,PAV,0,1,P,4,5,46PAVP5shoot,0.3115,0.0194,1407.628,3,47.4,2800,49.67861051029473,-3.3854052233333336,NA,NA,NA,16,37.484041850000004,4000.3698853783467,4000.3698853783467,571.4814121969067,0,0,6.34823195811609,602.8284938785937,6.401632734843205,571
PAV,22,6,PAV,1,0,N,3,4,36PAVN4shoot,0.2229,0.012,1255.516,2,49,2800,50.22608974830922,-3.560085041666667,NA,NA,NA,17,36.97925059333333,5259.365443009436,5259.365443009436,751.3379204299193,0,0,6.621855511187934,766.6713473774687,6.642058218505453,751
PAV,22,6,PAV,1,0,N,4,5,46PAVN5shoot,0.2224,0.0112,1292.808,3,48.9,2800,48.97662263167208,-3.3588090899999994,NA,NA,NA,13,35.76330693333333,8588.726354612474,8588.726354612474,1226.960907801782,0,0,7.1122955842211235,1254.561255421045,7.1345411931684435,1227
PAV,22,6,PAV,1,1,N+P,1,1,16PAVN+P1shoot,0.388,0.0296,2179.416,3,50.8,2800,49.67861051029473,-3.3854052233333336,NA,NA,NA,16,38.00376129333333,2809.1989826906934,2809.1989826906934,401.31414038438476,0,0,5.994744513094606,394.99423266179605,5.978871163938316,401
PAV,22,6,PAV,1,1,N+P,3,4,36PAVN+P4shoot,0.3325,0.0146,1724.169,3,50.7,2800,49.60374995845039,-3.348891957999999,NA,NA,NA,15,35.17105993,20402.86464584551,20402.86464584551,2914.6949494065016,0,0,7.977520444734449,2874.452612826925,7.963617539565458,2915
PAV,22,6,PAV,1,1,N+P,4,5,46PAVN+P5shoot,0.5062,0.0129,2546.929,3,51.4,2800,51.38179051920926,-3.4672812150000007,2800,49.968065771911625,-3.525420062,31,36.46334203,20074.089637621117,20074.089637621117,2867.727091088731,0,0,7.961275040667689,2789.6177928878706,7.933659873634716,2868
PAV,22,6,PAV,1,1,N+P,5,6,56PAVN+P6shoot,0.352,0.0195,NA,NA,51.9,2800,53.470203207138084,-3.4629721319999986,NA,NA,NA,36,37.25265757333334,48209.110694506744,48209.110694506744,6887.015813500963,0,0,8.837393151679853,6634.889993738886,8.800097366936155,6887
PAV,26,7,coinfection,0,0,low,1,1,17coinfectionlow1shoot,0.1862,0.0154,1135.967,3,48.9,2800,50.37211045984439,-3.366426213999998,2800,49.476777238956124,-3.068125512222223,30,30.82265472,641480.9887035833,641480.9887035833,91640.14124336904,0,1,11.42562467785137,93701.57591346528,11.447870286798691,91640
PAV,26,7,coinfection,0,0,low,2,3,27coinfectionlow3shoot,0.1309,0.0101,842.738,NA,50.5,2800,51.38179051920926,-3.4672812150000007,2800,49.968065771911625,-3.525420062,31,37.784337995,8349.238556473318,8349.238556473318,1192.748365210474,0,1,7.084015473789932,1180.938975455915,7.074065142936764,1193
PAV,26,7,coinfection,0,0,low,4,5,47coinfectionlow5shoot,0.2894,0.0301,1720.706,3,50,2800,49.796860060958295,-3.144371795666668,2800,52.89612035071825,-3.4712520312962956,19,38.30445862,4517.641413147677,4517.641413147677,645.3773447353824,0,1,6.46983517632958,645.3773447353824,6.46983517632958,645
PAV,26,7,coinfection,0,1,P,1,1,17coinfectionP1shoot,0.1031,0.0119,826.695,2,51.4,2800,52.999059720874435,-3.3933433428888917,2800,51.22810233179825,-3.3048075430370365,27,38.86208471,14658.528186702822,14658.528186702822,2094.0754552432604,0,1,7.646867424803842,2037.0383805868291,7.619252257770868,2094
PAV,26,7,coinfection,0,1,P,4,5,47coinfectionP5shoot,0.3826,0.0209,1850.317,3,52.7,2800,52.9517160275321,-3.5594708759999985,2800,50.16044780753552,-3.3807856236666654,23,38.387058259999996,12353.902468451439,12353.902468451439,1764.843209778777,0,1,7.475817132434985,1674.4242977028246,7.423224682315815,1765
PAV,26,7,coinfection,1,0,N,1,2,17coinfectionN2shoot,0.2045,0.0141,1036.465,3,47.2,2800,52.211848476274724,-3.592351510388887,2800,49.45773254949748,-3.4075128553333314,24,39.55118179,3344.56468910734,3344.56468910734,477.7949555867629,0,1,6.16918167725281,506.13872413852,6.226810790089447,478
PAV,26,7,coinfection,1,0,N,4,5,47coinfectionN5shoot,0.2289,0.0156,1447.793,3,47.1,28000,52.13787768317112,-3.5050912220000052,2800,51.016664544847124,-3.3567030586666666,28,36.175573345000004,35812.441166692886,35812.441166692886,5116.06302381327,0,1,8.540140481585574,5431.064781118121,8.599890485991349,5116
PAV,26,7,coinfection,1,1,N+P,1,2,17coinfectionN+P2shoot,0.2392,0.028,1449.097,3,49.1,2800,52.879494848272664,-3.458342488666665,28000,54.97219010593116,-3.370307922173914,20,40.13640022,4838.831500896202,4838.831500896202,691.2616429851716,0,1,6.538518396072884,703.9324266651442,6.556682366700555,691
PAV,26,7,coinfection,1,1,N+P,2,3,27coinfectionN+P3shoot,0.2044,NA,1449.416,NA,47.1,2800,49.796860060958295,-3.144371795666668,2800,52.89612035071825,-3.4712520312962956,19,38.9141655,2890.730212398815,2890.730212398815,412.96145891411646,0,1,6.023354268785926,438.38796063069685,6.0831042731917,413
PAV,26,7,coinfection,1,1,N+P,5,6,57coinfectionN+P6shoot,0.4783,0.0155,NA,NA,47.8,2800,55.29559506087862,-3.4535579345374523,2800,51.96716876869854,-3.3692454026666625,39,42.576669695,4817.780032920786,4817.780032920786,688.2542904172551,0,1,6.534158377809687,719.9312661268359,6.579155743740423,688
PAV,26,7,PAV,0,0,low,3,4,37PAVlow4shoot,0.2521,0.0213,1394.47,3,46.1,2800,50.34818138034469,-3.3574419663333335,NA,NA,NA,14,36.295351663333335,15331.207365078306,15331.207365078306,2190.1724807254723,0,0,7.691735578031406,2375.4582220449806,7.772945633456949,2190
PAV,26,7,PAV,0,0,low,5,6,57PAVlow6shoot,0.2925,0.0191,NA,NA,49.6,2800,51.174255418315916,-3.3517181390000026,NA,NA,NA,42,38.39186732,6511.518625929106,6511.518625929106,930.2169465613008,0,0,6.8354178348150825,937.7186961303436,6.843450006512347,930
PAV,26,7,PAV,0,1,P,1,2,17PAVP2shoot,0.2841,0.0171,1550.161,3,48.8,1000,53.61460039970443,-3.26696056811987,1000,48.158260637525146,-3.2357518895975863,01,42.52687836,2476.8247353982606,2476.8247353982606,990.7298941593042,0,0,6.898441938308538,1015.0921046714184,6.922734630877582,991
PAV,26,7,PAV,0,1,P,3,4,37PAVP4shoot,0.23332,0.0194,1403.458,2,48.6,2800,49.67861051029473,-3.3854052233333336,NA,NA,NA,16,35.14787292333333,19596.15390650814,19596.15390650814,2799.450558072592,0,0,7.9371784476480265,2880.0931667413493,7.965577922169724,2799
PAV,26,7,PAV,0,1,P,4,5,47PAVP5shoot,0.2523,0.0146,1404.465,3,49.3,2800,50.22608974830922,-3.560085041666667,NA,NA,NA,17,33.67398707,44602.16912486028,44602.16912486028,6371.738446408612,0,0,8.759627622856748,6462.209377696361,8.77372654723625,6372
PAV,26,7,PAV,1,0,N,3,4,37PAVN4shoot,0.3547,0.0252,1916.202,3,50.1,2800,50.34818138034469,-3.3574419663333335,NA,NA,NA,14,37.30487633,7671.736404534098,7671.736404534098,1095.9623435048711,0,0,6.999388108801714,1093.774793917037,6.997390106139041,1096
PAV,26,7,PAV,1,0,N,5,6,57PAVN6shoot,0.4169,0.0152,NA,NA,50.9,2800,51.174255418315916,-3.3517181390000026,NA,NA,NA,42,36.934412636666664,17722.311595301813,17722.311595301813,2531.7587993288303,0,0,7.8366695177978745,2486.992926649146,7.818829599669543,2532
PAV,26,7,PAV,1,0,N,5,7,57PAVN7shoot,0.4599,0.0265,NA,NA,47.1,2800,51.174255418315916,-3.3517181390000026,NA,NA,NA,42,38.78384781,4974.31365534833,4974.31365534833,710.6162364783329,0,0,6.566132532296246,754.3696777901622,6.6258825367020195,711
PAV,26,7,PAV,1,1,N+P,1,1,17PAVN+P1shoot,0.2478,0.0249,1276.715,4,16.8,2800,49.67861051029473,-3.3854052233333336,NA,NA,NA,16,37.7458992,3347.7364059967654,3347.7364059967654,478.24805799953793,0,0,6.17012954767341,1423.357315474815,7.260773666692343,478
PAV,26,7,PAV,1,1,N+P,1,2,17PAVN+P2shoot,0.3897,0.014,2045.455,3,50.1,2800,49.67861051029473,-3.3854052233333336,NA,NA,NA,16,37.3711497,4319.633158830811,4319.633158830811,617.0904512615444,0,0,6.425015611639883,615.8587337939565,6.42301760897721,617
PAV,26,7,PAV,1,1,N+P,4,5,47PAVN+P5shoot,0.2359,0.0076,1380.65,3,52.2,2800,50.34818138034469,-3.3574419663333335,NA,NA,NA,14,37.984817505,4812.558778128126,4812.558778128126,687.5083968754465,0,0,6.533074043103154,658.5329471987035,6.490014553642706,688
PAV,29,8,coinfection,0,0,low,1,1,18coinfectionlow1shoot,0.0538,0.0027,514.796,2,30.2,2800,52.879494848272664,-3.458342488666665,28000,54.97219010593116,-3.370307922173914,20,38.72463226,12386.867135726105,12386.867135726105,1769.552447960872,0,1,7.4784819393354525,2929.722595961709,7.982663020382775,1770
PAV,29,8,coinfection,0,0,low,3,4,38coinfectionlow4shoot,0.3377,0.0368,1364.437,3,50.4,28000,52.13787768317112,-3.5050912220000052,2800,51.016664544847124,-3.3567030586666666,28,34.837247213333335,86269.5250086458,86269.5250086458,12324.217858377971,0,1,9.419321537130742,12226.406605533703,9.411353367481565,12324
PAV,29,8,coinfection,0,1,P,3,4,38coinfectionP4shoot,0.3429,0.0445,1787.92,4,51.4,28000,52.13787768317112,-3.5050912220000052,2800,51.016664544847124,-3.3567030586666666,28,36.42729949666667,30354.049369922428,30354.049369922428,4336.292767131776,0,1,8.37477506093507,4218.183625614568,8.347159893902097,4336
PAV,29,8,coinfection,0,1,P,4,5,48coinfectionP5shoot,0.1918,0.0285,1087.051,3,47.7,2800,52.999059720874435,-3.3933433428888917,2800,51.22810233179825,-3.3048075430370365,27,36.80904007,59035.27085980816,59035.27085980816,8433.610122829738,0,1,9.03998020639781,8840.262183259681,9.08707181393166,8434
PAV,29,8,coinfection,1,0,N,1,1,18coinfectionN1shoot,0.1127,0.0068,807.925,3,46.7,2800,50.37211045984439,-3.366426213999998,2800,49.476777238956124,-3.068125512222223,30,37.24409739,7937.584189556748,7937.584189556748,1133.9405985081069,0,1,7.033454100647715,1214.069163284911,7.10173294140101,1134
PAV,29,8,coinfection,1,0,N,1,2,18coinfectionN2shoot,0.4163,0.0145,2285.887,3,52.3,2800,52.999059720874435,-3.3933433428888917,2800,51.22810233179825,-3.3048075430370365,27,34.89121119,216912.90863597413,216912.90863597413,30987.558376567733,0,1,10.341341060216386,29624.81680360204,10.296367694573656,30988
PAV,29,8,coinfection,1,0,N,2,3,28coinfectionN3shoot,0.2298,0.017,1375.892,4,51,1000,54.25433097458645,-3.4464989144862117,1000,49.17542605929204,-2.9215952719616536,02,42.14725494,3257.3339061155793,3257.3339061155793,1302.9335624462317,0,1,7.172373587679266,1277.3858455355212,7.152570960383086,1303
PAV,29,8,coinfection,1,0,N,3,4,38coinfectionN4shoot,0.4762,0.0381,2213.329,3,47.9,2800,52.155716614930085,-3.531808133222223,2800,53.07666939625254,-3.84486738162963,26,36.964585623333335,20009.36783028878,20009.36783028878,2858.4811186126826,0,1,7.95804568533419,2983.800750117623,8.000953186345466,2858
PAV,29,8,coinfection,1,0,N,4,5,48coinfectionN5shoot,0.4686,0.022,2142.78,3,46.2,2800,50.86659032166355,-3.2532892863333336,2800,49.73738099187795,-3.558046975999998,21,38.57228469666667,6012.271018275929,6012.271018275929,858.8958597537041,0,1,6.755647680355047,929.54097375942,6.8346908876954995,859
PAV,29,8,coinfection,1,1,N+P,1,1,18coinfectionN+P1shoot,0.4274,0.0179,2246.529,3,52.5,2800,49.796860060958295,-3.144371795666668,2800,52.89612035071825,-3.4712520312962956,19,36.87773768,12842.505087300067,12842.505087300067,1834.6435839000096,0,1,7.514605509416073,1747.279603714295,7.465815345246641,1835
PAV,29,8,coinfection,1,1,N+P,1,2,18coinfectionN+P2shoot,0.2812,0.01,1764.674,4,49,2800,52.9517160275321,-3.5594708759999985,2800,50.16044780753552,-3.3807856236666654,23,37.61280441,20385.601712164007,20385.601712164007,2912.2288160234298,0,1,7.976673983160694,2971.6620571667654,7.996876690478214,2912
PAV,29,8,coinfection,1,1,N+P,2,3,28coinfectionN+P3shoot,0.1783,0.0121,1044.037,2,50,2800,53.33356800985676,-3.7565678919999974,2800,52.04851390697174,-3.525956916333331,43,39.37520218,5196.64476308801,5196.64476308801,742.3778232982871,0,1,6.609858309390974,742.3778232982871,6.609858309390974,742
PAV,29,8,coinfection,1,1,N+P,4,5,48coinfectionN+P5shoot,0.4124,0.0241,2200.192,3,47.6,2800,52.9517160275321,-3.5594708759999985,2800,50.16044780753552,-3.3807856236666654,23,40.5437088,3061.3529350756808,3061.3529350756808,437.3361335822401,0,1,6.080702083823597,459.38669493932787,6.1298923280143685,437
PAV,29,8,PAV,0,0,low,1,2,18PAVlow2shoot,0.289,0.0334,1749.601,4,29.8,2800,50.22608974830922,-3.560085041666667,NA,NA,NA,17,37.291339875,4298.034666468701,4298.034666468701,614.0049523526716,0,0,6.4200029938355785,1030.2096515984422,6.937517605752365,614
PAV,29,8,PAV,0,0,low,5,6,58PAVlow6shoot,0.3547,0.0213,NA,NA,50.5,2800,51.174255418315916,-3.3517181390000026,NA,NA,NA,42,38.605594635,5622.323013487922,5622.323013487922,803.189001926846,0,0,6.688590056023555,795.2366355711346,6.678639725170387,803
PAV,29,8,PAV,0,1,P,1,2,18PAVP2shoot,0.0985,0.0067,732.151,3,48.3,2800,50.22608974830922,-3.560085041666667,NA,NA,NA,17,36.69226583,6332.061443148368,6332.061443148368,904.5802061640526,0,0,6.807470975491114,936.4184328820421,6.842062420260733,905
PAV,29,8,PAV,0,1,P,3,4,38PAVP4shoot,0.2902,0.0162,1449.429,3,52,2800,50.34818138034469,-3.3574419663333335,NA,NA,NA,14,38.11900075,4389.450242769149,4389.450242769149,627.0643203955926,0,0,6.441049119734491,602.9464619188391,6.4018284065812106,627
PAV,29,8,PAV,0,1,P,4,5,48PAVP5shoot,0.5321,0.0309,2485.427,4,49.4,2800,48.97662263167208,-3.3588090899999994,NA,NA,NA,13,37.17870903,3254.8335349915474,3254.8335349915474,464.9762192845068,0,0,6.141986262955953,470.6237037292579,6.154058844190222,465
PAV,29,8,PAV,0,1,P,5,6,58PAVP6shoot,0.244,0.0152,NA,NA,48.5,2800,51.174255418315916,-3.3517181390000026,NA,NA,NA,42,38.01255417,8449.909370381507,8449.909370381507,1207.129910054501,0,0,7.09600084583975,1244.4638247984547,7.126460053324459,1207
PAV,29,8,PAV,0,1,P,5,7,58PAVP7shoot,0.3692,0.0207,NA,NA,51.4,2800,51.174255418315916,-3.3517181390000026,NA,NA,NA,42,39.05010605,4142.798756563699,4142.798756563699,591.8283937948141,0,0,6.383216717515428,575.708554275111,6.355601550482455,592
PAV,29,8,PAV,1,0,N,1,2,18PAVN2shoot,0.2616,0.0034,1691.001,3,50.6,2800,49.19482930996279,-3.0508223223333335,2800,50.71861645847463,-3.568601969833332,12,37.31090291666667,7858.127610792005,7858.127610792005,1122.5896586845722,0,0,7.023393490533166,1109.278318858273,7.011464919667892,1123
PAV,29,8,PAV,1,0,N,4,5,48PAVN5shoot,0.6444,0.0347,3991.724,4,49.4,2800,49.60374995845039,-3.348891957999999,NA,NA,NA,15,37.14369074333334,5255.950899131464,5255.950899131464,750.8501284473521,0,0,6.621206069195533,759.9697656349717,6.633278650429802,751
PAV,29,8,PAV,1,0,N,5,6,58PAVN6shoot,0.5483,0.019,NA,NA,46.8,2800,51.174255418315916,-3.3517181390000026,NA,NA,NA,42,37.696413676666666,10499.629439044536,10499.629439044536,1499.947062720648,0,0,7.313185094947973,1602.507545641718,7.379324897452518,1500
PAV,29,8,PAV,1,0,N,5,7,58PAVN7shoot,0.6076,0.0207,NA,NA,53.4,2800,51.174255418315916,-3.3517181390000026,NA,NA,NA,42,36.27648417,27849.426075281743,27849.426075281743,3978.4894393259633,0,0,8.288657488377963,3725.1773776460327,8.22286974783996,3978
PAV,29,8,PAV,1,1,N+P,1,2,18PAVN+P2shoot,0.3794,0.00147,2304.306,4,50.6,2800,50.34818138034469,-3.3574419663333335,NA,NA,NA,14,36.00790914,18671.959947766958,18671.959947766958,2667.422849680994,0,0,7.888868060426251,2635.7933297243026,7.876939489560978,2667
PAV,29,8,PAV,1,1,N+P,5,6,58PAVN+P6shoot,0.3931,0.0098,NA,NA,48,2800,51.174255418315916,-3.3517181390000026,NA,NA,NA,42,37.27866618,13989.777063178824,13989.777063178824,1998.5395804541179,0,0,7.600171983036129,2081.8120629730397,7.640993977556385,1999
PAV,29,8,PAV,1,1,N+P,5,7,58PAVN+P7shoot,0.5662,0.02,NA,NA,49.3,2800,51.174255418315916,-3.3517181390000026,NA,NA,NA,42,38.534433365,5904.0098607529435,5904.0098607529435,843.4299801075633,0,0,6.737476887405332,855.4056593382995,6.751575811784834,843
