target,dpi,time,inoc,high_N,high_P,nutrient,round,replicate,sample,shoot_mass_g,root_mass_g,leaf_area_mm2,leaves,mass_ext_mg,PAVmin,PAVint,PAVslope,RPVmin,RPVint,RPVslope,q_group,tech_cycle,quant,quant_adj,quant_zero,co,log_quant,conc,log_conc,quant_rd
RPV,5,1,coinfection,0,0,low,1,1,11coinfectionlow1shoot,0.1597,0.0128,798.214,2,47.5,2800,52.396041698335196,-3.4743881866666664,2800,49.87804498427564,-3.345626683222222,25,34.27772903666666,46014.84816489171,46014.84816489171,0,1,10.736719409580274,968.7336455766675,6.875989698539679,46015
RPV,5,1,coinfection,0,0,low,1,2,11coinfectionlow2shoot,0.1532,0.0133,746.368,2,45.4,2800,49.796860060958295,-3.144371795666668,2800,52.89612035071825,-3.4712520312962956,19,35.540507,99957.10464562879,99957.10464562879,0,1,11.512496419399627,2201.6983402120877,7.696984314352325,99957
RPV,5,1,coinfection,0,0,low,2,3,21coinfectionlow3shoot,0.134,0.0176,679.762,2,50.7,2800,48.9850770018075,-3.0088815262222224,2800,51.57720035970756,-3.5260478969999998,22,36.793266296666665,15587.534820214945,15587.534820214945,0,1,9.654226823840805,307.4464461580857,5.728300913243668,15588
RPV,5,1,coinfection,0,0,low,3,4,31coinfectionlow4shoot,0.2073,0.0185,1046.657,2,52.2,2800,53.33356800985676,-3.7565678919999974,2800,52.04851390697174,-3.525956916333331,43,35.995863596666666,35703.22500303959,35703.22500303959,0,1,10.482996299907256,683.9698276444365,6.527913805018663,35703
RPV,5,1,coinfection,0,1,P,1,1,11coinfectionP1shoot,0.1564,0.0115,707.601,2,48.7,2800,48.9850770018075,-3.0088815262222224,2800,51.57720035970756,-3.5260478969999998,22,37.96534220333333,7250.575000276901,7250.575000276901,0,1,8.88883605508684,148.88244353751335,5.003157024998295,7251
RPV,5,1,coinfection,0,1,P,2,3,21coinfectionP3shoot,0.0942,0.0148,622.46,1,47.2,2800,54.4608237007568,-3.962081251962963,2800,49.79641931559469,-3.1170673473333332,29,35.60479990666666,35717.039356171554,35717.039356171554,0,1,10.48338314678967,756.7169355121091,6.628989254198159,35717
RPV,5,1,coinfection,0,1,P,3,4,31coinfectionP4shoot,0.1573,0.0129,697.557,2,50.2,2800,50.87939654581369,-3.364814314000001,2800,51.71905653844353,-3.58935585048148,18,35.193927763333335,40172.236837990225,40172.236837990225,0,1,10.600931410094532,800.2437617129526,6.684916383396849,40172
RPV,5,1,coinfection,1,0,N,1,2,11coinfectionN2shoot,0.1319,0.011,642.632,2,50.2,2800,52.396041698335196,-3.4743881866666664,2800,49.87804498427564,-3.345626683222222,25,35.225569406666665,23965.73324160237,23965.73324160237,0,1,10.084380307478787,477.40504465343366,6.168365280781103,23966
RPV,5,1,coinfection,1,0,N,2,3,21coinfectionN3shoot,0.1361,0.0121,722.77,2,54.8,1000,53.61460039970443,-3.26696056811987,1000,48.158260637525146,-3.2357518895975863,01,37.729934693333334,1670.4932916344771,1670.4932916344771,0,1,7.420874246005735,30.48345422690652,3.4171840520517653,1670
RPV,5,1,coinfection,1,0,N,3,4,31coinfectionN4shoot,0.1585,0.0111,675.06,2,48.4,28000,52.13787768317112,-3.5050912220000052,2800,51.016664544847124,-3.3567030586666666,28,34.91128667,62802.24286077786,62802.24286077786,0,1,11.047746066162144,1297.567001255741,7.168246252439559,62802
RPV,5,1,coinfection,1,1,N+P,1,1,11coinfectionN+P1shoot,0.1049,0.0067,497.974,1,47.3,2800,52.999059720874435,-3.3933433428888917,2800,51.22810233179825,-3.3048075430370365,27,33.970190683333335,166748.7291747575,166748.7291747575,0,1,12.024243342607944,3525.343111517072,8.167733047110056,166749
RPV,5,1,coinfection,1,1,N+P,2,3,21coinfectionN+P3shoot,0.1683,0.0144,978.173,2,46.2,2800,51.38179051920926,-3.4672812150000007,2800,49.968065771911625,-3.525420062,31,33.68833287666667,41477.60325229561,41477.60325229561,0,1,10.632908879871186,897.7836201795586,6.799929081783493,41478
RPV,5,1,RPV,0,0,low,1,1,11RPVlow1shoot,0.1303,0.0129,547.398,2,48.6,2800,56.15578587325488,-3.476488848,2800,54.27998251009572,-3.6793323785294114,07,38.75926208333333,16533.026476627136,16533.026476627136,0,0,9.713115263991249,340.18572997175175,5.829491733084801,16533
RPV,5,1,RPV,0,0,low,2,3,21RPVlow3shoot,0.1505,0.0128,913.221,2,48,2800,53.91588388787196,-3.352839229851849,2800,54.45703351869864,-3.645049392402595,09,40.44711304,6975.052804367581,6975.052804367581,0,0,8.85009517717956,145.3136000909913,4.978894166271669,6975
RPV,5,1,RPV,0,0,low,3,4,31RPVlow4shoot,0.2293,0.0286,1001.273,2,47.2,2800,53.91588388787196,-3.352839229851849,2800,54.45703351869864,-3.645049392402595,09,37.02935791,60421.36361878421,60421.36361878421,0,0,11.009098023682746,1280.113635991191,7.154704131091237,60421
RPV,5,1,RPV,0,0,low,5,6,51RPVlow6shoot,0.1408,0.0119,NA,NA,48.5,NA,NA,NA,2800,51.922408000958875,-3.4942274306666654,40,39.02901077,4896.8136276229225,4896.8136276229225,0,0,8.496339992497969,100.96522943552418,4.614776194554532,4897
RPV,5,1,RPV,0,1,P,1,1,11RPVP1shoot,0.1233,0.0149,598.165,2,46.1,2800,53.91588388787196,-3.352839229851849,2800,54.45703351869864,-3.645049392402595,09,41.46414820333333,3668.8443558683134,3668.8443558683134,0,0,8.207632002051357,79.58447626612393,4.376819052048754,3669
RPV,5,1,RPV,0,1,P,1,2,11RPVP2shoot,0.1071,0.0155,476.107,2,48.3,2800,56.11142245045284,-3.7056832697407387,2800,53.038864846669526,-3.7361079197058813,05,35.75897852333333,42179.71450198964,42179.71450198964,0,0,10.649694685446313,873.2860145339471,6.772263124787786,42180
RPV,5,1,RPV,0,1,P,3,4,31RPVP4shoot,0.1753,0.0094,820.212,2,49.6,NA,NA,NA,2800,50.61411033768001,-3.4558214213651874,33,33.28587341,103327.64690272803,103327.64690272803,0,0,11.545660256305416,2083.2186875550005,7.641669422574533,103328
RPV,5,1,RPV,0,1,P,4,5,41RPVP5shoot,0.135,0.0183,512.488,2,48.5,NA,NA,NA,2800,50.61411033768001,-3.4558214213651874,33,35.67676544,21007.37334067899,21007.37334067899,0,0,9.95262876654126,433.14171836451527,6.071064968597822,21007
RPV,5,1,RPV,1,0,N,1,1,11RPVN1shoot,0.0566,0.0066,289.26,1,14.1,NA,NA,NA,2800,50.059162536277505,-3.4099823359999992,34,36.22566096,11396.364850590404,11396.364850590404,0,0,9.341049710776632,808.2528262830074,6.69487491339251,11396
RPV,5,1,RPV,1,0,N,5,6,51RPVN6shoot,0.2703,0.0165,NA,NA,52.1,NA,NA,NA,2800,51.922408000958875,-3.4942274306666654,40,39.04038239,4860.25631615301,4860.25631615301,0,0,8.488846455453016,93.28706940792725,4.535681506693695,4860
RPV,5,1,RPV,1,1,N+P,1,1,11RPVN+P1shoot,0.1479,0.0147,624.97,2,50.4,280000,55.570678024402135,-3.193670273333336,2800,53.185587483192926,-3.4022962243749992,08,40.012651445,7443.515686146568,7443.515686146568,0,0,8.91509855467656,147.6888032965589,4.995107379599236,7444
RPV,5,1,RPV,1,1,N+P,3,4,31RPVN+P4shoot,0.2114,0.015,1095.521,2,51.6,NA,NA,NA,2800,50.059162536277505,-3.4099823359999992,34,35.99391937,13326.806966018252,13326.806966018252,0,0,9.497532847046092,258.2714528298111,5.554011174558575,13327
RPV,8,2,coinfection,0,0,low,1,1,12coinfectionlow1shoot,0.1659,0.0382,328.334,1,49.7,2800,54.4608237007568,-3.962081251962963,2800,49.79641931559469,-3.1170673473333332,29,38.444971085,4382.3566869906135,4382.3566869906135,0,1,8.385341915060605,88.176190885123,4.479336981958022,4382
RPV,8,2,coinfection,0,0,low,1,2,12coinfectionlow2shoot,0.0778,0.0791,991.742,2,49.4,1000,53.61460039970443,-3.26696056811987,1000,48.158260637525146,-3.2357518895975863,01,38.03885015,1340.8348363546033,1340.8348363546033,0,1,7.20104771115835,27.14240559422274,3.301097286964473,1341
RPV,8,2,coinfection,0,0,low,2,3,22coinfectionlow3shoot,0.1629,0.0279,827.857,2,51.7,2800,52.9517160275321,-3.5594708759999985,2800,50.16044780753552,-3.3807856236666654,23,35.13168970666667,27883.34622270494,27883.34622270494,0,1,10.23578488000754,539.3297141722425,6.290327098493156,27883
RPV,8,2,coinfection,0,0,low,3,4,32coinfectionlow4shoot,0.1955,0.018,1023.615,2,47.2,2800,50.87939654581369,-3.364814314000001,2800,51.71905653844353,-3.58935585048148,18,33.04001363,159959.4007475165,159959.4007475165,0,1,11.98267531668915,3388.9703548202647,8.12828142409764,159959
RPV,8,2,coinfection,0,0,low,4,5,42coinfectionlow5shoot,0.3019,0.0174,1515.234,2,46.3,2800,52.396041698335196,-3.4743881866666664,2800,49.87804498427564,-3.345626683222222,25,35.217159269999996,24104.853211499965,24104.853211499965,0,1,10.090168477275443,520.6231795140382,6.255026516183254,24105
RPV,8,2,coinfection,0,0,low,5,6,52coinfectionlow6shoot,0.1961,0.0126,NA,NA,50.8,2800,53.29624884074607,-3.534526507333334,2800,51.224510321393424,-3.509619395666665,38,36.32195917666667,17627.937444921135,17627.937444921135,0,1,9.777240277335268,347.0066426165578,5.849343922750833,17628
RPV,8,2,coinfection,0,1,P,1,1,12coinfectionP1shoot,0.1392,0.0409,865.919,2,46.8,2800,50.86659032166355,-3.2532892863333336,2800,49.73738099187795,-3.558046975999998,21,32.020565033333334,95359.81223439293,95359.81223439293,0,1,11.465412513278707,2037.6028255212166,7.619529310355107,95360
RPV,8,2,coinfection,0,1,P,1,2,12coinfectionP2shoot,0.0504,0.0096,280.923,1,30.3,2800,51.38179051920926,-3.4672812150000007,2800,49.968065771911625,-3.525420062,31,30.505809146666667,331550.5010277743,331550.5010277743,0,1,12.711535417963944,10942.26075999255,9.300387705448621,331551
RPV,8,2,coinfection,0,1,P,2,3,22coinfectionP3shoot,0.1011,0.0101,466.961,2,48.1,2800,48.9850770018075,-3.0088815262222224,2800,51.57720035970756,-3.5260478969999998,22,33.92871984,101198.30157598863,101198.30157598863,0,1,11.524837252848707,2103.914793679597,7.651555075736991,101198
RPV,8,2,coinfection,0,1,P,3,4,32coinfectionP4shoot,0.1839,0.0166,867.683,2,48.1,2800,50.87939654581369,-3.364814314000001,2800,51.71905653844353,-3.58935585048148,18,33.06348292333333,157569.14833631113,157569.14833631113,0,1,11.9676196779552,3275.8658697777782,8.094337500843483,157569
RPV,8,2,coinfection,0,1,P,4,5,42coinfectionP5shoot,0.2698,0.018,1122.714,2,48.5,2800,54.4608237007568,-3.962081251962963,2800,49.79641931559469,-3.1170673473333332,29,35.63522338666667,34923.29099873088,34923.29099873088,0,1,10.460909249462768,720.0678556439357,6.5793454515193295,34923
RPV,8,2,coinfection,0,1,P,5,6,52coinfectionP6shoot,0.1925,0.014,NA,NA,48.5,2800,53.29624884074607,-3.534526507333334,2800,51.224510321393424,-3.509619395666665,38,38.721045176666664,3652.8100824898497,3652.8100824898497,0,1,8.203252035980288,75.31567180391443,4.32168823803685,3653
RPV,8,2,coinfection,1,0,N,1,1,12coinfectionN1shoot,0.1858,0.0373,1158.226,2,48.8,28000,52.66682697726746,-3.3719715109999973,2800,49.88475912124668,-3.252348637592592,03,35.46543502666667,27133.83594891018,27133.83594891018,0,1,10.208536787066565,556.0212284612742,6.320806474207464,27134
RPV,8,2,coinfection,1,0,N,2,3,22coinfectionN3shoot,0.206,0.0203,924.273,2,49.3,2800,50.37211045984439,-3.366426213999998,2800,49.476777238956124,-3.068125512222223,30,32.98061243666667,238027.12824833734,238027.12824833734,0,1,12.380139930394614,4828.136475625504,8.48221584934597,238027
RPV,8,2,coinfection,1,0,N,4,5,42coinfectionN5shoot,0.1014,0.0033,419.192,2,50.8,2800,48.9850770018075,-3.0088815262222224,2800,51.57720035970756,-3.5260478969999998,22,38.73605982666667,4383.228688299141,4383.228688299141,0,1,8.385540875260997,86.28402929722719,4.45764452067656,4383
RPV,8,2,coinfection,1,0,N,5,6,52coinfectionN6shoot,0.2522,0.0188,NA,NA,48.5,2800,53.29624884074607,-3.534526507333334,2800,51.224510321393424,-3.509619395666665,38,36.785130816666666,13008.567002770425,13008.567002770425,0,1,9.473363419611493,268.217876345782,5.591799621668056,13009
RPV,8,2,coinfection,1,1,N+P,1,1,12coinfectionN+P1shoot,0.1832,0.0472,1054.471,2,48.1,2800,50.37211045984439,-3.366426213999998,2800,49.476777238956124,-3.068125512222223,30,34.055582683333334,106232.97753008804,106232.97753008804,0,1,11.57338986246991,2208.585811436342,7.700107685358193,106233
RPV,8,2,coinfection,1,1,N+P,2,3,22coinfectionN+P3shoot,0.1972,0.0253,1026.76,2,49.5,2800,55.42708360197174,-4.056960670962964,2800,52.638285444077184,-3.6371089514814825,41,35.62777456,47526.069788941655,47526.069788941655,0,1,10.769033677128357,960.1226219988213,6.867061007553713,47526
RPV,8,2,coinfection,1,1,N+P,3,4,32coinfectionN+P4shoot,0.288,0.0229,1360.655,2,51.5,2800,49.796860060958295,-3.144371795666668,2800,52.89612035071825,-3.4712520312962956,19,34.53404235666667,194875.16662266635,194875.16662266635,0,1,12.180114461383017,3783.9838179158514,8.238532653713326,194875
RPV,8,2,coinfection,1,1,N+P,5,6,52coinfectionN+P6shoot,0.3703,0.0183,NA,NA,47.6,2800,53.29624884074607,-3.534526507333334,2800,51.224510321393424,-3.509619395666665,38,38.8786087,3294.066270109291,3294.066270109291,0,1,8.099878028965477,69.2030729014557,4.237045267728103,3294
RPV,8,2,RPV,0,0,low,1,2,12RPVlow2shoot,0.0919,0.0151,477.714,2,46.9,NA,NA,NA,2800,50.146141127929546,-3.4526552196666622,45,38.12094752,3040.0647757041766,3040.0647757041766,0,0,8.019634101970686,64.8201444713044,4.171616426518452,3040
RPV,8,2,RPV,0,0,low,2,3,22RPVlow3shoot,0.2339,0.0239,1122.259,2,46.4,280000,55.570678024402135,-3.193670273333336,2800,53.185587483192926,-3.4022962243749992,08,35.72419103,135593.45590845347,135593.45590845347,0,0,11.817416393061725,2922.2727566477042,7.980116933829517,135593
RPV,8,2,RPV,0,0,low,3,4,32RPVlow4shoot,0.3012,0.0359,1391.601,2,48.4,NA,NA,NA,2800,50.146141127929546,-3.4526552196666622,45,33.91302363333333,50307.52308754148,50307.52308754148,0,0,10.825909909268837,1039.4116340401133,6.946410095546252,50308
RPV,8,2,RPV,0,0,low,4,5,42RPVlow5shoot,0.2187,0.0146,1157.4,2,47.3,NA,NA,NA,2800,50.059162536277505,-3.4099823359999992,34,34.67312113333333,32513.144542334092,32513.144542334092,0,0,10.389399734007435,687.3814913812705,6.532889438509549,32513
RPV,8,2,RPV,0,0,low,5,6,52RPVlow6shoot,0.2228,0.0161,NA,NA,50,NA,NA,NA,2800,51.922408000958875,-3.4942274306666654,40,37.318200426666664,15119.034136597993,15119.034136597993,0,0,9.62370976783849,302.38068273195984,5.711686762410343,15119
RPV,8,2,RPV,0,1,P,1,1,12RPVP1shoot,0.0716,0.0126,495.738,2,45.1,NA,NA,NA,2800,50.61411033768001,-3.4558214213651874,33,31.84570503,269745.03558529244,269745.03558529244,0,0,12.50523247918937,5981.0429176339785,8.696350232680738,269745
RPV,8,2,RPV,0,1,P,1,2,12RPVP2shoot,0.2276,0.0442,1158.353,2,48.9,2800,56.11142245045284,-3.7056832697407387,2800,53.038864846669526,-3.7361079197058813,05,38.49361546666667,7819.078548463873,7819.078548463873,0,0,8.964321993919288,159.8993568193021,5.074544597438461,7819
RPV,8,2,RPV,0,1,P,2,3,22RPVP3shoot,0.2217,0.0244,1098.683,2,49.3,NA,NA,NA,2800,50.61411033768001,-3.4558214213651874,33,36.960996625,8928.07603231453,8928.07603231453,0,0,9.096956200749093,181.09687692321563,5.199032119700448,8928
RPV,8,2,RPV,0,1,P,3,4,32RPVP4shoot,0.1436,0.0168,693.582,2,50,2800,53.91588388787196,-3.352839229851849,2800,54.45703351869864,-3.645049392402595,09,33.98170725333333,414283.21944113524,414283.21944113524,0,0,12.934305123844618,8285.664388822704,9.022282118416472,414283
RPV,8,2,RPV,0,1,P,4,5,42RPVP5shoot,0.275,0.0176,1359.636,2,47.7,NA,NA,NA,2800,50.059162536277505,-3.4099823359999992,34,32.102832793333334,184422.1690476317,184422.1690476317,0,0,12.124982805479512,3866.292852151608,8.260051407585216,184422
RPV,8,2,RPV,0,1,P,5,6,52RPVP6shoot,0.231,0.0204,NA,NA,48.9,NA,NA,NA,2800,51.922408000958875,-3.4942274306666654,40,36.94317499666666,19357.58547976835,19357.58547976835,0,0,9.870839636098648,395.860643758044,5.981062239617821,19358
RPV,8,2,RPV,1,0,N,1,1,12RPVN1shoot,0.2257,0.0204,1306.745,2,46.5,2800,56.15578587325488,-3.476488848,2800,54.27998251009572,-3.6793323785294114,07,39.19479243,12588.681581472405,12588.681581472405,0,0,9.440553402053128,270.72433508542804,5.601101089459817,12589
RPV,8,2,RPV,1,0,N,2,3,22RPVN3shoot,0.2552,0.0204,1299.664,2,50.9,NA,NA,NA,2800,50.059162536277505,-3.4099823359999992,34,32.284796396666664,163098.92127826906,163098.92127826906,0,0,12.002112174720091,3204.301007431612,8.072249251163614,163099
RPV,8,2,RPV,1,0,N,3,4,32RPVN4shoot,0.2068,0.0198,874.299,2,50.1,NA,NA,NA,2800,50.059162536277505,-3.4099823359999992,34,31.639791486666667,252117.54439671166,252117.54439671166,0,0,12.43765070376013,5032.286315303626,8.52362969566931,252118
RPV,8,2,RPV,1,0,N,4,5,42RPVN5shoot,0.2899,0.017,1351.688,2,52,2800,49.19482930996279,-3.0508223223333335,2800,50.71861645847463,-3.568601969833332,12,34.94979858666667,26228.063700593688,26228.063700593688,0,0,10.174585250105347,504.38584039603245,6.2233415315239196,26228
RPV,8,2,RPV,1,0,N,5,6,52RPVN6shoot,0.1966,0.0144,NA,NA,53.8,NA,NA,NA,2800,51.922408000958875,-3.4942274306666654,40,36.53748067,25290.379232629777,25290.379232629777,0,0,10.138179334910609,470.08139837601817,6.152905867742869,25290
RPV,8,2,RPV,1,1,N+P,1,1,12RPVN+P1shoot,0.1509,0.0231,935.258,2,49,2800,53.91588388787196,-3.352839229851849,2800,54.45703351869864,-3.645049392402595,09,35.37858454,171423.93322048752,171423.93322048752,0,0,12.051894909123067,3498.4476167446433,8.16007461101244,171424
RPV,8,2,RPV,1,1,N+P,1,2,12RPVN+P2shoot,0.1214,0.0153,669.243,2,48.2,NA,NA,NA,2800,50.059162536277505,-3.4099823359999992,34,31.609344483333334,257354.55224155655,257354.55224155655,0,0,12.458209993836661,5339.306063102833,8.582850972780106,257355
RPV,8,2,RPV,1,1,N+P,3,4,32RPVN+P4shoot,0.2798,0.0195,1426.244,2,46.4,NA,NA,NA,2800,50.059162536277505,-3.4099823359999992,34,33.99656804666667,51340.80420749564,51340.80420749564,0,0,10.846241118647901,1106.482849299475,7.008941659415692,51341
RPV,8,2,RPV,1,1,N+P,5,6,52RPVN+P6shoot,0.324,0.0174,NA,NA,40.5,NA,NA,NA,2800,51.922408000958875,-3.4942274306666654,40,37.24590683,15856.724626518633,15856.724626518633,0,0,9.671348955987103,391.52406485231194,5.97004698187461,15857
RPV,12,3,coinfection,0,0,low,1,1,13coinfectionlow1shoot,0.1457,0.027,939.023,2,47.4,2800,50.37211045984439,-3.366426213999998,2800,49.476777238956124,-3.068125512222223,30,32.67724991,298883.5300063491,298883.5300063491,0,1,12.607809244734282,6305.559704775297,8.749187016033252,298884
RPV,12,3,coinfection,0,0,low,1,2,13coinfectionlow2shoot,0.2257,0.0272,1268.303,2,47.9,2800,48.9850770018075,-3.0088815262222224,2800,51.57720035970756,-3.5260478969999998,22,36.60902277666667,17580.433048594987,17580.433048594987,0,1,9.774541803961661,367.02365445918554,5.905426299544791,17580
RPV,12,3,coinfection,0,0,low,2,3,23coinfectionlow3shoot,0.1491,0.0118,932.578,2,49.8,2800,50.87939654581369,-3.364814314000001,2800,51.71905653844353,-3.58935585048148,18,33.26748148666667,138241.003459497,138241.003459497,0,1,11.836753842833131,2775.923764246928,7.928738858802523,138241
RPV,12,3,coinfection,0,0,low,3,4,33coinfectionlow4shoot,0.2131,0.0176,954.625,2,49.2,2800,52.879494848272664,-3.458342488666665,28000,54.97219010593116,-3.370307922173914,20,37.52525838333334,150195.89931114536,150195.89931114536,0,1,11.919695716415813,3052.7621811208405,8.023802092917549,150196
RPV,12,3,coinfection,0,0,low,4,5,43coinfectionlow5shoot,0.1822,0.0113,964.051,2,48.4,2800,49.796860060958295,-3.144371795666668,2800,52.89612035071825,-3.4712520312962956,19,29.01421801,7584207.807094194,7584207.807094194,0,1,15.841578723266046,156698.50841103707,11.962078909543461,7584208
RPV,12,3,coinfection,0,0,low,5,6,53coinfectionlow6shoot,0.2196,0.0148,NA,NA,49.9,2800,53.29624884074607,-3.534526507333334,2800,51.224510321393424,-3.509619395666665,38,35.18322626333333,37210.20089636328,37210.20089636328,0,1,10.524338220314625,745.6954087447552,6.614317217557153,37210
RPV,12,3,coinfection,0,1,P,1,1,13coinfectionP1shoot,0.0787,0.0028,494.312,2,46.3,2800,50.86659032166355,-3.2532892863333336,2800,49.73738099187795,-3.558046975999998,21,31.509609859999998,132730.552950749,132730.552950749,0,1,11.796076434593255,2866.7506036878835,7.960934473501067,132731
RPV,12,3,coinfection,0,1,P,1,2,13coinfectionP2shoot,0.0914,0.0199,411.81,1,45.9,2800,52.396041698335196,-3.4743881866666664,2800,49.87804498427564,-3.345626683222222,25,28.18611463,3045561.046077229,3045561.046077229,0,1,14.929195693739192,66352.09250712917,11.102730576672693,3045561
RPV,12,3,coinfection,0,1,P,2,3,23coinfectionP3shoot,0.1376,0.0099,899.94,2,50.7,2800,48.9850770018075,-3.0088815262222224,2800,51.57720035970756,-3.5260478969999998,22,31.430612563333334,517184.5319935146,517184.5319935146,0,1,13.156155018227496,10200.878343067348,9.230229107630358,517185
RPV,12,3,coinfection,0,1,P,3,4,33coinfectionP4shoot,0.2382,0.0199,1080.44,2,50,2800,50.37211045984439,-3.366426213999998,2800,49.476777238956124,-3.068125512222223,30,33.40660985,172894.15345614776,172894.15345614776,0,1,12.060434856502477,3457.883069122955,8.14841185107433,172894
RPV,12,3,coinfection,0,1,P,4,5,43coinfectionP5shoot,0.1172,0.0071,552.845,2,48.5,2800,50.87939654581369,-3.364814314000001,2800,51.71905653844353,-3.58935585048148,18,32.28906885666667,258954.89487474115,258954.89487474115,0,1,12.464409174452841,5339.276182984354,8.582845376509404,258955
RPV,12,3,coinfection,0,1,P,5,6,53coinfectionP6shoot,0.2994,0.0155,NA,NA,50.8,2800,53.29624884074607,-3.534526507333334,2800,51.224510321393424,-3.509619395666665,38,37.663478850000004,7310.729507143185,7310.729507143185,0,1,8.897098343543378,143.91199817210995,4.969201988958942,7311
RPV,12,3,coinfection,1,0,N,1,1,13coinfectionN1shoot,0.2397,0.0161,1488.013,2,48.3,2800,52.9517160275321,-3.5594708759999985,2800,50.16044780753552,-3.3807856236666654,23,29.470423383333333,1317912.3794366678,1317912.3794366678,0,1,14.09155951189287,27285.970588750886,10.214127951234342,1317912
RPV,12,3,coinfection,1,0,N,1,2,13coinfectionN2shoot,0.1425,0.0132,1058.803,2,47.4,2800,52.211848476274724,-3.592351510388887,2800,49.45773254949748,-3.4075128553333314,24,30.149365106666668,463885.43923225184,463885.43923225184,0,1,13.04739290251766,9786.61264203063,9.188770673816627,463885
RPV,12,3,coinfection,1,0,N,2,3,23coinfectionN3shoot,0.1062,0.0122,705.32,2,45.5,2800,52.999059720874435,-3.3933433428888917,2800,51.22810233179825,-3.3048075430370365,27,32.82464218,370419.17496520537,370419.17496520537,0,1,12.822390548678824,8141.080768466052,9.00467822272192,370419
RPV,12,3,coinfection,1,0,N,3,4,33coinfectionN4shoot,0.2223,0.0178,1027.073,2,49.3,2800,50.87939654581369,-3.364814314000001,2800,51.71905653844353,-3.58935585048148,18,29.894547143333334,1203210.2320401978,1203210.2320401978,0,1,14.000503736164324,24405.887059638902,10.10257965511568,1203210
RPV,12,3,coinfection,1,0,N,4,5,43coinfectionN5shoot,0.3304,0.0153,1597.927,2,48.3,2800,52.9517160275321,-3.5594708759999985,2800,50.16044780753552,-3.3807856236666654,23,29.781822203333334,1066051.3342753833,1066051.3342753833,0,1,13.879472038529125,22071.456196177707,10.002040477870597,1066051
RPV,12,3,coinfection,1,1,N+P,1,1,13coinfectionN+P1shoot,0.203,0.0218,1133.213,2,52.7,28000,52.13787768317112,-3.5050912220000052,2800,51.016664544847124,-3.3567030586666666,28,34.81159083,67247.42791710426,67247.42791710426,0,1,11.116134050146856,1276.042275466874,7.15151859459954,67247
RPV,12,3,coinfection,1,1,N+P,1,2,13coinfectionN+P2shoot,0.1252,0.0157,763.612,3,48,2800,52.9517160275321,-3.5594708759999985,2800,50.16044780753552,-3.3807856236666654,23,30.125588736666668,843520.5695332399,843520.5695332399,0,1,13.64533956660235,17573.345198609164,9.77413855569446,843521
RPV,12,3,coinfection,1,1,N+P,2,3,23coinfectionN+P3shoot,0.2483,0.016,1436.058,3,48.7,2800,50.86659032166355,-3.2532892863333336,2800,49.73738099187795,-3.558046975999998,21,29.640017193333332,445067.2608032481,445067.2608032481,0,1,13.005980697599156,9138.958127376756,9.120301667510612,445067
RPV,12,3,coinfection,1,1,N+P,3,4,33coinfectionN+P4shoot,0.35,0.0198,1796.25,2,48.3,2800,52.396041698335196,-3.4743881866666664,2800,49.87804498427564,-3.345626683222222,25,31.466241200000002,318599.5366628541,318599.5366628541,0,1,12.671690222165923,6596.263699023894,8.794258661507396,318600
RPV,12,3,RPV,0,0,low,1,1,13RPVlow1shoot,0.1656,0.012,1423.18,2,46.9,NA,NA,NA,2800,50.61411033768001,-3.4558214213651874,33,30.991542816666666,476562.264143183,476562.264143183,0,0,13.07435366330518,10161.242305824799,9.226335987852947,476562
RPV,12,3,RPV,0,0,low,1,2,13RPVlow2shoot,0.2009,0.0133,419.435,2,48.8,2800,49.19482930996279,-3.0508223223333335,2800,50.71861645847463,-3.568601969833332,12,34.37496376,38005.58910876402,38005.58910876402,0,0,10.545488509702633,778.8030555074595,6.657758196843532,38006
RPV,12,3,RPV,0,0,low,2,3,23RPVlow3shoot,0.0759,0.0066,481.829,2,28.8,2800,49.19482930996279,-3.0508223223333335,2800,50.71861645847463,-3.568601969833332,12,30.680545806666668,412196.0709057293,412196.0709057293,0,0,12.929254415383676,14312.363573115601,9.568879028241776,412196
RPV,12,3,RPV,0,0,low,3,4,33RPVlow4shoot,0.0557,0.0113,151.228,1,47.3,NA,NA,NA,2800,50.61411033768001,-3.4558214213651874,33,31.374348956666665,369273.6006998467,369273.6006998467,0,0,12.819293113584301,7807.052868918535,8.962782818086414,369274
RPV,12,3,RPV,0,0,low,4,5,43RPVlow5shoot,0.3448,0.0231,1700.155,2,48.2,280000,55.570678024402135,-3.193670273333336,2800,53.185587483192926,-3.4022962243749992,08,37.20529047666667,49763.99590363297,49763.99590363297,0,0,10.815047027718506,1032.448047793215,6.939688006661952,49764
RPV,12,3,RPV,0,0,low,5,6,53RPVlow6shoot,0.2875,0.0215,NA,NA,54,NA,NA,NA,2800,51.922408000958875,-3.4942274306666654,40,33.91326395666667,142550.97709312022,142550.97709312022,0,0,11.867454948706104,2639.832909131856,7.87847090214183,142551
RPV,12,3,RPV,0,1,P,1,1,13RPVP1shoot,0.0456,0.0012,354.655,2,26.1,NA,NA,NA,2800,50.61411033768001,-3.4558214213651874,33,31.357889813333333,373345.5599755506,373345.5599755506,0,0,12.83025970400141,14304.427585270138,9.568324389672762,373346
RPV,12,3,RPV,0,1,P,1,2,13RPVP2shoot,0.0673,0.003,423.5,2,41.4,280000,55.570678024402135,-3.193670273333336,2800,53.185587483192926,-3.4022962243749992,08,36.3036321,91607.26254556385,91607.26254556385,0,0,11.425265832951217,2212.73581027932,7.701984952119949,91607
RPV,12,3,RPV,0,1,P,2,3,23RPVP3shoot,0.2498,0.0194,1365.852,2,50,2800,49.19482930996279,-3.0508223223333335,2800,50.71861645847463,-3.568601969833332,12,32.54994710333333,123383.44350636618,123383.44350636618,0,0,11.723052212135597,2467.6688701273238,7.811029206707452,123383
RPV,12,3,RPV,0,1,P,3,4,33RPVP4shoot,0.2181,0.0303,1054.644,2,47.6,NA,NA,NA,2800,50.61411033768001,-3.4558214213651874,33,29.373751956666666,1400408.1228972,1400408.1228972,0,0,14.152274268457994,29420.338716327733,10.28944150722062,1400408
RPV,12,3,RPV,0,1,P,4,5,43RPVP5shoot,0.1781,0.0108,860.056,2,48.5,NA,NA,NA,2800,50.61411033768001,-3.4558214213651874,33,30.75574112,557638.6071653116,557638.6071653116,0,0,13.231466374132953,11497.703240521889,9.349902576189514,557639
RPV,12,3,RPV,0,1,P,5,6,53RPVP6shoot,0.2896,0.0191,NA,NA,48.3,NA,NA,NA,2800,50.146141127929546,-3.4526552196666622,45,32.82476552,103950.71638259808,103950.71638259808,0,0,11.551672184869897,2152.188744981327,7.67424062421137,103951
RPV,12,3,RPV,0,1,P,5,7,53RPVP7shoot,0.2051,0.0114,NA,NA,46,NA,NA,NA,2800,50.146141127929546,-3.4526552196666622,45,32.64012019,117572.75991592827,117572.75991592827,0,0,11.674812654247555,2555.929563389745,7.84617125775846,117573
RPV,12,3,RPV,1,0,N,1,2,13RPVN2shoot,0.2467,0.0236,1692.686,2,49.2,2800,54.443033163112105,-3.0831486584444425,28000,54.8519049823941,-3.428139813999994,04,38.46351750666667,60332.06061987831,60332.06061987831,0,0,11.007618926659207,1226.2613947129737,7.111725303160945,60332
RPV,12,3,RPV,1,0,N,2,3,23RPVN3shoot,0.2204,0.0138,1270.531,2,53.2,NA,NA,NA,2800,50.955086780014526,-3.518829324444444,32,37.787782033333336,5520.215968947126,5520.215968947126,0,0,8.616172263315047,103.7634580629159,4.642113866967449,5520
RPV,12,3,RPV,1,0,N,4,5,43RPVN5shoot,0.437,0.0189,2009.409,2,49.3,NA,NA,NA,2800,50.955086780014526,-3.518829324444444,32,36.119327543333334,16447.75067507119,16447.75067507119,0,0,9.707944009766413,333.62577434221487,5.810019928717768,16448
RPV,12,3,RPV,1,0,N,5,6,53RPVN6shoot,0.3257,0.0182,NA,NA,47,NA,NA,NA,2800,51.922408000958875,-3.4942274306666654,40,31.898089726666665,537880.058964068,537880.058964068,0,0,13.195390875560891,11444.256573703573,9.345243273850832,537880
RPV,12,3,RPV,1,1,N+P,1,1,13RPVN+P1shoot,0.2149,0.0176,1353.534,2,51.3,2800,56.15578587325488,-3.476488848,2800,54.27998251009572,-3.6793323785294114,07,36.70749791666667,59703.272852962415,59703.272852962415,0,0,10.997142119535702,1163.8064883618406,7.05945136735898,59703
RPV,12,3,RPV,1,1,N+P,1,2,13RPVN+P2shoot,0.064,0.0012,923.736,2,39.6,NA,NA,NA,2800,50.059162536277505,-3.4099823359999992,34,28.948043186666666,1552301.7976228166,1552301.7976228166,0,0,14.255249418052141,39199.54034401052,10.576420299791707,1552302
RPV,12,3,RPV,1,1,N+P,2,3,23RPVN+P3shoot,0.2699,0.017,1620.304,3,48,NA,NA,NA,2800,50.955086780014526,-3.518829324444444,32,34.31700643,53493.36302647884,53493.36302647884,0,0,10.887312869608733,1114.4450630516424,7.016111858700842,53493
RPV,12,3,RPV,1,1,N+P,3,4,33RPVN+P4shoot,0.3355,0.0333,1629.445,3,48.6,2800,56.15578587325488,-3.476488848,2800,54.27998251009572,-3.6793323785294114,07,36.14179611,85064.69508664554,85064.69508664554,0,0,11.351167364634948,1750.302368037974,7.4675438337285,85065
RPV,12,3,RPV,1,1,N+P,4,5,43RPVN+P5shoot,0.1904,0.0094,980.05,2,47.1,280000,55.570678024402135,-3.193670273333336,2800,53.185587483192926,-3.4022962243749992,08,37.21193695,49540.65221675596,49540.65221675596,0,0,10.810548868414013,1051.818518402462,6.958275867391641,49541
RPV,16,4,coinfection,0,0,low,1,1,14coinfectionlow1shoot,0.193,0.0175,1171.31,2,45.2,2800,55.42708360197174,-4.056960670962964,2800,52.638285444077184,-3.6371089514814825,41,34.527075450000005,95403.02142158506,95403.02142158506,0,1,11.465865528020657,2110.6863146368373,7.654768441182472,95403
RPV,16,4,coinfection,0,0,low,1,2,14coinfectionlow2shoot,0.3299,0.0285,1503.965,3,48.8,2800,52.211848476274724,-3.592351510388887,2800,49.45773254949748,-3.4075128553333314,24,36.43226369333333,6646.203747537826,6646.203747537826,0,1,8.801801105612512,136.1926997446276,4.914070792753411,6646
RPV,16,4,coinfection,0,0,low,2,3,24coinfectionlow3shoot,0.2307,0.0219,1318.572,2,48,2800,48.9850770018075,-3.0088815262222224,2800,51.57720035970756,-3.5260478969999998,22,29.96026611,1350955.7559549694,1350955.7559549694,0,1,14.116322867297981,28144.911582395198,10.24512185639009,1350956
RPV,16,4,coinfection,0,0,low,4,5,44coinfectionlow5shoot,0.2351,0.0119,1381.174,2,47,2800,50.86659032166355,-3.2532892863333336,2800,49.73738099187795,-3.558046975999998,21,30.145103453333334,320973.818117403,320973.818117403,0,1,12.679114835288484,6829.230172710702,8.828967233578425,320974
RPV,16,4,coinfection,0,0,low,5,6,54coinfectionlow6shoot,0.2779,0.0145,NA,NA,48.9,2800,53.29624884074607,-3.534526507333334,2800,51.224510321393424,-3.509619395666665,38,37.198720296666664,9917.105174981381,9917.105174981381,0,1,9.202016340653874,202.8037868094352,5.312238944173048,9917
RPV,16,4,coinfection,0,1,P,1,1,14coinfectionP1shoot,0.162,0.0177,1013.252,3,49,2800,52.999059720874435,-3.3933433428888917,2800,51.22810233179825,-3.3048075430370365,27,33.14239756333333,296854.76435185224,296854.76435185224,0,1,12.60099828926466,6058.260496976576,8.709177991154034,296855
RPV,16,4,coinfection,0,1,P,1,2,14coinfectionP2shoot,0.2148,0.0143,1269.182,2,50.4,2800,52.396041698335196,-3.4743881866666664,2800,49.87804498427564,-3.345626683222222,25,31.550215406666666,300708.32092871,300708.32092871,0,1,12.613896040455119,5966.434939061706,8.693904865377796,300708
RPV,16,4,coinfection,0,1,P,4,5,44coinfectionP5shoot,0.2166,0.0104,1132.831,2,50.7,2800,54.443033163112105,-3.0831486584444425,28000,54.8519049823941,-3.428139813999994,04,38.91213735,44635.89325294286,44635.89325294286,0,1,10.706293595801318,880.3923718529162,6.78036768520418,44636
RPV,16,4,coinfection,1,0,N,1,2,14coinfectionN2shoot,0.1954,0.0165,1107.498,2,51.1,2800,52.211848476274724,-3.592351510388887,2800,49.45773254949748,-3.4075128553333314,24,29.5041879,717381.819006507,717381.819006507,0,1,13.483363500863318,14038.78315081227,9.54957900365366,717382
RPV,16,4,coinfection,1,0,N,2,3,24coinfectionN3shoot,0.1457,0.208,726.109,1,45.9,2800,52.879494848272664,-3.458342488666665,28000,54.97219010593116,-3.370307922173914,20,38.26490529,90614.63255715954,90614.63255715954,0,1,11.414370986243595,1974.1750012453058,7.587905869177096,90615
RPV,16,4,coinfection,1,0,N,4,5,44coinfectionN5shoot,0.2694,0.012,1388.24,3,48.7,2800,52.879494848272664,-3.458342488666665,28000,54.97219010593116,-3.370307922173914,20,34.334767660000004,1328326.1772390846,1328326.1772390846,0,1,14.099430194250871,27275.69152441652,10.213751164162327,1328326
RPV,16,4,coinfection,1,0,N,5,6,54coinfectionN6shoot,0.4048,0.0235,NA,NA,51.8,2800,53.29624884074607,-3.534526507333334,2800,51.224510321393424,-3.509619395666665,38,35.48386128666667,30549.332293603195,30549.332293603195,0,1,10.32709810817769,589.7554496834593,6.3797079589122525,30549
RPV,16,4,coinfection,1,1,N+P,1,1,14coinfectionN+P1shoot,0.0747,0.0047,556.33,2,45.7,2800,50.86659032166355,-3.2532892863333336,2800,49.73738099187795,-3.558046975999998,21,30.249787646666668,299949.260270828,299949.260270828,0,1,12.611368606903262,6563.4411437817935,8.789270309003102,299949
RPV,16,4,coinfection,1,1,N+P,1,2,14coinfectionN+P2shoot,0.2163,0.0172,1225.169,2,48.5,2800,52.879494848272664,-3.458342488666665,28000,54.97219010593116,-3.370307922173914,20,31.453451156666667,9510791.851795323,9510791.851795323,0,1,16.06793769622823,196098.80106794482,12.186373898284794,9510792
RPV,16,4,coinfection,1,1,N+P,2,3,24coinfectionN+P3shoot,0.1276,0.0199,826.153,2,47.9,2800,50.87939654581369,-3.364814314000001,2800,51.71905653844353,-3.58935585048148,18,27.559696196666668,5380647.50888472,5380647.50888472,0,1,15.498319279707195,112330.84569696701,11.629203775290325,5380648
RPV,16,4,coinfection,1,1,N+P,4,5,44coinfectionN+P5shoot,0.4513,0.0197,1792.659,3,47.2,2800,52.9517160275321,-3.5594708759999985,2800,50.16044780753552,-3.3807856236666654,23,33.25092569666667,100381.72229158542,100381.72229158542,0,1,11.516735420778264,2126.7314044827417,7.662341528186754,100382
RPV,16,4,coinfection,1,1,N+P,5,6,54coinfectionN+P6shoot,0.4169,0.0174,NA,NA,49.9,2800,53.29624884074607,-3.534526507333334,2800,51.224510321393424,-3.509619395666665,38,35.339645383333334,33580.97722078618,33580.97722078618,0,1,10.421715031482254,672.9654753664565,6.511694028724782,33581
RPV,16,4,coinfection,1,1,N+P,5,7,54coinfectionN+P7shoot,0.3523,0.0245,NA,NA,47.4,2800,53.29624884074607,-3.534526507333334,2800,51.224510321393424,-3.509619395666665,38,36.27749252333333,18149.782991550797,18149.782991550797,0,1,9.806413883233132,382.90681416773833,5.947791654532102,18150
RPV,16,4,RPV,0,0,low,1,2,14RPVlow2shoot,0.0798,0.0088,570.738,2,46.1,NA,NA,NA,2800,50.61411033768001,-3.4558214213651874,33,33.38526916666667,96706.2865010103,96706.2865010103,0,0,11.479433689680013,2097.750249479616,7.648620739677411,96706
RPV,16,4,RPV,0,0,low,2,3,24RPVlow3shoot,0.1066,0.0145,603.204,3,45.3,2800,53.91588388787196,-3.352839229851849,2800,54.45703351869864,-3.645049392402595,09,33.989270526666665,412308.6048103183,412308.6048103183,0,0,12.929527388742352,9101.73520552579,9.116220356253365,412309
RPV,16,4,RPV,0,0,low,5,6,54RPVlow6shoot,0.3041,0.0183,NA,NA,50.3,NA,NA,NA,2800,51.922408000958875,-3.4942274306666654,40,34.25957235,113464.88640314025,113464.88640314025,0,0,11.639248697141102,2255.7631491677985,7.72124362003541,113465
RPV,16,4,RPV,0,1,P,1,1,14RPVP1shoot,0.2226,0.025,1157.499,3,47.7,2800,53.91588388787196,-3.352839229851849,2800,54.45703351869864,-3.645049392402595,09,33.26501846,651504.047406107,651504.047406107,0,0,13.387038887969961,13658.365773712932,9.522107490075665,651504
RPV,16,4,RPV,0,1,P,1,2,14RPVP2shoot,0.1823,0.0137,1039.827,2,47.6,280000,55.570678024402135,-3.193670273333336,2800,53.185587483192926,-3.4022962243749992,08,33.86854934666667,476044.2768698731,476044.2768698731,0,0,13.07326614752178,10000.930186341871,9.210433386284405,476044
RPV,16,4,RPV,0,1,P,2,3,24RPVP3shoot,0.1515,0.0197,878.534,2,19.3,2800,49.19482930996279,-3.0508223223333335,2800,50.71861645847463,-3.568601969833332,12,33.215218863333334,80321.76613771966,80321.76613771966,0,0,11.293795923450237,4161.7495408144905,8.333690827539398,80322
RPV,16,4,RPV,0,1,P,5,6,54RPVP6shoot,0.2713,0.0203,NA,NA,50.3,NA,NA,NA,2800,51.922408000958875,-3.4942274306666654,40,30.219226836666667,1626121.504060727,1626121.504060727,0,0,14.301708292042669,32328.459325262964,10.383703214936975,1626122
RPV,16,4,RPV,0,1,P,5,7,54RPVP7shoot,0.2373,0.0166,NA,NA,51,2800,55.29559506087862,-3.4535579345374523,2800,51.96716876869854,-3.3692454026666625,39,37.62344742,18082.163969402758,18082.163969402758,0,0,9.802681315357223,354.5522346941717,5.8708556826328975,18082
RPV,16,4,RPV,1,0,N,4,5,44RPVN5shoot,0.3178,0.0106,1611.092,3,50.9,2800,53.91588388787196,-3.352839229851849,2800,54.45703351869864,-3.645049392402595,09,34.17601903333333,366428.2382869342,366428.2382869342,0,0,12.811557978372816,7198.983070470221,8.881695054816339,366428
RPV,16,4,RPV,1,0,N,5,6,54RPVN6shoot,0.3322,0.018,NA,NA,47.5,NA,NA,NA,2800,50.146141127929546,-3.4526552196666622,45,33.10902277666667,85999.8002455435,85999.8002455435,0,0,11.362100252506709,1810.5221104324949,7.501370541466113,86000
RPV,16,4,RPV,1,0,N,5,7,54RPVN7shoot,0.4344,0.0183,NA,NA,48.6,NA,NA,NA,2800,51.922408000958875,-3.4942274306666654,40,31.218487423333332,841740.6648528726,841740.6648528726,0,0,13.643227246795947,17319.766766520013,9.759603715889499,841741
RPV,16,4,RPV,1,1,N+P,1,2,14RPVN+P2shoot,0.2215,0.0162,1143.57,3,48.6,2800,53.91588388787196,-3.352839229851849,2800,54.45703351869864,-3.645049392402595,09,34.66360219333333,269291.76725559984,269291.76725559984,0,0,12.503550707428566,5540.982865341561,8.619927176522117,269292
RPV,16,4,RPV,1,1,N+P,2,3,24RPVN+P3shoot,0.2813,0.0198,1614.629,3,48.7,NA,NA,NA,2800,50.61411033768001,-3.4558214213651874,33,28.901891073333335,1917765.4796401109,1917765.4796401109,0,0,14.466671253560632,39379.16795975587,10.580992223472087,1917765
RPV,16,4,RPV,1,1,N+P,4,5,44RPVN+P5shoot,0.3607,0.014,1806.741,2,47.8,NA,NA,NA,2800,50.955086780014526,-3.518829324444444,32,34.00892003333333,65441.5481643316,65441.5481643316,0,0,11.088912628764692,1369.070045278904,7.221886989267281,65442
RPV,16,4,RPV,1,1,N+P,5,6,54RPVN+P6shoot,0.2779,0.0119,NA,NA,48.6,NA,NA,NA,2800,51.922408000958875,-3.4942274306666654,40,30.779524483333333,1124096.2158019985,1124096.2158019985,0,0,13.932489907019525,23129.55176547322,10.048866376113077,1124096
RPV,19,5,coinfection,0,0,low,1,2,15coinfectionlow2shoot,0.2142,0.0176,1082.657,2,48.5,2800,54.4608237007568,-3.962081251962963,2800,49.79641931559469,-3.1170673473333332,29,34.02966944333333,114340.46154902571,114340.46154902571,0,1,11.646935781446388,2357.535289670633,7.76537198350295,114340
RPV,19,5,coinfection,0,0,low,2,3,25coinfectionlow3shoot,0.0877,0.0116,644.579,2,41.3,2800,49.796860060958295,-3.144371795666668,2800,52.89612035071825,-3.4712520312962956,19,30.011493686666668,3913943.5223077075,3913943.5223077075,0,1,15.18005599717327,94768.60828832223,11.459193497206282,3913944
RPV,19,5,coinfection,0,0,low,3,4,35coinfectionlow4shoot,0.1933,0.0331,1173.328,2,46.1,2800,48.9850770018075,-3.0088815262222224,2800,51.57720035970756,-3.5260478969999998,22,33.68688075,118511.27451120959,118511.27451120959,0,1,11.682763378585973,2570.74348180498,7.85195042858337,118511
RPV,19,5,coinfection,0,0,low,4,5,45coinfectionlow5shoot,0.2412,0.0783,1369.179,2,51.3,2800,52.879494848272664,-3.458342488666665,28000,54.97219010593116,-3.370307922173914,20,36.819014233333334,243336.3143660585,243336.3143660585,0,1,12.402199775200842,4743.39794085884,8.464509023024117,243336
RPV,19,5,coinfection,0,1,P,1,1,15coinfectionP1shoot,0.1601,0.0129,859.282,2,17.2,2800,48.9850770018075,-3.0088815262222224,2800,51.57720035970756,-3.5260478969999998,22,38.21283340666667,6168.549362391038,6168.549362391038,0,1,8.72721897781249,358.63659083668824,5.882309593993082,6169
RPV,19,5,coinfection,0,1,P,2,3,25coinfectionP3shoot,0.1852,0.015,1033.626,2,47.1,2800,53.33356800985676,-3.7565678919999974,2800,52.04851390697174,-3.525956916333331,43,33.965070086666664,134481.55706493589,134481.55706493589,0,1,11.809182346428138,2855.234757217322,7.956909345405766,134482
RPV,19,5,coinfection,0,1,P,3,4,35coinfectionP4shoot,0.215,0.0372,1032.775,2,50.3,2800,49.796860060958295,-3.144371795666668,2800,52.89612035071825,-3.4712520312962956,19,30.637441,2583993.0623541963,2583993.0623541963,0,1,14.764846459033578,51371.631458333926,10.846841381927884,2583993
RPV,19,5,coinfection,0,1,P,4,5,45coinfectionP5shoot,0.2218,0.1037,1285.263,2,50.9,2800,49.796860060958295,-3.144371795666668,2800,52.89612035071825,-3.4712520312962956,19,28.85603269,8423262.386666913,8423262.386666913,0,1,15.94650776802529,165486.49089718887,12.016644844468813,8423262
RPV,19,5,coinfection,0,1,P,5,6,55coinfectionP6shoot,0.2819,0.018,NA,NA,48.6,2800,55.29559506087862,-3.4535579345374523,2800,51.96716876869854,-3.3692454026666625,39,39.700846356666666,4371.932901750348,4371.932901750348,0,1,8.382960501912041,89.95746711420469,4.499336971005593,4372
RPV,19,5,coinfection,1,0,N,1,1,15coinfectionN1shoot,0.3568,0.0292,1794.872,3,51,2800,55.42708360197174,-4.056960670962964,2800,52.638285444077184,-3.6371089514814825,41,32.169351576666664,424427.31840761594,424427.31840761594,0,1,12.958496053131055,8322.104282502274,9.02667042040673,424427
RPV,19,5,coinfection,1,0,N,1,2,15coinfectionN2shoot,0.3287,0.0252,1626.58,3,52,2800,52.211848476274724,-3.592351510388887,2800,49.45773254949748,-3.4075128553333314,24,27.998059593333334,1984963.8576468776,1984963.8576468776,0,1,14.501111264203095,38172.38187782457,10.549867545621668,1984964
RPV,19,5,coinfection,1,0,N,2,3,25coinfectionN3shoot,0.27,0.0166,1425.823,2,47.2,2800,52.9517160275321,-3.5594708759999985,2800,50.16044780753552,-3.3807856236666654,23,33.598650613333334,79213.8925635132,79213.8925635132,0,1,11.27990697357525,1678.2604356676525,7.425513080983739,79214
RPV,19,5,coinfection,1,0,N,3,4,35coinfectionN4shoot,0.478,0.0505,2368.149,3,51.2,2800,53.33356800985676,-3.7565678919999974,2800,52.04851390697174,-3.525956916333331,43,30.808938983333334,1056272.7544172057,1056272.7544172057,0,1,13.87025700006499,20630.327234711047,9.934517468019527,1056273
RPV,19,5,coinfection,1,0,N,4,5,45coinfectionN5shoot,0.3889,0.1214,1713.11,2,52.4,2800,52.396041698335196,-3.4743881866666664,2800,49.87804498427564,-3.345626683222222,25,30.301528293333334,710190.9059507067,710190.9059507067,0,1,13.473289094496028,13553.261563944785,9.514382503169031,710191
RPV,19,5,coinfection,1,0,N,5,6,55coinfectionN6shoot,0.3861,0.0163,NA,NA,48.8,2800,55.29559506087862,-3.4535579345374523,2800,51.96716876869854,-3.3692454026666625,39,38.65462239666667,8937.071499941236,8937.071499941236,0,1,9.09796324179039,183.1367110643696,5.21023292893129,8937
RPV,19,5,coinfection,1,1,N+P,1,1,15coinfectionN+P1shoot,0.1527,0.0153,937.393,2,17.6,2800,54.4608237007568,-3.962081251962963,2800,49.79641931559469,-3.1170673473333332,29,38.94636154,3025.8992185983234,3025.8992185983234,0,1,8.014963588637798,171.9260919658138,5.1470646865936915,3026
RPV,19,5,coinfection,1,1,N+P,1,2,15coinfectionN+P2shoot,0.0775,0.0135,404.834,1,10.8,2800,50.37211045984439,-3.366426213999998,2800,49.476777238956124,-3.068125512222223,30,34.586345673333334,71329.10266449014,71329.10266449014,0,1,11.175059695135337,6604.546543008346,8.795513561005162,71329
RPV,19,5,coinfection,1,1,N+P,2,3,25coinfectionN+P3shoot,0.2225,0.0204,1378.179,2,46.4,2800,52.879494848272664,-3.458342488666665,28000,54.97219010593116,-3.370307922173914,20,34.555643716666665,1142270.2420447583,1142270.2420447583,0,1,13.948528280472052,24617.893147516344,10.111228821239843,1142270
RPV,19,5,coinfection,1,1,N+P,3,4,35coinfectionN+P4shoot,0.2597,0.0144,1475.075,3,50.3,28000,52.66682697726746,-3.3719715109999973,2800,49.88475912124668,-3.252348637592592,03,36.26099395666667,15449.00812516221,15449.00812516221,0,1,9.64530008124642,307.1373384724098,5.727295004140726,15449
RPV,19,5,coinfection,1,1,N+P,4,5,45coinfectionN+P5shoot,0.19,0.0348,1048.17,3,52.7,2800,52.999059720874435,-3.3933433428888917,2800,51.22810233179825,-3.3048075430370365,27,32.77567672666667,383274.46952223283,383274.46952223283,0,1,12.856506642112034,7272.760332490187,8.891891186564717,383274
RPV,19,5,RPV,0,0,low,1,1,15RPVlow1shoot,0.0967,0.0086,698.476,2,46.3,NA,NA,NA,2800,50.61411033768001,-3.4558214213651874,33,30.00075531,922190.543967979,922190.543967979,0,0,13.734507144926395,19917.722331921796,9.899365183834208,922191
RPV,19,5,RPV,0,0,low,3,4,35RPVlow4shoot,0.4053,0.0766,1974.938,3,48.7,NA,NA,NA,2800,50.955086780014526,-3.518829324444444,32,34.19853719,57805.22994345055,57805.22994345055,0,0,10.96483453401779,1186.9657072577113,7.079155503929246,57805
RPV,19,5,RPV,0,0,low,5,6,55RPVlow6shoot,0.2779,0.0177,NA,NA,48.9,2800,55.29559506087862,-3.4535579345374523,2800,51.96716876869854,-3.3692454026666625,39,38.49291992333333,9981.341363824673,9981.341363824673,0,0,9.208472765466794,204.11741030316304,5.318695368985968,9981
RPV,19,5,RPV,0,1,P,1,1,15RPVP1shoot,0.1616,0.0163,1046.058,3,48.8,2800,53.91588388787196,-3.352839229851849,2800,54.45703351869864,-3.645049392402595,09,31.450844446666668,2049397.2657274818,2049397.2657274818,0,0,14.5330562911649,41995.84560916971,10.645325978305799,2049397
RPV,19,5,RPV,0,1,P,1,2,15RPVP2shoot,0.2384,0.0122,1473.886,3,46.8,NA,NA,NA,2800,50.61411033768001,-3.4558214213651874,33,29.532775246666667,1259617.135344751,1259617.135344751,0,0,14.046318371915103,26914.89605437502,10.200435168991502,1259617
RPV,19,5,RPV,0,1,P,2,3,25RPVP3shoot,0.1861,0.0142,1059.067,2,52.4,28000,52.66682697726746,-3.3719715109999973,2800,49.88475912124668,-3.252348637592592,03,34.13210805333333,69737.98404200129,69737.98404200129,0,0,11.152500413043857,1330.8775580534598,7.19359382171686,69738
RPV,19,5,RPV,0,1,P,3,4,35RPVP4shoot,0.202,0.024,1004.836,3,52.2,NA,NA,NA,2800,50.059162536277505,-3.4099823359999992,34,33.366123200000004,78585.93263720791,78585.93263720791,0,0,11.271947988318201,1505.4776367281208,7.316865493429608,78586
RPV,19,5,RPV,0,1,P,4,5,45RPVP5shoot,0.2665,0.0919,1277.082,3,48.9,2800,56.15578587325488,-3.476488848,2800,54.27998251009572,-3.6793323785294114,07,35.09485753333333,163792.9293258172,163792.9293258172,0,0,12.006358282960353,3349.5486569696773,8.116580886479527,163793
RPV,19,5,RPV,0,1,P,5,6,55RPVP6shoot,0.2447,0.0198,NA,NA,47,2800,55.29559506087862,-3.4535579345374523,2800,51.96716876869854,-3.3692454026666625,39,36.887615206666666,29898.344621377713,29898.344621377713,0,0,10.305558394012623,636.1349919442067,6.4554107923025645,29898
RPV,19,5,RPV,0,1,P,5,7,55RPVP7shoot,0.3441,0.0171,NA,NA,48.2,2800,55.29559506087862,-3.4535579345374523,2800,51.96716876869854,-3.3692454026666625,39,38.56341044333333,9511.897371732495,9511.897371732495,0,0,9.160298648965535,197.3422691230808,5.2849396279089795,9512
RPV,19,5,RPV,1,0,N,1,1,15RPVN1shoot,0.2207,0.0096,1565.656,3,48.5,NA,NA,NA,2800,50.61411033768001,-3.4558214213651874,33,33.731951396666666,76760.24953626272,76760.24953626272,0,0,11.248442200979598,1582.685557448716,7.36687840303616,76760
RPV,19,5,RPV,1,0,N,1,2,15RPVN2shoot,0.3211,0.0219,1990.548,3,47.2,NA,NA,NA,2800,50.059162536277505,-3.4099823359999992,34,36.33462906,10587.921786753479,10587.921786753479,0,0,9.267469176348937,224.32037683799743,5.413075283757427,10588
RPV,19,5,RPV,1,0,N,2,3,25RPVN3shoot,0.1947,0.0109,947.595,3,48.9,2800,53.91588388787196,-3.352839229851849,2800,54.45703351869864,-3.645049392402595,09,34.07205963333333,391299.817644102,391299.817644102,0,0,12.877229342172589,8002.041260615582,8.987451945691763,391300
RPV,19,5,RPV,1,0,N,3,4,35RPVN4shoot,0.2792,0.0255,1478.787,3,49.7,2800,49.19482930996279,-3.0508223223333335,2800,50.71861645847463,-3.568601969833332,12,30.357576373333334,507699.7126159748,507699.7126159748,0,0,13.137645434884458,10215.285968128264,9.231640501781875,507700
RPV,19,5,RPV,1,0,N,4,5,45RPVN5shoot,0.2858,0.0659,1569.553,3,52,2800,56.15578587325488,-3.476488848,2800,54.27998251009572,-3.6793323785294114,07,35.565696716666665,121990.63834468253,121990.63834468253,0,0,11.711699585891472,2345.973814320818,7.760455867310044,121991
RPV,19,5,RPV,1,0,N,5,6,55RPVN6shoot,0.371,0.0153,NA,NA,50.3,2800,55.29559506087862,-3.4535579345374523,2800,51.96716876869854,-3.3692454026666625,39,39.67829640666667,4439.8302561365435,4439.8302561365435,0,0,8.398371424095584,88.26700310410624,4.480366346989891,4440
RPV,19,5,RPV,1,1,N+P,1,1,15RPVN+P1shoot,0.2529,0.0116,1607.799,3,25,2800,49.19482930996279,-3.0508223223333335,2800,50.71861645847463,-3.568601969833332,12,33.17007573666667,82695.77786056921,82695.77786056921,0,0,11.322923826027353,3307.8311144227687,8.104048001159152,82696
RPV,19,5,RPV,1,1,N+P,4,5,45RPVN+P5shoot,0.3108,0.0624,1677.806,3,51.7,NA,NA,NA,2800,50.61411033768001,-3.4558214213651874,33,30.247168223333333,782558.7423068582,782558.7423068582,0,0,13.570324268619544,15136.532733208087,9.62486648710516,782559
RPV,19,5,RPV,1,1,N+P,5,6,55RPVN+P6shoot,0.3037,0.0149,NA,NA,48,2800,55.29559506087862,-3.4535579345374523,2800,51.96716876869854,-3.3692454026666625,39,37.55699793666667,18922.24959835072,18922.24959835072,0,0,9.848093736084838,394.21353329897335,5.976892725176947,18922
RPV,22,6,coinfection,0,0,low,1,1,16coinfectionlow1shoot,0.1947,0.0182,1133.031,3,52.3,28000,52.13787768317112,-3.5050912220000052,2800,51.016664544847124,-3.3567030586666666,28,29.41414706,2726688.5535888774,2726688.5535888774,0,1,14.81859844686719,52135.53639749288,10.861602075796313,2726689
RPV,22,6,coinfection,0,0,low,2,3,26coinfectionlow3shoot,0.0955,0.0032,713.82,2,50.5,2800,52.999059720874435,-3.3933433428888917,2800,51.22810233179825,-3.3048075430370365,27,32.8662707,359829.78375498706,359829.78375498706,0,1,12.793386375713483,7125.342252574002,8.871413039432168,359830
RPV,22,6,coinfection,0,0,low,3,4,36coinfectionlow4shoot,0.2835,0.022,1308.247,2,53,NA,NA,NA,2800,50.955086780014526,-3.518829324444444,32,37.509408316666665,6623.168765885472,6623.168765885472,0,1,8.79832919994886,124.96544841293343,4.828037286396738,6623
RPV,22,6,coinfection,0,0,low,4,5,46coinfectionlow5shoot,0.3623,0.0155,1681.904,3,48.3,2800,54.4608237007568,-3.962081251962963,2800,49.79641931559469,-3.1170673473333332,29,30.471025466666667,1584397.2119000063,1584397.2119000063,0,1,14.275714585008586,32803.254904762034,10.398283024350059,1584397
RPV,22,6,coinfection,0,1,P,1,1,16coinfectionP1shoot,0.1583,0.0158,1093.582,2,43.7,2800,52.211848476274724,-3.592351510388887,2800,49.45773254949748,-3.4075128553333314,24,33.92556127,36158.76202988337,36158.76202988337,0,1,10.495674578020807,827.4316253977888,6.718326475919263,36159
RPV,22,6,coinfection,0,1,P,1,2,16coinfectionP2shoot,0.0741,0.0062,613.284,2,49.1,2800,50.86659032166355,-3.2532892863333336,2800,49.73738099187795,-3.558046975999998,21,34.34667078333333,21164.413693725357,21164.413693725357,0,1,9.96007645088105,431.0471220717995,6.066217416080576,21164
RPV,22,6,coinfection,0,1,P,2,3,26coinfectionP3shoot,0.1829,0.0341,1074.156,2,47,2800,50.86659032166355,-3.2532892863333336,2800,49.73738099187795,-3.558046975999998,21,36.656860355,4745.919716849395,4745.919716849395,0,1,8.465040520891696,100.97701525211478,4.614892919181637,4746
RPV,22,6,coinfection,0,1,P,3,4,36coinfectionP4shoot,0.2432,0.0236,1442.258,2,48.6,2800,52.211848476274724,-3.592351510388887,2800,49.45773254949748,-3.4075128553333314,24,30.061789833333332,492165.7462024516,492165.7462024516,0,1,13.106570821267576,10126.86720581176,9.222947290361128,492166
RPV,22,6,coinfection,0,1,P,4,5,46coinfectionP5shoot,0.2497,0.0132,1247.245,2,46.6,2800,52.396041698335196,-3.4743881866666664,2800,49.87804498427564,-3.345626683222222,25,32.92657725,116614.91658764245,116614.91658764245,0,1,11.666632474284357,2502.466021194044,7.825031933152757,116615
RPV,22,6,coinfection,1,0,N,1,1,16coinfectionN1shoot,0.2521,0.0287,1613.971,3,49.5,28000,52.66682697726746,-3.3719715109999973,2800,49.88475912124668,-3.252348637592592,03,32.076967876666664,298788.2875382829,298788.2875382829,0,1,12.607490533140139,6036.127020975413,8.705517863565493,298788
RPV,22,6,coinfection,1,0,N,1,2,16coinfectionN2shoot,0.091,0.0195,743.513,1,51.3,2800,50.87939654581369,-3.364814314000001,2800,51.71905653844353,-3.58935585048148,18,29.8769207,1216892.6567900185,1216892.6567900185,0,1,14.011811164948906,23721.104420858064,10.074120412772182,1216893
RPV,22,6,coinfection,1,0,N,3,4,36coinfectionN4shoot,0.3525,0.0177,1614.618,3,49,2800,53.33356800985676,-3.7565678919999974,2800,52.04851390697174,-3.525956916333331,43,35.24431991666667,58324.827887560954,58324.827887560954,0,1,10.973783145964761,1190.3026099502235,7.081962847854135,58325
RPV,22,6,coinfection,1,0,N,4,5,46coinfectionN5shoot,0.341,0.0169,1509.077,2,51.5,2800,52.999059720874435,-3.3933433428888917,2800,51.22810233179825,-3.3048075430370365,27,31.472537993333333,950223.932657444,950223.932657444,0,1,13.764452954386245,18450.950148688233,9.822871146716555,950224
RPV,22,6,coinfection,1,1,N+P,1,2,16coinfectionN+P2shoot,0.1953,0.0143,1094.93,2,50.1,1000,53.61460039970443,-3.26696056811987,1000,48.158260637525146,-3.2357518895975863,01,33.31442515,38676.35279805295,38676.35279805295,0,1,10.562983653447576,771.9830897814959,6.6489626453567565,38676
RPV,22,6,coinfection,1,1,N+P,2,3,26coinfectionN+P3shoot,0.1356,0.009,925.125,3,49.5,28000,52.13787768317112,-3.5050912220000052,2800,51.016664544847124,-3.3567030586666666,28,29.46951866,2625062.8502711467,2625062.8502711467,0,1,14.78061539668167,53031.57273275044,10.878642727107025,2625063
RPV,22,6,coinfection,1,1,N+P,3,4,36coinfectionN+P4shoot,0.3025,0.0128,1340.312,2,51.2,2800,48.9850770018075,-3.0088815262222224,2800,51.57720035970756,-3.5260478969999998,22,32.00020790333333,356538.32405077876,356538.32405077876,0,1,12.784197013902386,6963.639141616773,8.848457481856924,356538
RPV,22,6,RPV,0,0,low,1,1,16RPVlow1shoot,0.1901,0.0188,1004.273,3,47.3,2800,53.91588388787196,-3.352839229851849,2800,54.45703351869864,-3.645049392402595,09,36.919694263333334,64755.425766291075,64755.425766291075,0,0,11.078372771669523,1369.036485545266,7.221862476171635,64755
RPV,22,6,RPV,0,0,low,1,2,16RPVlow2shoot,0.1294,0.0153,847.55,3,45.6,280000,55.570678024402135,-3.193670273333336,2800,53.185587483192926,-3.4022962243749992,08,34.19483439,381720.88944281783,381720.88944281783,0,0,12.852444964620735,8371.0721369039,9.032537248100397,381721
RPV,22,6,RPV,0,0,low,4,5,46RPVlow5shoot,0.3437,0.0214,1510.407,2,48.5,NA,NA,NA,2800,50.955086780014526,-3.518829324444444,32,32.283046723333335,202451.78096879934,202451.78096879934,0,0,12.218257018501383,4174.263525129883,8.336693220557946,202452
RPV,22,6,RPV,0,0,low,5,6,56RPVlow6shoot,0.2606,0.014,NA,NA,51.3,2800,55.29559506087862,-3.4535579345374523,2800,51.96716876869854,-3.3692454026666625,39,35.81643168,62169.438696956866,62169.438696956866,0,0,11.037618818703354,1211.8798966268396,7.09992806652663,62169
RPV,22,6,RPV,0,1,P,1,1,16RPVP1shoot,0.2093,0.0192,1126.791,3,48,2800,49.19482930996279,-3.0508223223333335,2800,50.71861645847463,-3.568601969833332,12,29.54318937,858649.4461861191,858649.4461861191,0,0,13.6631160224297,17888.530128877483,9.791915011521809,858649
RPV,22,6,RPV,0,1,P,1,2,16RPVP2shoot,0.2842,0.0223,1394.232,3,49.1,NA,NA,NA,2800,50.955086780014526,-3.518829324444444,32,34.37479273666666,51508.378221719984,51508.378221719984,0,0,10.849499757337128,1049.0504729474537,6.955640722536652,51508
RPV,22,6,RPV,0,1,P,3,4,36RPVP4shoot,0.2546,0.0157,1391.402,3,47.3,280000,55.570678024402135,-3.193670273333336,2800,53.185587483192926,-3.4022962243749992,08,33.8771197,473291.1212879565,473291.1212879565,0,0,13.06746595655497,10006.154784100561,9.210955661057083,473291
RPV,22,6,RPV,0,1,P,4,5,46RPVP5shoot,0.3922,0.018,1822.481,3,48.9,NA,NA,NA,2800,50.955086780014526,-3.518829324444444,32,33.44670867666667,94542.22896461608,94542.22896461608,0,0,11.456801881016789,1933.3789154318217,7.567024484535963,94542
RPV,22,6,RPV,0,1,P,5,6,56RPVP6shoot,0.3394,0.0194,NA,NA,48.1,NA,NA,NA,2800,51.922408000958875,-3.4942274306666654,40,35.10431289666666,65029.18572302723,65029.18572302723,0,0,11.08259145922594,1351.9581231398593,7.209309282114225,65029
RPV,22,6,RPV,1,0,N,1,1,16RPVN1shoot,0.2938,0.0134,1872.059,3,50.9,NA,NA,NA,2800,50.146141127929546,-3.4526552196666622,45,34.466540020000004,34778.97566840698,34778.97566840698,0,0,10.456768335732383,683.2804649981725,6.526905412175906,34779
RPV,22,6,RPV,1,0,N,1,2,16RPVN2shoot,0.1788,0.0144,1077.273,3,50.7,NA,NA,NA,2800,50.955086780014526,-3.518829324444444,32,32.736652373333335,150457.37763121843,150457.37763121843,0,0,11.921435117952745,2967.6011367104225,7.995509207355607,150457
RPV,22,6,RPV,1,0,N,2,3,26RPVN3shoot,0.1224,0.0021,696.02,3,47,2800,56.15578587325488,-3.476488848,2800,54.27998251009572,-3.6793323785294114,07,35.76471202,107705.14393190203,107705.14393190203,0,0,11.587152623674328,2291.5988070617454,7.7370050219642685,107705
RPV,22,6,RPV,1,0,N,3,4,36RPVN4shoot,0.3949,0.0183,2255.199,3,51.2,2800,53.91588388787196,-3.352839229851849,2800,54.45703351869864,-3.645049392402595,09,34.688049316666664,265164.9621677096,265164.9621677096,0,0,12.488107410042458,5179.003167338078,8.552367877996996,265165
RPV,22,6,RPV,1,0,N,4,5,46RPVN5shoot,0.3721,0.0112,1767.412,3,51.7,2800,56.15578587325488,-3.476488848,2800,54.27998251009572,-3.6793323785294114,07,35.652187346666665,115563.14451231988,115563.14451231988,0,0,11.657572365289221,2235.263917066148,7.712114583774839,115563
RPV,22,6,RPV,1,0,N,5,6,56RPVN6shoot,0.4673,0.0183,NA,NA,46.5,NA,NA,NA,2800,51.922408000958875,-3.4942274306666654,40,33.39789963,200198.30923572637,200198.30923572637,0,0,12.207063700451602,4305.3399835640075,8.367611387858291,200198
RPV,22,6,RPV,1,1,N+P,1,1,16RPVN+P1shoot,0.2706,0.0253,1589.097,2,49.7,NA,NA,NA,2800,50.61411033768001,-3.4558214213651874,33,29.198280970000003,1574091.956772843,1574091.956772843,0,0,14.269189128599118,31671.87035760247,10.363184195496535,1574092
RPV,22,6,RPV,1,1,N+P,1,2,16RPVN+P2shoot,0.1458,0.0051,922.883,2,48.8,NA,NA,NA,2800,50.61411033768001,-3.4558214213651874,33,29.69714928,1128948.605054211,1128948.605054211,0,0,13.936797319557273,23134.19272652072,10.049067006698174,1128949
RPV,22,6,RPV,1,1,N+P,2,3,26RPVN+P3shoot,0.1747,0.0136,1198.243,2,49.2,NA,NA,NA,2800,50.059162536277505,-3.4099823359999992,34,28.679403303333334,1861043.7935298185,1861043.7935298185,0,0,14.436648067604262,37826.0933644272,10.540754444106,1861044
RPV,22,6,RPV,1,1,N+P,3,4,36RPVN+P4shoot,0.362,0.012,2111.353,3,46.2,NA,NA,NA,2800,50.61411033768001,-3.4558214213651874,33,30.5615921,634648.2914239003,634648.2914239003,0,0,13.36082625265781,13736.976004846325,9.527846454570119,634648
RPV,22,6,RPV,1,1,N+P,4,5,46RPVN+P5shoot,0.1448,0.009,884.823,3,9.2,2800,49.19482930996279,-3.0508223223333335,2800,50.71861645847463,-3.568601969833332,12,34.58874766,33108.58067816118,33108.58067816118,0,0,10.407547762759334,3598.7587693653463,8.18834427870434,33109
RPV,22,6,RPV,1,1,N+P,5,6,56RPVN+P6shoot,0.4675,0.0181,NA,NA,51.4,NA,NA,NA,2800,51.922408000958875,-3.4942274306666654,40,32.95710118666666,267676.8903679694,267676.8903679694,0,0,12.497535899177565,5207.721602489677,8.557897726716446,267677
RPV,22,6,RPV,1,1,N+P,5,7,56RPVN+P7shoot,0.5506,0.201,NA,NA,51.5,NA,NA,NA,2800,51.922408000958875,-3.4942274306666654,40,37.04517237333334,18099.26481879234,18099.26481879234,0,0,9.803626598682715,351.4420353163561,5.862044791013024,18099
RPV,26,7,coinfection,0,0,low,2,3,27coinfectionlow3shoot,0.1309,0.0101,842.738,NA,50.5,28000,52.66682697726746,-3.3719715109999973,2800,49.88475912124668,-3.252348637592592,03,33.48881149,109967.37422906214,109967.37422906214,0,1,11.607939002863075,2177.571766912122,7.685965666581761,109967
RPV,26,7,coinfection,0,0,low,3,4,37coinfectionlow4shoot,0.3327,0.0259,1379.624,2,47.8,2800,52.211848476274724,-3.592351510388887,2800,49.45773254949748,-3.4075128553333314,24,30.160088223333332,460536.26720221835,460536.26720221835,0,1,13.040146887715851,9634.649941469004,9.17312124821844,460536
RPV,26,7,coinfection,0,0,low,4,5,47coinfectionlow5shoot,0.2894,0.0301,1720.706,3,50,2800,49.796860060958295,-3.144371795666668,2800,52.89612035071825,-3.4712520312962956,19,32.93196742,564005.1099009248,564005.1099009248,0,1,13.242818590547175,11280.102198018496,9.33079558511903,564005
RPV,26,7,coinfection,0,1,P,1,1,17coinfectionP1shoot,0.1031,0.0119,826.695,2,51.4,2800,52.999059720874435,-3.3933433428888917,2800,51.22810233179825,-3.3048075430370365,27,34.885467526666666,88127.08143944593,88127.08143944593,0,1,11.386535159006659,1714.5346583549792,7.44689698654554,88127
RPV,26,7,coinfection,0,1,P,1,2,17coinfectionP2shoot,0.1927,0.0231,1285.973,2,51,28000,52.13787768317112,-3.5050912220000052,2800,51.016664544847124,-3.3567030586666666,28,37.879487995,8198.119356593537,8198.119356593537,0,1,9.011660060191469,160.74743836457915,5.079834427467143,8198
RPV,26,7,coinfection,0,1,P,3,4,37coinfectionP4shoot,0.2341,0.023,1173.426,3,52.5,2800,50.86659032166355,-3.2532892863333336,2800,49.73738099187795,-3.558046975999998,21,35.653889973333335,9082.560196569999,9082.560196569999,0,1,9.114111391826766,173.00114660133332,5.153298222229187,9083
RPV,26,7,coinfection,0,1,P,4,5,47coinfectionP5shoot,0.3826,0.0209,1850.317,3,52.7,2800,52.9517160275321,-3.5594708759999985,2800,50.16044780753552,-3.3807856236666654,23,34.388445536666666,46258.17739556199,46258.17739556199,0,1,10.741993535864474,877.7642769556354,6.777378080317156,46258
RPV,26,7,coinfection,1,0,N,1,2,17coinfectionN2shoot,0.2045,0.0141,1036.465,3,47.2,2800,52.211848476274724,-3.592351510388887,2800,49.45773254949748,-3.4075128553333314,24,30.440603893333332,381014.1749972692,381014.1749972692,0,1,12.850591858134,8072.334216043838,8.996197965542493,381014
RPV,26,7,coinfection,1,0,N,2,3,27coinfectionN3shoot,0.1112,0.0084,591.694,NA,48,2800,49.796860060958295,-3.144371795666668,2800,52.89612035071825,-3.4712520312962956,19,32.61042913,698090.8539810312,698090.8539810312,0,1,13.456104536570608,14543.55945793815,9.584903525662718,698091
RPV,26,7,coinfection,1,0,N,3,4,37coinfectionN4shoot,0.3544,0.0236,1327.705,3,50.4,NA,NA,NA,2800,50.61411033768001,-3.4558214213651874,33,32.3604393,191428.43551125308,191428.43551125308,0,1,12.162269312855686,3798.1832442708946,8.242278137778364,191428
RPV,26,7,coinfection,1,0,N,4,5,47coinfectionN5shoot,0.2289,0.0156,1447.793,3,47.1,28000,52.13787768317112,-3.5050912220000052,2800,51.016664544847124,-3.3567030586666666,28,31.50183042,651164.8202819051,651164.8202819051,0,1,13.386518069302555,13825.155419997986,9.534245068280184,651165
RPV,26,7,coinfection,1,1,N+P,1,1,17coinfectionN+P1shoot,0.218,0.0159,1101.798,3,46.2,2800,55.42708360197174,-4.056960670962964,2800,52.638285444077184,-3.6371089514814825,41,32.86842981666667,272644.1657347677,272644.1657347677,0,1,12.515922801756536,5901.388868717915,8.682943003668843,272644
RPV,26,7,coinfection,1,1,N+P,1,2,17coinfectionN+P2shoot,0.2392,0.028,1449.097,3,49.1,2800,52.879494848272664,-3.458342488666665,28000,54.97219010593116,-3.370307922173914,20,32.40225855333333,4973901.475098502,4973901.475098502,0,1,15.4197150951675,101301.45570465381,11.525856060367026,4973901
RPV,26,7,coinfection,1,1,N+P,2,3,27coinfectionN+P3shoot,0.2044,NA,1449.416,NA,47.1,2800,49.796860060958295,-3.144371795666668,2800,52.89612035071825,-3.4712520312962956,19,30.09806315,3695520.202410953,3695520.202410953,0,1,15.122631887951966,78461.15079428775,11.270358886929595,3695520
RPV,26,7,coinfection,1,1,N+P,3,4,37coinfectionN+P4shoot,0.4907,0.0228,2539.619,4,52.1,NA,NA,NA,2800,50.955086780014526,-3.518829324444444,32,36.570756276666664,12241.004244780719,12241.004244780719,0,1,9.412546598842932,234.95209682880457,5.4593816500836105,12241
RPV,26,7,coinfection,1,1,N+P,4,5,47coinfectionN+P5shoot,0.1223,0.0071,827.591,2,48.8,2800,54.4608237007568,-3.962081251962963,2800,49.79641931559469,-3.1170673473333332,29,33.111077630000004,225370.66991987516,225370.66991987516,0,1,12.325501747541795,4618.251432784327,8.437771434682693,225371
RPV,26,7,coinfection,1,1,N+P,5,6,57coinfectionN+P6shoot,0.4783,0.0155,NA,NA,47.8,2800,55.29559506087862,-3.4535579345374523,2800,51.96716876869854,-3.3692454026666625,39,35.997867586666665,54919.4703660142,54919.4703660142,0,1,10.913623216099321,1148.9428946864896,7.04659757660191,54919
RPV,26,7,RPV,0,0,low,1,1,17RPVlow1shoot,0.3501,0.0311,1924.751,3,47.5,280000,55.570678024402135,-3.193670273333336,2800,53.185587483192926,-3.4022962243749992,08,31.78024165,1956324.8100750642,1956324.8100750642,0,0,14.486578174111328,41185.78547526451,10.625848463070731,1956325
RPV,26,7,RPV,0,0,low,1,2,17RPVlow2shoot,0.1915,0.0182,1065.005,3,46.3,NA,NA,NA,2800,50.059162536277505,-3.4099823359999992,34,30.193817136666667,669336.7395677716,669336.7395677716,0,0,13.414042560108372,14456.517053299602,9.578900599016185,669337
RPV,26,7,RPV,0,0,low,2,3,27RPVlow3shoot,0.1726,0.0145,985.687,NA,50.3,2800,56.15578587325488,-3.476488848,2800,54.27998251009572,-3.6793323785294114,07,36.19146474,82461.26451201746,82461.26451201746,0,0,11.320083940996787,1639.3889565013412,7.402078863891094,82461
RPV,26,7,RPV,0,0,low,4,5,47RPVlow5shoot,0.2815,0.0317,1557.682,4,47.6,NA,NA,NA,2800,50.146141127929546,-3.4526552196666622,45,31.27470271,292264.13964903523,292264.13964903523,0,0,12.58541326019657,6140.002933803261,8.722580498959195,292264
RPV,26,7,RPV,0,0,low,5,6,57RPVlow6shoot,0.2972,0.0186,NA,NA,51.7,NA,NA,NA,2800,51.922408000958875,-3.4942274306666654,40,37.60104370333333,12548.105989599235,12548.105989599235,0,0,9.437325016007382,242.70998045646488,5.4918672344929975,12548
RPV,26,7,RPV,0,0,low,5,7,57RPVlow7shoot,0.3267,0.0195,NA,NA,47.3,NA,NA,NA,2800,51.922408000958875,-3.4942274306666654,40,36.18198649,31966.33921625646,31966.33921625646,0,0,10.372438728655329,675.8211250794178,6.515928433157441,31966
RPV,26,7,RPV,0,1,P,1,2,17RPVP2shoot,0.1652,0.0125,1002.369,3,52.4,28000,52.66682697726746,-3.3719715109999973,2800,49.88475912124668,-3.252348637592592,03,32.52779515666667,217143.91060743193,217143.91060743193,0,0,12.288315595236972,4143.9677596838155,8.329409003909975,217144
RPV,26,7,RPV,0,1,P,2,3,27RPVP3shoot,0.1479,0.006,848.158,NA,47.2,2800,56.15578587325488,-3.476488848,2800,54.27998251009572,-3.6793323785294114,07,34.68505477666667,211677.5504401025,211677.5504401025,0,0,12.262819407286846,4484.693865256409,8.408425514695336,211678
RPV,26,7,RPV,0,1,P,3,4,37RPVP4shoot,0.1979,0.014,1152.702,3,48,NA,NA,NA,2800,50.955086780014526,-3.518829324444444,32,32.86756006666667,138105.6448022139,138105.6448022139,0,0,11.835774213306523,2877.2009333794563,7.964573202398632,138106
RPV,26,7,RPV,0,1,P,4,5,47RPVP5shoot,0.0826,0.0233,577.714,2,44.5,280000,55.570678024402135,-3.193670273333336,2800,53.185587483192926,-3.4022962243749992,08,34.15829722,391277.5233558299,391277.5233558299,0,0,12.877172365597596,8792.753333838873,9.081683176425402,391278
RPV,26,7,RPV,0,1,P,5,6,57RPVP6shoot,0.2923,0.0183,NA,NA,47.5,NA,NA,NA,2800,51.922408000958875,-3.4942274306666654,40,36.85592778666667,20503.12887097441,20503.12887097441,0,0,9.928332781332465,431.6448183363034,6.067603070291868,20503
RPV,26,7,RPV,1,0,N,1,1,17RPVN1shoot,0.2974,0.0152,1888.821,3,49.3,NA,NA,NA,2800,50.61411033768001,-3.4558214213651874,33,32.5843633,164896.05960625297,164896.05960625297,0,0,12.013070612605745,3344.747659356044,8.1151465315571,164896
RPV,26,7,RPV,1,0,N,1,2,17RPVN2shoot,0.282,0.0225,1961.701,3,52.4,NA,NA,NA,2800,50.955086780014526,-3.518829324444444,32,30.30542373666667,738470.6284610936,738470.6284610936,0,0,13.512336608275167,14092.950924830031,9.55343001694817,738471
RPV,26,7,RPV,1,0,N,3,4,37RPVN4shoot,0.5378,0.0271,2395.257,4,54.7,2800,56.15578587325488,-3.476488848,2800,54.27998251009572,-3.6793323785294114,07,34.97451782,176604.63308069625,176604.63308069625,0,0,12.081668801692897,3228.6038954423443,8.079805092264962,176605
RPV,26,7,RPV,1,0,N,5,6,57RPVN6shoot,0.5685,0.0222,NA,NA,48.2,NA,NA,NA,2800,51.922408000958875,-3.4942274306666654,40,37.33551152333333,14947.544292873103,14947.544292873103,0,0,9.61230230398018,310.1150268230934,5.736943282923624,14948
RPV,26,7,RPV,1,1,N+P,1,1,17RPVN+P1shoot,0.3255,0.0122,1584.147,3,52,NA,NA,NA,2800,50.146141127929546,-3.4526552196666622,45,30.174075443333333,608909.2723833472,608909.2723833472,0,0,13.319424557569645,11709.793699679753,9.368180838988218,608909
RPV,26,7,RPV,1,1,N+P,1,2,17RPVN+P2shoot,0.1432,0.0047,783.226,3,48.2,NA,NA,NA,2800,50.61411033768001,-3.4558214213651874,33,31.748872119999998,287722.4106428741,287722.4106428741,0,0,12.56975144237965,5969.344619146765,8.694392421323096,287722
RPV,26,7,RPV,1,1,N+P,2,3,27RPVN+P3shoot,0.1615,0.0041,995.33,NA,49.4,28000,52.66682697726746,-3.3719715109999973,2800,49.88475912124668,-3.252348637592592,03,32.142178853333334,285307.4701725272,285307.4701725272,0,0,12.56132272042883,5775.454861792048,8.661372296234953,285307
RPV,26,7,RPV,1,1,N+P,3,4,37RPVN+P4shoot,0.6471,0.0336,2899.173,4,48.2,2800,53.91588388787196,-3.352839229851849,2800,54.45703351869864,-3.645049392402595,09,35.10070801,204317.42668035367,204317.42668035367,0,0,12.227430076631228,4238.950761003188,8.352071055574674,204317
RPV,26,7,RPV,1,1,N+P,4,5,47RPVN+P5shoot,0.2587,0.0164,1694.027,3,47.3,2800,53.91588388787196,-3.352839229851849,2800,54.45703351869864,-3.645049392402595,09,34.772051493333336,251460.9692661382,251460.9692661382,0,0,12.435043064693701,5316.299561651971,8.578532769195814,251461
RPV,26,7,RPV,1,1,N+P,5,6,57RPVN+P6shoot,0.5164,0.0141,NA,NA,46.4,NA,NA,NA,2800,51.922408000958875,-3.4942274306666654,40,37.679492950000004,11915.90629102953,11915.90629102953,0,0,9.38562944967247,256.8083252377054,5.54832999044026,11916
RPV,29,8,coinfection,0,0,low,1,1,18coinfectionlow1shoot,0.0538,0.0027,514.796,2,30.2,2800,52.879494848272664,-3.458342488666665,28000,54.97219010593116,-3.370307922173914,20,36.53052393666667,296349.72865319403,296349.72865319403,0,1,12.599295551586053,9812.904922291193,9.19145362720523,296350
RPV,29,8,coinfection,0,0,low,1,2,18coinfectionlow2shoot,0.1421,0.0127,1000.814,3,50.9,28000,52.66682697726746,-3.3719715109999973,2800,49.88475912124668,-3.252348637592592,03,35.9046402,19882.396532602543,19882.396532602543,0,1,9.897590022874711,390.61682775250574,5.9677270993182345,19882
RPV,29,8,coinfection,0,0,low,2,3,28coinfectionlow3shoot,0.1232,0.0111,785.725,2,50.6,2800,50.87939654581369,-3.364814314000001,2800,51.71905653844353,-3.58935585048148,18,30.766843796666667,687572.2522751492,687572.2522751492,0,1,13.440922197219251,13588.384432315203,9.516970620925832,687572
RPV,29,8,coinfection,0,0,low,3,4,38coinfectionlow4shoot,0.3377,0.0368,1364.437,3,50.4,28000,52.13787768317112,-3.5050912220000052,2800,51.016664544847124,-3.3567030586666666,28,29.890988033333333,1965980.4206950327,1965980.4206950327,0,1,14.491501620684945,39007.54802966335,10.571510445607622,1965980
RPV,29,8,coinfection,0,0,low,4,5,48coinfectionlow5shoot,0.5683,0.0454,2631.081,3,51.8,2800,52.879494848272664,-3.458342488666665,28000,54.97219010593116,-3.370307922173914,20,36.97175089666667,219224.26092631154,219224.26092631154,0,1,12.29785050733984,4232.1285893110335,8.350460358074402,219224
RPV,29,8,coinfection,0,1,P,1,2,18coinfectionP2shoot,0.1368,0.0148,919.097,2,46.1,2800,52.396041698335196,-3.4743881866666664,2800,49.87804498427564,-3.345626683222222,25,33.03890991,107938.93689298877,107938.93689298877,0,1,11.589320947068996,2341.408609392381,7.758507997066394,107939
RPV,29,8,coinfection,0,1,P,3,4,38coinfectionP4shoot,0.3429,0.0445,1787.92,4,51.4,28000,52.13787768317112,-3.5050912220000052,2800,51.016664544847124,-3.3567030586666666,28,29.375012716666667,2800877.4094691947,2800877.4094691947,0,1,14.84544328658299,54491.77839434231,10.90580511412187,2800877
RPV,29,8,coinfection,0,1,P,4,5,48coinfectionP5shoot,0.1918,0.0285,1087.051,3,47.7,2800,52.999059720874435,-3.3933433428888917,2800,51.22810233179825,-3.3048075430370365,27,32.157804490000004,589483.3335132792,589483.3335132792,0,1,13.28700172631779,12358.141163800403,9.422070328423494,589483
RPV,29,8,coinfection,1,0,N,1,1,18coinfectionN1shoot,0.1127,0.0068,807.925,3,46.7,2800,50.37211045984439,-3.366426213999998,2800,49.476777238956124,-3.068125512222223,30,31.00500806333333,1048428.8387263336,1048428.8387263336,0,1,13.86280325742271,22450.29633246967,10.01905909274786,1048429
RPV,29,8,coinfection,1,0,N,1,2,18coinfectionN2shoot,0.4163,0.0145,2285.887,3,52.3,2800,52.999059720874435,-3.3933433428888917,2800,51.22810233179825,-3.3048075430370365,27,30.813646316666667,1503833.1537909803,1503833.1537909803,0,1,14.22352784235878,28753.97999600345,10.266531471287903,1503833
RPV,29,8,coinfection,1,0,N,4,5,48coinfectionN5shoot,0.4686,0.022,2142.78,3,46.2,2800,50.86659032166355,-3.2532892863333336,2800,49.73738099187795,-3.558046975999998,21,27.648727416666667,1614669.862225078,1614669.862225078,0,1,14.29464107406747,34949.56411742593,10.461661275979777,1614670
RPV,29,8,coinfection,1,0,N,5,6,58coinfectionN6shoot,0.5319,0.0206,NA,NA,49.4,2800,55.29559506087862,-3.4535579345374523,2800,51.96716876869854,-3.3692454026666625,39,39.25383758666666,5933.989146010065,5933.989146010065,0,1,8.688451971730467,120.1212377734831,4.78850154753659,5934
RPV,29,8,coinfection,1,1,N+P,1,1,18coinfectionN+P1shoot,0.4274,0.0179,2246.529,3,52.5,2800,49.796860060958295,-3.144371795666668,2800,52.89612035071825,-3.4712520312962956,19,31.166795093333334,1818841.0802430164,1818841.0802430164,0,1,14.413710087132188,34644.59200462888,10.45289691753461,1818841
RPV,29,8,coinfection,1,1,N+P,1,2,18coinfectionN+P2shoot,0.2812,0.01,1764.674,4,49,2800,52.9517160275321,-3.5594708759999985,2800,50.16044780753552,-3.3807856236666654,23,28.228370666666667,3070947.2937623905,3070947.2937623905,0,1,14.93749663671052,62672.393750252864,11.045676338599893,3070947
RPV,29,8,coinfection,1,1,N+P,2,3,28coinfectionN+P3shoot,0.1783,0.0121,1044.037,2,50,2800,53.33356800985676,-3.7565678919999974,2800,52.04851390697174,-3.525956916333331,43,39.076812743333335,4774.3749667605,4774.3749667605,0,1,8.471018347333562,95.48749933520999,4.5589953419054146,4774
RPV,29,8,coinfection,1,1,N+P,4,5,48coinfectionN+P5shoot,0.4124,0.0241,2200.192,3,47.6,2800,52.9517160275321,-3.5594708759999985,2800,50.16044780753552,-3.3807856236666654,23,28.47330602,2599100.7915340196,2599100.7915340196,0,1,14.770676093762019,54602.95780533655,10.907843332524644,2599101
RPV,29,8,RPV,0,0,low,1,1,18RPVlow1shoot,0.2318,0.0101,1327.734,3,46.9,2800,53.91588388787196,-3.352839229851849,2800,54.45703351869864,-3.645049392402595,09,32.115151723333334,1347029.0712005177,1347029.0712005177,0,0,14.113412037342622,28721.302157793554,10.265394361890388,1347029
RPV,29,8,RPV,0,0,low,1,2,18RPVlow2shoot,0.2731,0.0118,1345.207,3,50.2,2800,49.19482930996279,-3.0508223223333335,2800,50.71861645847463,-3.568601969833332,12,34.34256617333333,38808.4214679614,38808.4214679614,0,0,10.56639255020316,773.0761248597888,6.650377523505476,38808
RPV,29,8,RPV,0,0,low,2,3,28RPVlow3shoot,0.1837,0.013,1191.316,3,47.3,280000,55.570678024402135,-3.193670273333336,2800,53.185587483192926,-3.4022962243749992,08,31.408306120000002,2516285.6212985762,2516285.6212985762,0,0,14.738294412338103,53198.42751159781,10.881784116840215,2516286
RPV,29,8,RPV,0,0,low,3,4,38RPVlow4shoot,0.3552,0.0254,1770.229,4,51.6,NA,NA,NA,2800,50.955086780014526,-3.518829324444444,32,32.97459539,128763.73074435418,128763.73074435418,0,0,11.765734459397734,2495.4211384564765,7.8222127869102165,128764
RPV,29,8,RPV,0,0,low,4,5,48RPVlow5shoot,0.2414,0.0264,1576.456,3,48,2800,53.91588388787196,-3.352839229851849,2800,54.45703351869864,-3.645049392402595,09,33.930520376666664,427897.935486821,427897.935486821,0,0,12.966639977637067,8914.540322642104,9.095438966729176,427898
RPV,29,8,RPV,0,0,low,5,6,58RPVlow6shoot,0.3496,0.0202,NA,NA,53.2,NA,NA,NA,2800,51.922408000958875,-3.4942274306666654,40,36.19286855,31737.93068447985,31737.93068447985,0,0,10.365267796128968,596.5776444451099,6.391209399781369,31738
RPV,29,8,RPV,0,0,low,5,7,58RPVlow7shoot,0.4343,0.0255,NA,NA,53.3,NA,NA,NA,2800,51.922408000958875,-3.4942274306666654,40,36.46209462666666,26578.458806038587,26578.458806038587,0,0,10.187856347367129,498.65776371554574,6.2119200161953305,26578
RPV,29,8,RPV,0,1,P,1,1,18RPVP1shoot,0.2455,0.0141,1335.6,4,48.6,280000,55.570678024402135,-3.193670273333336,2800,53.185587483192926,-3.4022962243749992,08,41.00194168,3810.717611475003,3810.717611475003,0,0,8.245572799853717,78.409827396605,4.361949268947269,3811
RPV,29,8,RPV,0,1,P,1,2,18RPVP2shoot,0.0927,0.0023,875.068,4,46.1,2800,53.91588388787196,-3.352839229851849,2800,54.45703351869864,-3.645049392402595,09,33.68296686666667,500328.4350797365,500328.4350797365,0,0,13.123020031919028,10853.111390015976,9.292207081916425,500328
RPV,29,8,RPV,0,1,P,3,4,38RPVP4shoot,0.3281,0.0324,1782.715,4,50.4,NA,NA,NA,2800,50.059162536277505,-3.4099823359999992,34,31.62981033666667,253822.49402094397,253822.49402094397,0,0,12.444390459259242,5036.1605956536505,8.52439928418192,253822
RPV,29,8,RPV,0,1,P,4,5,48RPVP5shoot,0.2991,0.0246,1659.823,3,48.8,NA,NA,NA,2800,50.146141127929546,-3.4526552196666622,45,30.57797686,465125.0679300962,465125.0679300962,0,0,13.050061611695881,9531.251392010168,9.16233129883678,465125
RPV,29,8,RPV,1,0,N,1,2,18RPVN2shoot,0.4868,0.0171,2531.614,4,49.4,NA,NA,NA,2800,50.059162536277505,-3.4099823359999992,34,29.45533498,1102070.7297973342,1102070.7297973342,0,0,13.912701449754527,22309.12408496628,10.01275102556065,1102071
RPV,29,8,RPV,1,0,N,3,4,38RPVN4shoot,0.4673,0.0265,2267.766,4,48.8,NA,NA,NA,2800,50.059162536277505,-3.4099823359999992,34,30.61689313,503007.91041888966,503007.91041888966,0,0,13.128361175437123,10307.539147928068,9.240630862578021,503008
RPV,29,8,RPV,1,0,N,4,5,48RPVN5shoot,0.3278,0.0165,1840.94,4,50,NA,NA,NA,2800,50.146141127929546,-3.4526552196666622,45,30.932317736666665,367232.6037041663,367232.6037041663,0,0,12.813750723830896,7344.652074083326,8.90172771840275,367233
RPV,29,8,RPV,1,0,N,5,6,58RPVN6shoot,0.5625,0.0174,NA,NA,51.9,NA,NA,NA,2800,51.922408000958875,-3.4942274306666654,40,39.49618784333333,3599.265633466254,3599.265633466254,0,0,8.188485112931449,69.35001220551548,4.239166322759607,3599
RPV,29,8,RPV,1,0,N,5,7,58RPVN7shoot,0.2994,0.0064,NA,NA,52.9,NA,NA,NA,2800,50.146141127929546,-3.4526552196666622,45,31.70780690333333,218944.79593693075,218944.79593693075,0,0,12.296574903675463,4138.843023382434,8.32817156481121,218945
RPV,29,8,RPV,1,1,N+P,1,1,18RPVN+P1shoot,0.3691,0.0101,2055.234,3,48.8,NA,NA,NA,2800,50.955086780014526,-3.518829324444444,32,29.917809803333334,951672.360392764,951672.360392764,0,0,13.765976095285817,19501.48279493369,9.878245782426715,951672
RPV,29,8,RPV,1,1,N+P,2,3,28RPVN+P3shoot,0.381,0.0309,1791.846,3,46.4,NA,NA,NA,2800,50.61411033768001,-3.4558214213651874,33,33.27366384,104171.65968598258,104171.65968598258,0,0,11.553795391327167,2245.0788725427283,7.716495932094958,104172
RPV,29,8,RPV,1,1,N+P,3,4,38RPVN+P4shoot,0.5115,0.0262,2500.647,4,48.2,NA,NA,NA,2800,50.61411033768001,-3.4558214213651874,33,31.90978432,258470.53471413624,258470.53471413624,0,0,12.462536980801797,5362.459226434362,8.587177959745242,258471
RPV,29,8,RPV,1,1,N+P,4,5,48RPVN+P5shoot,0.5065,0.0236,2775.965,4,49,2800,49.19482930996279,-3.0508223223333335,2800,50.71861645847463,-3.568601969833332,12,34.59325663333333,33012.396374528915,33012.396374528915,0,0,10.404638417623676,673.722374990386,6.51281811951305,33012
RPV,29,8,RPV,1,1,N+P,5,6,58RPVN+P6shoot,0.5097,0.0179,NA,NA,50.5,NA,NA,NA,2800,50.146141127929546,-3.4526552196666622,45,30.22370275,589086.3007452517,589086.3007452517,0,0,13.286327972690502,11665.075262282213,9.364354636409189,589086
RPV,29,8,RPV,1,1,N+P,5,7,58RPVN+P7shoot,0.5655,0.0197,NA,NA,47.6,NA,NA,NA,2800,50.146141127929546,-3.4526552196666622,45,34.247360226666665,40253.00474050472,40253.00474050472,0,0,10.602939931998398,845.651360094637,6.740107170761023,40253
