target,dpi,time,inoc,high_N,high_P,nutrient,round,replicate,sample,shoot_mass.g,root_mass.g,leaf_area.mm2,leaves,mass_ext.mg,PAVmin,PAVint,PAVslope,RPVmin,RPVint,RPVslope,q_group,tech_cycle,quant,quant_adj,quant_zero,co,present
PAV,5,1,coinfection,0,0,low,1,2,11coinfectionlow2shoot,0.1532,0.0133,746.368,2,45.4,2800,49.796860060958295,-3.144371795666668,2800,52.89612035071825,-3.4712520312962956,19,NaN,NaN,0,1,1,0
PAV,5,1,coinfection,0,0,low,2,3,21coinfectionlow3shoot,0.134,0.0176,679.762,2,50.7,2800,48.9850770018075,-3.0088815262222224,2800,51.57720035970756,-3.5260478969999998,22,40.472427370000005,674.7984598149073,0,1,1,0
PAV,5,1,coinfection,0,0,low,3,4,31coinfectionlow4shoot,0.2073,0.0185,1046.657,2,52.2,2800,53.33356800985676,-3.7565678919999974,2800,52.04851390697174,-3.525956916333331,43,44.78379821666667,188.77845275942215,0,1,1,0
PAV,5,1,coinfection,0,1,P,1,1,11coinfectionP1shoot,0.1564,0.0115,707.601,2,48.7,2800,48.9850770018075,-3.0088815262222224,2800,51.57720035970756,-3.5260478969999998,22,37.805473325,5194.391581654531,5194.391581654531,0,1,1
PAV,5,1,coinfection,0,1,P,1,2,11coinfectionP2shoot,0.1427,0.0117,737.51,2,47.7,2800,50.86659032166355,-3.2532892863333336,2800,49.73738099187795,-3.558046975999998,21,NaN,NaN,0,1,1,0
PAV,5,1,coinfection,0,1,P,3,4,31coinfectionP4shoot,0.1573,0.0129,697.557,2,50.2,2800,50.87939654581369,-3.364814314000001,2800,51.71905653844353,-3.58935585048148,18,43.02331924333333,216.15879392575005,0,1,1,0
PAV,5,1,coinfection,1,0,N,1,1,11coinfectionN1shoot,0.2075,0.0193,1071.933,2,47.3,2800,52.155716614930085,-3.531808133222223,2800,53.07666939625254,-3.84486738162963,26,45.96311569,56.6734652364017,0,1,1,0
PAV,5,1,coinfection,1,0,N,1,2,11coinfectionN2shoot,0.1319,0.011,642.632,2,50.2,2800,52.396041698335196,-3.4743881866666664,2800,49.87804498427564,-3.345626683222222,25,39.431690215,5387.727039204999,5387.727039204999,0,1,1
PAV,5,1,coinfection,1,0,N,2,3,21coinfectionN3shoot,0.1361,0.0121,722.77,2,54.8,1000,53.61460039970443,-3.26696056811987,1000,48.158260637525146,-3.2357518895975863,01,NaN,NaN,0,1,1,0
PAV,5,1,coinfection,1,0,N,3,4,31coinfectionN4shoot,0.1585,0.0111,675.06,2,48.4,2800,53.33356800985676,-3.7565678919999974,2800,52.04851390697174,-3.525956916333331,43,46.97721481,49.211202237060384,0,1,1,0
PAV,5,1,coinfection,1,1,N+P,1,1,11coinfectionN+P1shoot,0.1049,0.0067,497.974,1,47.3,2800,52.999059720874435,-3.3933433428888917,2800,51.22810233179825,-3.3048075430370365,27,40.412874220000006,5117.773408651812,5117.773408651812,0,1,1
PAV,5,1,coinfection,1,1,N+P,1,2,11coinfectionN+P2shoot,0.1795,0.0111,883.895,2,47.9,2800,52.155716614930085,-3.531808133222223,2800,53.07666939625254,-3.84486738162963,26,39.42761993,4016.494279342736,4016.494279342736,0,1,1
PAV,5,1,coinfection,1,1,N+P,2,3,21coinfectionN+P3shoot,0.1683,0.0144,978.173,2,46.2,2800,51.38179051920926,-3.4672812150000007,2800,49.968065771911625,-3.525420062,31,40.024581909999995,1885.9805167161162,0,1,1,0
PAV,5,1,coinfection,1,1,N+P,3,4,31coinfectionN+P4shoot,0.1188,0.0102,663.821,2,46.2,2800,52.155716614930085,-3.531808133222223,2800,53.07666939625254,-3.84486738162963,26,43.27455139,327.05650458243935,0,1,1,0
PAV,5,1,PAV,0,0,low,1,1,11PAVlow1shoot,0.1331,0.0124,709.894,2,47.8,2800,48.97662263167208,-3.3588090899999994,NA,NA,NA,13,39.86024094,517.8104857617413,0,1,0,0
PAV,5,1,PAV,0,0,low,1,2,11PAVlow2shoot,0.04,0.0026,206.837,1,16.2,2800,49.60374995845039,-3.348891957999999,NA,NA,NA,15,39.78754044,853.4563432055195,0,1,0,0
PAV,5,1,PAV,0,0,low,2,3,21PAVlow3shoot,0.1859,0.0193,979.905,2,53.4,2800,51.174255418315916,-3.3517181390000026,NA,NA,NA,42,39.20645905,3720.876237641986,3720.876237641986,0,0,1
PAV,5,1,PAV,0,0,low,3,4,31PAVlow4shoot,0.0548,0.0135,176.912,1,19.4,2800,49.67861051029473,-3.3854052233333336,NA,NA,NA,16,40.44931793,532.3536721580515,0,1,0,0
PAV,5,1,PAV,0,0,low,5,6,51PAVlow6shoot,0.1963,0.0164,NA,NA,48.9,2800,51.174255418315916,-3.3517181390000026,NA,NA,NA,42,41.21794891,934.3471973218445,0,1,0,0
PAV,5,1,PAV,0,1,P,1,1,11PAVP1shoot,0.0434,0.0026,203.617,1,22.8,2800,50.34818138034469,-3.3574419663333335,NA,NA,NA,14,NaN,NaN,0,1,0,0
PAV,5,1,PAV,0,1,P,1,2,11PAVP2shoot,0.1333,0.0108,616.449,2,48.8,2800,48.97662263167208,-3.3588090899999994,NA,NA,NA,13,40.401126865,357.38457987973646,0,1,0,0
PAV,5,1,PAV,0,1,P,2,3,21PAVP3shoot,0.1894,0.0211,938.849,2,48.9,2800,48.97662263167208,-3.3588090899999994,NA,NA,NA,13,39.719299316666664,570.3384161890081,0,1,0,0
PAV,5,1,PAV,0,1,P,3,4,31PAVP4shoot,0.1744,0.0243,886.467,2,45.8,2800,49.67861051029473,-3.3854052233333336,NA,NA,NA,16,39.99801636,723.6161406094323,0,1,0,0
PAV,5,1,PAV,0,1,P,4,5,41PAVP5shoot,0.2299,0.0248,1045.082,2,42,2800,55.29559506087862,-3.4535579345374523,2800,51.96716876869854,-3.3692454026666625,39,42.037525175,6901.758272444393,6901.758272444393,0,0,1
PAV,5,1,PAV,0,1,P,5,6,51PAVP6shoot,0.2017,0.0209,NA,NA,45.5,2800,53.470203207138084,-3.4629721319999986,NA,NA,NA,36,NaN,NaN,0,1,0,0
PAV,5,1,PAV,1,0,N,1,1,11PAVN1shoot,0.1343,0.0166,749.404,2,46,2800,48.97662263167208,-3.3588090899999994,NA,NA,NA,13,43.369792939999996,46.69721415027832,0,1,0,0
PAV,5,1,PAV,1,0,N,1,2,11PAVN2shoot,0.0811,0.0035,416.166,1,42.2,2800,51.38179051920926,-3.4672812150000007,2800,49.968065771911625,-3.525420062,31,48.29973602,7.742774384361549,0,1,0,0
PAV,5,1,PAV,1,0,N,2,3,21PAVN3shoot,0.0931,0.0083,502.888,1,41.4,2800,49.60374995845039,-3.348891957999999,NA,NA,NA,15,37.24664179333333,4896.767392772047,4896.767392772047,0,0,1
PAV,5,1,PAV,1,0,N,3,4,31PAVN4shoot,0.1713,0.0181,759.716,2,48,2800,50.22608974830922,-3.560085041666667,NA,NA,NA,17,NaN,NaN,0,1,0,0
PAV,5,1,PAV,1,0,N,4,5,41PAVN5shoot,0.2206,0.03,901.95,2,49.9,2800,49.67861051029473,-3.3854052233333336,NA,NA,NA,16,NaN,NaN,0,1,0,0
PAV,5,1,PAV,1,0,N,5,6,51PAVN6shoot,0.2599,0.0215,NA,NA,49.1,2800,53.470203207138084,-3.4629721319999986,NA,NA,NA,36,NaN,NaN,0,1,0,0
PAV,5,1,PAV,1,1,N+P,1,1,11PAVN+P1shoot,0.1906,0.0123,798.141,2,51.9,2800,51.174255418315916,-3.3517181390000026,NA,NA,NA,42,43.73303986,166.00444864695737,0,1,0,0
PAV,5,1,PAV,1,1,N+P,1,1,11PAVN+P1shoot,0.1906,0.0123,798.141,2,51.9,2800,54.443033163112105,-3.0831486584444425,28000,54.8519049823941,-3.428139813999994,04,NaN,NaN,0,1,0,0
PAV,5,1,PAV,1,1,N+P,1,2,11PAVN+P2shoot,0.1466,0.0113,580.05,2,51.6,2800,48.97662263167208,-3.3588090899999994,NA,NA,NA,13,39.94274775,489.3352883846258,0,1,0,0
PAV,5,1,PAV,1,1,N+P,2,3,21PAVN+P3shoot,0.1842,0.0261,937.815,2,50.3,1000,53.61460039970443,-3.26696056811987,1000,48.158260637525146,-3.2357518895975863,01,NaN,NaN,0,1,0,0
PAV,5,1,PAV,1,1,N+P,2,3,21PAVN+P3shoot,0.1842,0.0261,937.815,2,50.3,2800,51.174255418315916,-3.3517181390000026,NA,NA,NA,42,42.62699509,354.9058012813032,0,1,0,0
PAV,5,1,PAV,1,1,N+P,3,4,31PAVN+P4shoot,0.2115,0.023,914.012,2,50.7,2800,50.34818138034469,-3.3574419663333335,NA,NA,NA,14,NaN,NaN,0,1,0,0
PAV,5,1,PAV,1,1,N+P,4,5,41PAVN+P5shoot,0.2165,0.0188,890.048,2,49.4,2800,50.22608974830922,-3.560085041666667,NA,NA,NA,17,40.29893875,614.4109545928537,0,1,0,0
PAV,5,1,PAV,1,1,N+P,5,6,51PAVN+P6shoot,0.1823,0.0163,NA,NA,52.5,2800,53.470203207138084,-3.4629721319999986,NA,NA,NA,36,NaN,NaN,0,1,0,0
PAV,8,2,coinfection,0,0,low,1,2,12coinfectionlow2shoot,0.0778,0.0791,991.742,2,49.4,1000,53.61460039970443,-3.26696056811987,1000,48.158260637525146,-3.2357518895975863,01,NaN,NaN,0,1,1,0
PAV,8,2,coinfection,0,0,low,2,3,22coinfectionlow3shoot,0.1629,0.0279,827.857,2,51.7,2800,52.9517160275321,-3.5594708759999985,2800,50.16044780753552,-3.3807856236666654,23,43.8682251,356.3868642282203,0,1,1,0
PAV,8,2,coinfection,0,0,low,3,4,32coinfectionlow4shoot,0.1955,0.018,1023.615,2,47.2,2800,50.87939654581369,-3.364814314000001,2800,51.71905653844353,-3.58935585048148,18,41.02581787,848.0408510494805,0,1,1,0
PAV,8,2,coinfection,0,0,low,4,5,42coinfectionlow5shoot,0.3019,0.0174,1515.234,2,46.3,2800,52.396041698335196,-3.4743881866666664,2800,49.87804498427564,-3.345626683222222,25,NaN,NaN,0,1,1,0
PAV,8,2,coinfection,0,0,low,5,6,52coinfectionlow6shoot,0.1961,0.0126,NA,NA,50.8,2800,53.29624884074607,-3.534526507333334,2800,51.224510321393424,-3.509619395666665,38,44.04315948,414.8726735354956,0,1,1,0
PAV,8,2,coinfection,0,1,P,1,1,12coinfectionP1shoot,0.1392,0.0409,865.919,2,46.8,2800,50.86659032166355,-3.2532892863333336,2800,49.73738099187795,-3.558046975999998,21,41.50041962,756.8065655836245,0,1,1,0
PAV,8,2,coinfection,0,1,P,1,2,12coinfectionP2shoot,0.0504,0.0096,280.923,1,30.3,2800,51.38179051920926,-3.4672812150000007,2800,49.968065771911625,-3.525420062,31,37.67944972,8951.539666893728,8951.539666893728,0,1,1
PAV,8,2,coinfection,0,1,P,2,3,22coinfectionP3shoot,0.1011,0.0101,466.961,2,48.1,2800,48.9850770018075,-3.0088815262222224,2800,51.57720035970756,-3.5260478969999998,22,36.68560791,12238.305665077078,12238.305665077078,0,1,1
PAV,8,2,coinfection,0,1,P,3,4,32coinfectionP4shoot,0.1839,0.0166,867.683,2,48.1,2800,50.87939654581369,-3.364814314000001,2800,51.71905653844353,-3.58935585048148,18,40.397100449999996,1303.9691825606894,0,1,1,0
PAV,8,2,coinfection,0,1,P,4,5,42coinfectionP5shoot,0.2698,0.018,1122.714,2,48.5,2800,51.34012946917131,-3.5167511616666647,2800,53.4943096934593,-3.772950433592596,44,NaN,NaN,0,1,1,0
PAV,8,2,coinfection,0,1,P,5,6,52coinfectionP6shoot,0.1925,0.014,NA,NA,48.5,2800,53.29624884074607,-3.534526507333334,2800,51.224510321393424,-3.509619395666665,38,43.43665314,615.8991742316242,0,1,1,0
PAV,8,2,coinfection,1,0,N,1,1,12coinfectionN1shoot,0.1858,0.0373,1158.226,2,48.8,28000,52.66682697726746,-3.3719715109999973,2800,49.88475912124668,-3.252348637592592,03,45.31032944,151.93598429534364,0,1,1,0
PAV,8,2,coinfection,1,0,N,2,3,22coinfectionN3shoot,0.206,0.0203,924.273,2,49.3,2800,50.37211045984439,-3.366426213999998,2800,49.476777238956124,-3.068125512222223,30,41.27508545,503.82491196655656,0,1,1,0
PAV,8,2,coinfection,1,0,N,3,4,32coinfectionN4shoot,0.0914,0.0081,405.019,2,43.9,2800,52.9517160275321,-3.5594708759999985,2800,50.16044780753552,-3.3807856236666654,23,NaN,NaN,0,1,1,0
PAV,8,2,coinfection,1,0,N,4,5,42coinfectionN5shoot,0.1014,0.0033,419.192,2,50.8,2800,48.9850770018075,-3.0088815262222224,2800,51.57720035970756,-3.5260478969999998,22,40.83114624,512.8071570922356,0,1,1,0
PAV,8,2,coinfection,1,0,N,5,6,52coinfectionN6shoot,0.2522,0.0188,NA,NA,48.5,2800,53.29624884074607,-3.534526507333334,2800,51.224510321393424,-3.509619395666665,38,44.598929086666665,288.8515109967775,0,1,1,0
PAV,8,2,coinfection,1,1,N+P,1,1,12coinfectionN+P1shoot,0.1832,0.0472,1054.471,2,48.1,2800,50.37211045984439,-3.366426213999998,2800,49.476777238956124,-3.068125512222223,30,NaN,NaN,0,1,1,0
PAV,8,2,coinfection,1,1,N+P,2,3,22coinfectionN+P3shoot,0.1972,0.0253,1026.76,2,49.5,2800,54.443033163112105,-3.0831486584444425,28000,54.8519049823941,-3.428139813999994,04,NaN,NaN,0,1,1,0
PAV,8,2,coinfection,1,1,N+P,3,4,32coinfectionN+P4shoot,0.288,0.0229,1360.655,2,51.5,2800,49.796860060958295,-3.144371795666668,2800,52.89612035071825,-3.4712520312962956,19,42.21619415333333,257.55392920335214,0,1,1,0
PAV,8,2,coinfection,1,1,N+P,4,5,42coinfectionN+P5shoot,0.3639,0.023,1657.85,2,48.6,2800,50.37211045984439,-3.366426213999998,2800,49.476777238956124,-3.068125512222223,30,43.07176971,147.42560796219354,0,1,1,0
PAV,8,2,coinfection,1,1,N+P,5,6,52coinfectionN+P6shoot,0.3703,0.0183,NA,NA,47.6,2800,53.29624884074607,-3.534526507333334,2800,51.224510321393424,-3.509619395666665,38,NaN,NaN,0,1,1,0
PAV,8,2,PAV,0,0,low,1,1,12PAVlow1shoot,0.1433,0.0175,780.449,2,47.4,2800,49.67861051029473,-3.3854052233333336,NA,NA,NA,16,40.21251297,625.3872640507328,0,1,0,0
PAV,8,2,PAV,0,0,low,1,2,12PAVlow2shoot,0.1013,0.0163,570.053,2,49.2,2800,49.60374995845039,-3.348891957999999,NA,NA,NA,15,NaN,NaN,0,1,0,0
PAV,8,2,PAV,0,0,low,3,4,32PAVlow4shoot,0.1617,0.0151,722.582,2,47.8,2800,49.67861051029473,-3.3854052233333336,NA,NA,NA,16,40.8719902,399.3456390865844,0,1,0,0
PAV,8,2,PAV,0,0,low,4,5,42PAVlow5shoot,0.1886,0.0178,954.602,2,52.4,2800,50.22608974830922,-3.560085041666667,NA,NA,NA,17,46.60229492,10.420668489341887,0,1,0,0
PAV,8,2,PAV,0,0,low,5,6,52PAVlow6shoot,0.2274,0.0212,NA,NA,52.1,2800,53.470203207138084,-3.4629721319999986,NA,NA,NA,36,40.40204239,5938.592237252709,5938.592237252709,0,0,1
PAV,8,2,PAV,0,1,P,1,1,12PAVP1shoot,0.1688,0.0177,987.201,2,49.2,2800,51.38179051920926,-3.4672812150000007,2800,49.968065771911625,-3.525420062,31,38.139669415,6594.252750255093,6594.252750255093,0,0,1
PAV,8,2,PAV,0,1,P,1,2,12PAVP2shoot,0.0673,0.0124,407.183,1,26.6,2800,48.97662263167208,-3.3588090899999994,NA,NA,NA,13,38.93480428,976.5535757929333,0,1,0,0
PAV,8,2,PAV,0,1,P,2,3,22PAVP3shoot,0.1243,0.0198,610.418,2,46.8,2800,49.67861051029473,-3.3854052233333336,NA,NA,NA,16,41.498073579999996,260.8632632285299,0,1,0,0
PAV,8,2,PAV,0,1,P,3,4,32PAVP4shoot,0.1446,0.0106,706.147,2,46.4,2800,50.34818138034469,-3.3574419663333335,NA,NA,NA,14,41.25732994,510.11953049263326,0,1,0,0
PAV,8,2,PAV,0,1,P,4,5,42PAVP5shoot,0.2177,0.0185,1100.71,2,47.7,2800,49.60374995845039,-3.348891957999999,NA,NA,NA,15,48.35261154,2.36372922868481,0,1,0,0
PAV,8,2,PAV,0,1,P,5,6,52PAVP6shoot,0.1621,0.0148,NA,NA,47.3,2800,53.470203207138084,-3.4629721319999986,NA,NA,NA,36,40.936807630000004,4161.59418655611,4161.59418655611,0,0,1
PAV,8,2,PAV,1,0,N,1,1,12PAVN1shoot,0.2734,0.0232,1649.779,2,49.1,2800,50.34818138034469,-3.3574419663333335,NA,NA,NA,14,45.63761902,25.294216467253065,0,1,0,0
PAV,8,2,PAV,1,0,N,1,2,12PAVN2shoot,0.1683,0.0293,1066.163,2,50.4,2800,49.60374995845039,-3.348891957999999,NA,NA,NA,15,37.67148971333334,3656.3456030038265,3656.3456030038265,0,0,1
PAV,8,2,PAV,1,0,N,2,3,22PAVN3shoot,0.2127,0.0128,964.634,2,49.6,2800,51.38179051920926,-3.4672812150000007,2800,49.968065771911625,-3.525420062,31,NaN,NaN,0,1,0,0
PAV,8,2,PAV,1,0,N,3,4,32PAVN4shoot,0.239,0.0195,1136.941,2,47.4,2800,49.67861051029473,-3.3854052233333336,NA,NA,NA,16,36.732790630000004,6668.205141256659,6668.205141256659,0,0,1
PAV,8,2,PAV,1,0,N,4,5,42PAVN5shoot,0.3362,0.0198,1495.364,2,48.8,2800,48.97662263167208,-3.3588090899999994,NA,NA,NA,13,39.638528825,602.8093575685435,0,1,0,0
PAV,8,2,PAV,1,0,N,5,6,52PAVN6shoot,0.2533,0.0167,NA,NA,49.6,2800,53.470203207138084,-3.4629721319999986,NA,NA,NA,36,43.2562294,890.1884457172627,0,1,0,0
PAV,8,2,PAV,1,1,N+P,1,1,12PAVN+P1shoot,0.0235,8e-4,111.448,0,22.8,2800,50.22608974830922,-3.560085041666667,NA,NA,NA,17,40.36859512,587.3446559905951,0,1,0,0
PAV,8,2,PAV,1,1,N+P,1,2,12PAVN+P2shoot,0.0902,0.0066,501.947,2,46.5,2800,48.97662263167208,-3.3588090899999994,NA,NA,NA,13,39.52522659,651.497636960232,0,1,0,0
PAV,8,2,PAV,1,1,N+P,2,3,22PAVN+P3shoot,0.2538,0.0208,1299.052,2,50.3,2800,50.34818138034469,-3.3574419663333335,NA,NA,NA,14,40.829193114999995,684.2120333495741,0,1,0,0
PAV,8,2,PAV,1,1,N+P,3,4,32PAVN+P4shoot,0.1662,0.0129,794.221,2,47.3,2800,50.22608974830922,-3.560085041666667,NA,NA,NA,17,37.20225525,4552.952163709384,4552.952163709384,0,0,1
PAV,8,2,PAV,1,1,N+P,4,5,42PAVN+P5shoot,0.3881,0.0241,1721.396,2,52.2,2800,49.60374995845039,-3.348891957999999,NA,NA,NA,15,40.294937133333335,602.1012061666154,0,1,0,0
PAV,8,2,PAV,1,1,N+P,5,6,52PAVN+P6shoot,0.2487,0.0201,NA,NA,50.4,2800,53.470203207138084,-3.4629721319999986,NA,NA,NA,36,38.96182124,15473.022019587153,15473.022019587153,0,0,1
PAV,12,3,coinfection,0,0,low,1,2,13coinfectionlow2shoot,0.2257,0.0272,1268.303,2,47.9,2800,48.9850770018075,-3.0088815262222224,2800,51.57720035970756,-3.5260478969999998,22,37.62969462,5942.300839054379,5942.300839054379,0,1,1
PAV,12,3,coinfection,0,0,low,2,3,23coinfectionlow3shoot,0.1491,0.0118,932.578,2,49.8,2800,50.87939654581369,-3.364814314000001,2800,51.71905653844353,-3.58935585048148,18,39.821517945,1933.421507983963,0,1,1,0
PAV,12,3,coinfection,0,0,low,3,4,33coinfectionlow4shoot,0.2131,0.0176,954.625,2,49.2,2800,52.879494848272664,-3.458342488666665,28000,54.97219010593116,-3.370307922173914,20,42.55508423,966.8605530576184,0,1,1,0
PAV,12,3,coinfection,0,0,low,4,5,43coinfectionlow5shoot,0.1822,0.0113,964.051,2,48.4,2800,49.796860060958295,-3.144371795666668,2800,52.89612035071825,-3.4712520312962956,19,35.57783127,33270.32903636925,33270.32903636925,0,1,1
PAV,12,3,coinfection,0,0,low,5,6,53coinfectionlow6shoot,0.2196,0.0148,NA,NA,49.9,2800,53.29624884074607,-3.534526507333334,2800,51.224510321393424,-3.509619395666665,38,NaN,NaN,0,1,1,0
PAV,12,3,coinfection,0,1,P,1,1,13coinfectionP1shoot,0.0787,0.0028,494.312,2,46.3,2800,50.86659032166355,-3.2532892863333336,2800,49.73738099187795,-3.558046975999998,21,38.40687561,6758.996080768888,6758.996080768888,0,1,1
PAV,12,3,coinfection,0,1,P,1,2,13coinfectionP2shoot,0.0914,0.0199,411.81,1,45.9,2800,52.396041698335196,-3.4743881866666664,2800,49.87804498427564,-3.345626683222222,25,37.99275334666667,13981.734582230292,13981.734582230292,0,1,1
PAV,12,3,coinfection,0,1,P,2,3,23coinfectionP3shoot,0.1376,0.0099,899.94,2,50.7,2800,48.9850770018075,-3.0088815262222224,2800,51.57720035970756,-3.5260478969999998,22,36.56824493333333,13388.342441319983,13388.342441319983,0,1,1
PAV,12,3,coinfection,0,1,P,3,4,33coinfectionP4shoot,0.2382,0.0199,1080.44,2,50,2800,50.37211045984439,-3.366426213999998,2800,49.476777238956124,-3.068125512222223,30,38.209379195,4101.573491116139,4101.573491116139,0,1,1
PAV,12,3,coinfection,0,1,P,4,5,43coinfectionP5shoot,0.1172,0.0071,552.845,2,48.5,2800,50.87939654581369,-3.364814314000001,2800,51.71905653844353,-3.58935585048148,18,37.311990103333336,10768.152685693538,10768.152685693538,0,1,1
PAV,12,3,coinfection,0,1,P,5,6,53coinfectionP6shoot,0.2994,0.0155,NA,NA,50.8,2800,53.29624884074607,-3.534526507333334,2800,51.224510321393424,-3.509619395666665,38,47.07318497,57.63017475466211,0,1,1,0
PAV,12,3,coinfection,1,0,N,1,1,13coinfectionN1shoot,0.2397,0.0161,1488.013,2,48.3,2800,52.9517160275321,-3.5594708759999985,2800,50.16044780753552,-3.3807856236666654,23,37.57515589333333,20888.176712685403,20888.176712685403,0,1,1
PAV,12,3,coinfection,1,0,N,1,2,13coinfectionN2shoot,0.1425,0.0132,1058.803,2,47.4,2800,52.211848476274724,-3.592351510388887,2800,49.45773254949748,-3.4075128553333314,24,37.79426574666667,10313.614772753204,10313.614772753204,0,1,1
PAV,12,3,coinfection,1,0,N,2,3,23coinfectionN3shoot,0.1062,0.0122,705.32,2,45.5,2800,52.999059720874435,-3.3933433428888917,2800,51.22810233179825,-3.3048075430370365,27,43.92293167,472.8093266996964,0,1,1,0
PAV,12,3,coinfection,1,0,N,3,4,33coinfectionN4shoot,0.2223,0.0178,1027.073,2,49.3,2800,50.87939654581369,-3.364814314000001,2800,51.71905653844353,-3.58935585048148,18,37.90108744333333,7195.574427918128,7195.574427918128,0,1,1
PAV,12,3,coinfection,1,0,N,4,5,43coinfectionN5shoot,0.3304,0.0153,1597.927,2,48.3,2800,52.9517160275321,-3.5594708759999985,2800,50.16044780753552,-3.3807856236666654,23,39.294892626666666,6866.834919788622,6866.834919788622,0,1,1
PAV,12,3,coinfection,1,1,N+P,1,1,13coinfectionN+P1shoot,0.203,0.0218,1133.213,2,52.7,2800,51.34012946917131,-3.5167511616666647,2800,53.4943096934593,-3.772950433592596,44,40.411340715,1281.2614948292423,0,1,1,0
PAV,12,3,coinfection,1,1,N+P,1,2,13coinfectionN+P2shoot,0.1252,0.0157,763.612,3,48,2800,52.9517160275321,-3.5594708759999985,2800,50.16044780753552,-3.3807856236666654,23,37.849259696666664,17494.18186392538,17494.18186392538,0,1,1
PAV,12,3,coinfection,1,1,N+P,2,3,23coinfectionN+P3shoot,0.2483,0.016,1436.058,3,48.7,2800,50.86659032166355,-3.2532892863333336,2800,49.73738099187795,-3.558046975999998,21,38.903526305,4755.772843394829,4755.772843394829,0,1,1
PAV,12,3,coinfection,1,1,N+P,3,4,33coinfectionN+P4shoot,0.35,0.0198,1796.25,2,48.3,2800,52.396041698335196,-3.4743881866666664,2800,49.87804498427564,-3.345626683222222,25,43.75673676,306.59756845164355,0,1,1,0
PAV,12,3,coinfection,1,1,N+P,4,5,43coinfectionN+P5shoot,0.0744,0.0077,267.79,1,23.7,2800,52.211848476274724,-3.592351510388887,2800,49.45773254949748,-3.4075128553333314,24,42.4305954,528.2014025839657,0,1,1,0
PAV,12,3,PAV,0,0,low,1,1,13PAVlow1shoot,0.0676,0.0231,442.22,1,39.5,2800,49.60374995845039,-3.348891957999999,NA,NA,NA,15,40.00046158,737.227847920467,0,1,0,0
PAV,12,3,PAV,0,0,low,1,2,13PAVlow2shoot,0.1351,0.0307,1014.796,2,46.5,2800,50.22608974830922,-3.560085041666667,NA,NA,NA,17,35.16735331333334,16977.787785400527,16977.787785400527,0,0,1
PAV,12,3,PAV,0,0,low,3,4,33PAVlow4shoot,0.2916,0.0278,1281.934,2,48.1,2800,50.22608974830922,-3.560085041666667,NA,NA,NA,17,37.68317413,3335.851746501447,3335.851746501447,0,0,1
PAV,12,3,PAV,0,0,low,4,5,43PAVlow5shoot,0.179,0.0124,988.205,2,47.1,2800,50.22608974830922,-3.560085041666667,NA,NA,NA,17,36.39140447,7692.273541441689,7692.273541441689,0,0,1
PAV,12,3,PAV,0,0,low,5,6,53PAVlow6shoot,0.2978,0.0218,NA,NA,54.3,2800,53.470203207138084,-3.4629721319999986,NA,NA,NA,36,36.75108083,67292.87443161501,67292.87443161501,0,0,1
PAV,12,3,PAV,0,0,low,5,7,53PAVlow7shoot,0.2302,0.0167,NA,NA,49.3,2800,53.470203207138084,-3.4629721319999986,NA,NA,NA,36,37.19759114666667,50006.97832513183,50006.97832513183,0,0,1
PAV,12,3,PAV,0,1,P,1,1,13PAVP1shoot,0.2439,0.0409,1495.55,2,50.2,2800,51.174255418315916,-3.3517181390000026,NA,NA,NA,42,40.01343536500001,2137.3726881702814,0,1,0,0
PAV,12,3,PAV,0,1,P,1,2,13PAVP2shoot,0.1932,0.0303,1156.034,2,49.6,2800,48.97662263167208,-3.3588090899999994,NA,NA,NA,13,34.96268209,14869.434597626565,14869.434597626565,0,0,1
PAV,12,3,PAV,0,1,P,2,3,23PAVP3shoot,0.2215,0.0136,1294.632,2,48.1,2800,50.22608974830922,-3.560085041666667,NA,NA,NA,17,35.096584316666664,17772.951574807234,17772.951574807234,0,0,1
PAV,12,3,PAV,0,1,P,3,4,33PAVP4shoot,0.1765,0.0147,886.403,2,47,2800,49.60374995845039,-3.348891957999999,NA,NA,NA,15,37.3909874,4434.1152528568755,4434.1152528568755,0,0,1
PAV,12,3,PAV,0,1,P,4,5,43PAVP5shoot,0.1925,0.0169,1199.598,2,49,2800,50.34818138034469,-3.3574419663333335,NA,NA,NA,14,41.528564450000005,423.53167005920017,0,1,0,0
PAV,12,3,PAV,0,1,P,5,6,53PAVP6shoot,0.2704,0.0177,NA,NA,52.1,2800,53.470203207138084,-3.4629721319999986,NA,NA,NA,36,37.58764902666667,38582.81196795362,38582.81196795362,0,0,1
PAV,12,3,PAV,0,1,P,5,7,53PAVP7shoot,0.2404,0.0157,NA,NA,49.5,2800,53.470203207138084,-3.4629721319999986,NA,NA,NA,36,37.962345123333336,30074.135425843997,30074.135425843997,0,0,1
PAV,12,3,PAV,1,0,N,1,1,13PAVN1shoot,0.2357,0.0175,1669.571,3,47.4,2800,50.22608974830922,-3.560085041666667,NA,NA,NA,17,34.88001124,20445.288268868248,20445.288268868248,0,0,1
PAV,12,3,PAV,1,0,N,1,2,13PAVN2shoot,0.0785,0.051,513.195,1,48.1,2800,48.97662263167208,-3.3588090899999994,NA,NA,NA,13,40.030021669999996,460.917232421239,0,1,0,0
PAV,12,3,PAV,1,0,N,2,3,23PAVN3shoot,0.2339,0.0119,1299.984,2,52,2800,49.67861051029473,-3.3854052233333336,NA,NA,NA,16,35.51145935,15302.861296978106,15302.861296978106,0,0,1
PAV,12,3,PAV,1,0,N,3,4,33PAVN4shoot,0.2477,0.0188,1278.679,2,48.6,2800,50.34818138034469,-3.3574419663333335,NA,NA,NA,14,38.53932571,3290.1682336260114,3290.1682336260114,0,0,1
PAV,12,3,PAV,1,0,N,4,5,43PAVN5shoot,0.4489,0.0234,1869.207,3,49.7,2800,48.97662263167208,-3.3588090899999994,NA,NA,NA,13,40.72555287666667,286.11868108673997,0,1,0,0
PAV,12,3,PAV,1,0,N,5,6,53PAVN6shoot,0.2813,0.017,NA,NA,47.1,2800,53.470203207138084,-3.4629721319999986,NA,NA,NA,36,36.776462556666665,66166.72153776624,66166.72153776624,0,0,1
PAV,12,3,PAV,1,0,N,5,7,53PAVN7shoot,0.3425,0.0175,NA,NA,47,2800,53.470203207138084,-3.4629721319999986,NA,NA,NA,36,38.46909078,21471.41015786684,21471.41015786684,0,0,1
PAV,12,3,PAV,1,1,N+P,1,1,13PAVN+P1shoot,0.2365,0.0291,1557.79,3,49.6,2800,49.60374995845039,-3.348891957999999,NA,NA,NA,15,37.57778167666667,3899.680641819145,3899.680641819145,0,0,1
PAV,12,3,PAV,1,1,N+P,1,2,13PAVN+P2shoot,0.202,0.0252,1309.048,2,48.9,2800,50.34818138034469,-3.3574419663333335,NA,NA,NA,14,36.82959238666667,10628.08454079849,10628.08454079849,0,0,1
PAV,12,3,PAV,1,1,N+P,2,3,23PAVN+P3shoot,0.0778,0.0119,449.288,1,35.4,2800,54.443033163112105,-3.0831486584444425,28000,54.8519049823941,-3.428139813999994,04,NaN,NaN,0,1,0,0
PAV,12,3,PAV,1,1,N+P,3,4,33PAVN+P4shoot,0.3769,0.0217,1785.921,3,48.3,2800,50.34818138034469,-3.3574419663333335,NA,NA,NA,14,47.108211516666664,9.225957022696148,0,1,0,0
PAV,12,3,PAV,1,1,N+P,3,4,33PAVN+P4shoot,0.3769,0.0217,1785.921,3,48.3,2800,56.11142245045284,-3.7056832697407387,2800,53.038864846669526,-3.7361079197058813,05,49.96544075,45.55421886817537,0,1,0,0
PAV,12,3,PAV,1,1,N+P,4,5,43PAVN+P5shoot,0.4052,0.0206,1754.098,3,51.3,2800,49.60374995845039,-3.348891957999999,NA,NA,NA,15,36.819347379999996,6569.045169591602,6569.045169591602,0,0,1
PAV,16,4,coinfection,0,0,low,1,2,14coinfectionlow2shoot,0.3299,0.0285,1503.965,3,48.8,2800,52.211848476274724,-3.592351510388887,2800,49.45773254949748,-3.4075128553333314,24,46.069301605,51.27383849014292,0,1,1,0
PAV,16,4,coinfection,0,0,low,2,3,24coinfectionlow3shoot,0.2307,0.0219,1318.572,2,48,2800,48.9850770018075,-3.0088815262222224,2800,51.57720035970756,-3.5260478969999998,22,36.371985116666664,15557.995670714665,15557.995670714665,0,1,1
PAV,16,4,coinfection,0,0,low,4,5,44coinfectionlow5shoot,0.2351,0.0119,1381.174,2,47,2800,50.86659032166355,-3.2532892863333336,2800,49.73738099187795,-3.558046975999998,21,36.361632029999996,28744.29376413672,28744.29376413672,0,1,1
PAV,16,4,coinfection,0,0,low,5,6,54coinfectionlow6shoot,0.2779,0.0145,NA,NA,48.9,2800,53.29624884074607,-3.534526507333334,2800,51.224510321393424,-3.509619395666665,38,39.496620175000004,8021.154065128633,8021.154065128633,0,1,1
PAV,16,4,coinfection,0,1,P,1,1,14coinfectionP1shoot,0.162,0.0177,1013.252,3,49,2800,52.999059720874435,-3.3933433428888917,2800,51.22810233179825,-3.3048075430370365,27,37.90129471,28133.90410142632,28133.90410142632,0,1,1
PAV,16,4,coinfection,0,1,P,1,2,14coinfectionP2shoot,0.2148,0.0143,1269.182,2,50.4,2800,52.396041698335196,-3.4743881866666664,2800,49.87804498427564,-3.345626683222222,25,39.57015228,4915.337802917811,4915.337802917811,0,1,1
PAV,16,4,coinfection,0,1,P,2,3,24coinfectionP3shoot,0.2406,0.0303,1371.648,2,47.8,2800,52.155716614930085,-3.531808133222223,2800,53.07666939625254,-3.84486738162963,26,37.837106705,11328.875364343528,11328.875364343528,0,1,1
PAV,16,4,coinfection,0,1,P,4,5,44coinfectionP5shoot,0.2166,0.0104,1132.831,2,50.7,2800,51.34012946917131,-3.5167511616666647,2800,53.4943096934593,-3.772950433592596,44,42.10806656,421.8597433025186,0,1,1,0
PAV,16,4,coinfection,0,1,P,4,5,44coinfectionP5shoot,0.2166,0.0104,1132.831,2,50.7,2800,54.443033163112105,-3.0831486584444425,28000,54.8519049823941,-3.428139813999994,04,NaN,NaN,0,1,1,0
PAV,16,4,coinfection,0,1,P,5,6,54coinfectionP6shoot,0.2406,0.0169,NA,NA,53.2,2800,55.29559506087862,-3.4535579345374523,2800,51.96716876869854,-3.3692454026666625,39,NaN,NaN,0,1,1,0
PAV,16,4,coinfection,1,0,N,1,1,14coinfectionN1shoot,0.1879,0.0112,1183.528,2,49,2800,52.211848476274724,-3.592351510388887,2800,49.45773254949748,-3.4075128553333314,24,36.114947,30260.877288892356,30260.877288892356,0,1,1
PAV,16,4,coinfection,1,0,N,1,2,14coinfectionN2shoot,0.1954,0.0165,1107.498,2,51.1,2800,52.211848476274724,-3.592351510388887,2800,49.45773254949748,-3.4075128553333314,24,38.07861201,8595.233222890347,8595.233222890347,0,1,1
PAV,16,4,coinfection,1,0,N,2,3,24coinfectionN3shoot,0.1457,0.208,726.109,1,45.9,2800,52.879494848272664,-3.458342488666665,28000,54.97219010593116,-3.370307922173914,20,44.66738892,236.90736397683773,0,1,1,0
PAV,16,4,coinfection,1,0,N,4,5,44coinfectionN5shoot,0.2694,0.012,1388.24,3,48.7,2800,52.879494848272664,-3.458342488666665,28000,54.97219010593116,-3.370307922173914,20,39.430536270000005,7741.857931950861,7741.857931950861,0,1,1
PAV,16,4,coinfection,1,0,N,5,6,54coinfectionN6shoot,0.4048,0.0235,NA,NA,51.8,2800,53.29624884074607,-3.534526507333334,2800,51.224510321393424,-3.509619395666665,38,41.83728981,1745.8495558027494,0,1,1,0
PAV,16,4,coinfection,1,1,N+P,1,1,14coinfectionN+P1shoot,0.0747,0.0047,556.33,2,45.7,2800,50.86659032166355,-3.2532892863333336,2800,49.73738099187795,-3.558046975999998,21,36.51997884,25696.78604174077,25696.78604174077,0,1,1
PAV,16,4,coinfection,1,1,N+P,1,2,14coinfectionN+P2shoot,0.2163,0.0172,1225.169,2,48.5,2800,52.879494848272664,-3.458342488666665,28000,54.97219010593116,-3.370307922173914,20,39.62172572,6816.5032708856115,6816.5032708856115,0,1,1
PAV,16,4,coinfection,1,1,N+P,2,3,24coinfectionN+P3shoot,0.1276,0.0199,826.153,2,47.9,2800,50.87939654581369,-3.364814314000001,2800,51.71905653844353,-3.58935585048148,18,36.88676325666667,14405.082193615266,14405.082193615266,0,1,1
PAV,16,4,coinfection,1,1,N+P,4,5,44coinfectionN+P5shoot,0.4513,0.0197,1792.659,3,47.2,2800,52.9517160275321,-3.5594708759999985,2800,50.16044780753552,-3.3807856236666654,23,NaN,NaN,0,1,1,0
PAV,16,4,coinfection,1,1,N+P,5,6,54coinfectionN+P6shoot,0.4169,0.0174,NA,NA,49.9,2800,53.29624884074607,-3.534526507333334,2800,51.224510321393424,-3.509619395666665,38,43.1819725,727.0507317584082,0,1,1,0
PAV,16,4,coinfection,1,1,N+P,5,7,54coinfectionN+P7shoot,0.3523,0.0245,NA,NA,47.4,2800,53.29624884074607,-3.534526507333334,2800,51.224510321393424,-3.509619395666665,38,42.89390182,877.1353844019709,0,1,1,0
PAV,16,4,PAV,0,0,low,1,1,14PAVlow1shoot,0.2673,0.016,1320.048,2,52.1,2800,49.67861051029473,-3.3854052233333336,NA,NA,NA,16,37.268772125,4631.138071515557,4631.138071515557,0,0,1
PAV,16,4,PAV,0,0,low,1,2,14PAVlow2shoot,0.1659,0.0128,1033.327,2,52.8,2800,48.97662263167208,-3.3588090899999994,NA,NA,NA,13,37.09537888,3446.182043710132,3446.182043710132,0,0,1
PAV,16,4,PAV,0,0,low,2,3,24PAVlow3shoot,0.1641,0.0217,881.772,3,47.6,2800,48.97662263167208,-3.3588090899999994,NA,NA,NA,13,35.97555796333334,7425.6832285839,7425.6832285839,0,0,1
PAV,16,4,PAV,0,0,low,4,5,44PAVlow5shoot,0.1971,0.0126,976.667,2,48,2800,51.174255418315916,-3.3517181390000026,NA,NA,NA,42,48.71644211,5.411273959284195,0,1,0,0
PAV,16,4,PAV,0,0,low,4,5,44PAVlow5shoot,0.1971,0.0126,976.667,2,48,2800,56.11142245045284,-3.7056832697407387,2800,53.038864846669526,-3.7361079197058813,05,NaN,NaN,0,1,0,0
PAV,16,4,PAV,0,0,low,5,6,54PAVlow6shoot,0.3116,0.0222,NA,NA,51.1,2800,51.174255418315916,-3.3517181390000026,NA,NA,NA,42,42.165399550000004,487.3401344894082,0,1,0,0
PAV,16,4,PAV,0,1,P,1,1,14PAVP1shoot,0.31,0.0225,1534.957,3,48.8,2800,50.34818138034469,-3.3574419663333335,NA,NA,NA,14,40.96083069,625.148233957263,0,1,0,0
PAV,16,4,PAV,0,1,P,1,2,14PAVP2shoot,0.2613,0.0135,1316.942,3,46.4,2800,48.97662263167208,-3.3588090899999994,NA,NA,NA,13,36.77183151,4301.958510483667,4301.958510483667,0,0,1
PAV,16,4,PAV,0,1,P,2,3,24PAVP3shoot,0.1953,0.0275,1125.444,2,52.6,2800,49.19482930996279,-3.0508223223333335,2800,50.71861645847463,-3.568601969833332,12,35.13006083333333,40752.71415814675,40752.71415814675,0,0,1
PAV,16,4,PAV,0,1,P,4,5,44PAVP5shoot,0.3841,0.0171,1741.51,3,53.3,2800,48.97662263167208,-3.3588090899999994,NA,NA,NA,13,35.51055399333333,10213.616027531818,10213.616027531818,0,0,1
PAV,16,4,PAV,0,1,P,5,6,54PAVP6shoot,0.2093,0.0174,NA,NA,54.1,2800,53.470203207138084,-3.4629721319999986,NA,NA,NA,36,36.44876989,82274.86812631937,82274.86812631937,0,0,1
PAV,16,4,PAV,0,1,P,5,7,54PAVP7shoot,0.2393,0.0191,NA,NA,46,2800,51.174255418315916,-3.3517181390000026,NA,NA,NA,42,40.087446209999996,2031.4156368053862,0,1,0,0
PAV,16,4,PAV,1,0,N,1,1,14PAVN1shoot,0.3526,0.019,1686.697,3,51.2,2800,49.60374995845039,-3.348891957999999,NA,NA,NA,15,36.84247589333333,6465.407906547432,6465.407906547432,0,0,1
PAV,16,4,PAV,1,0,N,1,2,14PAVN2shoot,0.2391,0.0143,1477.746,2,47.7,2800,49.60374995845039,-3.348891957999999,NA,NA,NA,15,46.21804301,10.256358328633652,0,1,0,0
PAV,16,4,PAV,1,0,N,2,3,24PAVN3shoot,0.0378,0.0046,100.158,1,29.6,2800,50.34818138034469,-3.3574419663333335,NA,NA,NA,14,37.603160855,6252.459371440175,6252.459371440175,0,0,1
PAV,16,4,PAV,1,0,N,4,5,44PAVN5shoot,0.3347,0.0121,1637.13,2,48,2800,50.34818138034469,-3.3574419663333335,NA,NA,NA,14,42.446790060000005,225.62968972775968,0,1,0,0
PAV,16,4,PAV,1,0,N,4,5,44PAVN5shoot,0.3347,0.0121,1637.13,2,48,2800,56.11142245045284,-3.7056832697407387,2800,53.038864846669526,-3.7361079197058813,05,NaN,NaN,0,1,0,0
PAV,16,4,PAV,1,0,N,5,6,54PAVN6shoot,0.2622,0.0181,NA,NA,51.4,2800,53.470203207138084,-3.4629721319999986,NA,NA,NA,36,35.77794011666666,128523.40753828819,128523.40753828819,0,0,1
PAV,16,4,PAV,1,1,N+P,1,1,14PAVN+P1shoot,0.2577,0.0025,1476.05,2,48.6,2800,51.174255418315916,-3.3517181390000026,NA,NA,NA,42,43.14400736666666,248.8056213570496,0,1,0,0
PAV,16,4,PAV,1,1,N+P,1,1,14PAVN+P1shoot,0.2577,0.0025,1476.05,2,48.6,2800,54.443033163112105,-3.0831486584444425,28000,54.8519049823941,-3.428139813999994,04,NaN,NaN,0,1,0,0
PAV,16,4,PAV,1,1,N+P,1,2,14PAVN+P2shoot,0.0248,0.0194,104.02,0,19.4,2800,50.22608974830922,-3.560085041666667,NA,NA,NA,17,40.56698608,516.6144566785724,0,1,0,0
PAV,16,4,PAV,1,1,N+P,2,3,24PAVN+P3shoot,0.3888,0.1044,1875.257,3,53.6,2800,50.34818138034469,-3.3574419663333335,NA,NA,NA,14,37.50665664666666,6680.273628410118,6680.273628410118,0,0,1
PAV,16,4,PAV,1,1,N+P,4,5,44PAVN+P5shoot,0.2908,0.0119,1522.903,3,50.9,2800,51.38179051920926,-3.4672812150000007,2800,49.968065771911625,-3.525420062,31,38.75143051,4392.657278974192,4392.657278974192,0,0,1
PAV,16,4,PAV,1,1,N+P,5,6,54PAVN+P6shoot,0.3586,0.0188,NA,NA,49.8,2800,53.470203207138084,-3.4629721319999986,NA,NA,NA,36,36.07335535666667,105602.78766241168,105602.78766241168,0,0,1
PAV,19,5,coinfection,0,0,low,1,1,15coinfectionlow1shoot,0.2519,0.0135,1257.161,3,38.9,2800,52.999059720874435,-3.3933433428888917,2800,51.22810233179825,-3.3048075430370365,27,NaN,NaN,0,1,1,0
PAV,19,5,coinfection,0,0,low,2,3,25coinfectionlow3shoot,0.0877,0.0116,644.579,2,41.3,2800,49.796860060958295,-3.144371795666668,2800,52.89612035071825,-3.4712520312962956,19,36.80377197333333,13557.29208503268,13557.29208503268,0,1,1
PAV,19,5,coinfection,0,0,low,3,4,35coinfectionlow4shoot,0.1933,0.0331,1173.328,2,46.1,2800,48.9850770018075,-3.0088815262222224,2800,51.57720035970756,-3.5260478969999998,22,43.248498915,80.63959586158774,0,1,1,0
PAV,19,5,coinfection,0,0,low,4,5,45coinfectionlow5shoot,0.2412,0.0783,1369.179,2,51.3,2800,52.879494848272664,-3.458342488666665,28000,54.97219010593116,-3.370307922173914,20,46.33444786,78.07980091046679,0,1,1,0
PAV,19,5,coinfection,0,0,low,5,6,55coinfectionlow6shoot,0.2915,0.0222,NA,NA,50.5,2800,55.29559506087862,-3.4535579345374523,2800,51.96716876869854,-3.3692454026666625,39,NaN,NaN,0,1,1,0
PAV,19,5,coinfection,0,1,P,1,1,15coinfectionP1shoot,0.1601,0.0129,859.282,2,17.2,2800,48.9850770018075,-3.0088815262222224,2800,51.57720035970756,-3.5260478969999998,22,38.30895615,3533.478606266346,3533.478606266346,0,1,1
PAV,19,5,coinfection,0,1,P,1,2,15coinfectionP2shoot,0.1343,0.0112,830.27,2,15.1,2800,52.155716614930085,-3.531808133222223,2800,53.07666939625254,-3.84486738162963,26,45.284233095000005,88.22655569043192,0,1,1,0
PAV,19,5,coinfection,0,1,P,2,3,25coinfectionP3shoot,0.1852,0.015,1033.626,2,47.1,2800,53.33356800985676,-3.7565678919999974,2800,52.04851390697174,-3.525956916333331,43,41.21444893,1683.1187126232971,0,1,1,0
PAV,19,5,coinfection,0,1,P,3,4,35coinfectionP4shoot,0.215,0.0372,1032.775,2,50.3,2800,49.796860060958295,-3.144371795666668,2800,52.89612035071825,-3.4712520312962956,19,41.044401803333336,607.4794634828238,0,1,1,0
PAV,19,5,coinfection,0,1,P,4,5,45coinfectionP5shoot,0.2218,0.1037,1285.263,2,50.9,2800,49.796860060958295,-3.144371795666668,2800,52.89612035071825,-3.4712520312962956,19,38.68211746,3426.1428219684776,3426.1428219684776,0,1,1
PAV,19,5,coinfection,0,1,P,5,6,55coinfectionP6shoot,0.2819,0.018,NA,NA,48.6,2800,55.29559506087862,-3.4535579345374523,2800,51.96716876869854,-3.3692454026666625,39,45.60458755,639.8730231307553,0,1,1,0
PAV,19,5,coinfection,1,0,N,1,1,15coinfectionN1shoot,0.3568,0.0292,1794.872,3,51,2800,51.34012946917131,-3.5167511616666647,2800,53.4943096934593,-3.772950433592596,44,38.380773545,4842.129128792737,4842.129128792737,0,1,1
PAV,19,5,coinfection,1,0,N,1,2,15coinfectionN2shoot,0.3287,0.0252,1626.58,3,52,2800,52.211848476274724,-3.592351510388887,2800,49.45773254949748,-3.4075128553333314,24,37.75136439,10601.15835984651,10601.15835984651,0,1,1
PAV,19,5,coinfection,1,0,N,2,3,25coinfectionN3shoot,0.27,0.0166,1425.823,2,47.2,2800,52.9517160275321,-3.5594708759999985,2800,50.16044780753552,-3.3807856236666654,23,43.66030248,407.6952023055042,0,1,1,0
PAV,19,5,coinfection,1,0,N,3,4,35coinfectionN4shoot,0.478,0.0505,2368.149,3,51.2,2800,53.33356800985676,-3.7565678919999974,2800,52.04851390697174,-3.525956916333331,43,45.16206233,149.7125995862116,0,1,1,0
PAV,19,5,coinfection,1,0,N,4,5,45coinfectionN5shoot,0.3889,0.1214,1713.11,2,52.4,2800,52.396041698335196,-3.4743881866666664,2800,49.87804498427564,-3.345626683222222,25,NaN,NaN,0,1,1,0
PAV,19,5,coinfection,1,0,N,5,6,55coinfectionN6shoot,0.3861,0.0163,NA,NA,48.8,2800,55.29559506087862,-3.4535579345374523,2800,51.96716876869854,-3.3692454026666625,39,42.67062378,4525.243522502692,4525.243522502692,0,1,1
PAV,19,5,coinfection,1,1,N+P,1,2,15coinfectionN+P2shoot,0.0775,0.0135,404.834,1,10.8,2800,50.37211045984439,-3.366426213999998,2800,49.476777238956124,-3.068125512222223,30,39.543111805,1647.2670078865617,0,1,1,0
PAV,19,5,coinfection,1,1,N+P,2,3,25coinfectionN+P3shoot,0.2225,0.0204,1378.179,2,46.4,2800,52.879494848272664,-3.458342488666665,28000,54.97219010593116,-3.370307922173914,20,37.97265752333333,20436.16411723377,20436.16411723377,0,1,1
PAV,19,5,coinfection,1,1,N+P,3,4,35coinfectionN+P4shoot,0.2597,0.0144,1475.075,3,50.3,2800,53.33356800985676,-3.7565678919999974,2800,52.04851390697174,-3.525956916333331,43,42.020206455,1027.1213253931455,0,1,1,0
PAV,19,5,coinfection,1,1,N+P,4,5,45coinfectionN+P5shoot,0.19,0.0348,1048.17,3,52.7,2800,52.999059720874435,-3.3933433428888917,2800,51.22810233179825,-3.3048075430370365,27,40.45832570333334,4962.342617435848,4962.342617435848,0,1,1
PAV,19,5,PAV,0,0,low,1,1,15PAVlow1shoot,0.162,0.0091,927.932,3,25.5,1000,53.61460039970443,-3.26696056811987,1000,48.158260637525146,-3.2357518895975863,01,NaN,NaN,0,1,0,0
PAV,19,5,PAV,0,0,low,1,2,15PAVlow2shoot,0.2094,0.0137,1332.433,3,44.1,2800,51.38179051920926,-3.4672812150000007,2800,49.968065771911625,-3.525420062,31,38.117585500000004,6691.674692947102,6691.674692947102,0,0,1
PAV,19,5,PAV,0,0,low,2,3,25PAVlow3shoot,0.1407,0.0116,876.405,2,49,2800,50.22608974830922,-3.560085041666667,NA,NA,NA,17,35.154534659999996,17119.132766905648,17119.132766905648,0,0,1
PAV,19,5,PAV,0,0,low,3,4,35PAVlow4shoot,0.2697,0.035,1674.236,3,46.6,2800,49.67861051029473,-3.3854052233333336,NA,NA,NA,16,37.67242813,3519.2778191955376,3519.2778191955376,0,0,1
PAV,19,5,PAV,0,0,low,4,5,45PAVlow5shoot,0.2334,0.0741,1138.415,3,52,2800,49.60374995845039,-3.348891957999999,NA,NA,NA,15,42.12343216,171.26534429648837,0,1,0,0
PAV,19,5,PAV,0,0,low,5,6,55PAVlow6shoot,0.2986,0.0227,NA,NA,46.7,2800,53.470203207138084,-3.4629721319999986,NA,NA,NA,36,37.66992950333333,36528.6651010567,36528.6651010567,0,0,1
PAV,19,5,PAV,0,0,low,5,7,55PAVlow7shoot,0.3644,0.0182,NA,NA,49.8,2800,53.470203207138084,-3.4629721319999986,NA,NA,NA,36,37.443892160000004,42452.810255748664,42452.810255748664,0,0,1
PAV,19,5,PAV,0,1,P,1,1,15PAVP1shoot,0.1012,0.0088,1501.926,2,14.8,1000,53.61460039970443,-3.26696056811987,1000,48.158260637525146,-3.2357518895975863,01,44.005073545,873.8306115011994,0,1,0,0
PAV,19,5,PAV,0,1,P,2,3,25PAVP3shoot,0.1431,0.0197,966.031,2,45.9,2800,50.34818138034469,-3.3574419663333335,NA,NA,NA,14,38.271572113333335,3953.3693425010174,3953.3693425010174,0,0,1
PAV,19,5,PAV,0,1,P,3,4,35PAVP4shoot,0.2651,0.025,1343.182,3,46.9,2800,48.97662263167208,-3.3588090899999994,NA,NA,NA,13,36.88866043,3970.849045163431,3970.849045163431,0,0,1
PAV,19,5,PAV,0,1,P,4,5,45PAVP5shoot,0.1358,0.0348,851.965,2,47.8,2800,49.60374995845039,-3.348891957999999,NA,NA,NA,15,36.67991384,7229.994580658212,7229.994580658212,0,0,1
PAV,19,5,PAV,0,1,P,5,6,55PAVP6shoot,0.3267,0.0213,NA,NA,47.6,2800,53.470203207138084,-3.4629721319999986,NA,NA,NA,36,36.95339838666667,58822.83919614478,58822.83919614478,0,0,1
PAV,19,5,PAV,1,0,N,1,1,15PAVN1shoot,0.2404,0.0169,1685.634,2,48.1,2800,50.34818138034469,-3.3574419663333335,NA,NA,NA,14,39.475374220000006,1731.4899870497284,0,1,0,0
PAV,19,5,PAV,1,0,N,1,2,15PAVN2shoot,0.2662,0.0162,NA,3,51.5,2800,50.22608974830922,-3.560085041666667,NA,NA,NA,17,34.32188161333333,29333.742699634324,29333.742699634324,0,0,1
PAV,19,5,PAV,1,0,N,2,3,25PAVN3shoot,0.4071,0.0243,2048.928,3,50.2,2800,49.60374995845039,-3.348891957999999,NA,NA,NA,15,40.454678853333334,539.472889336904,0,1,0,0
PAV,19,5,PAV,1,0,N,3,4,35PAVN4shoot,0.3647,0.0264,1447.076,3,51,2800,48.97662263167208,-3.3588090899999994,NA,NA,NA,13,35.40638605666667,10969.65278297596,10969.65278297596,0,0,1
PAV,19,5,PAV,1,0,N,4,5,45PAVN5shoot,0.1955,0.0198,969.946,2,50.1,2800,54.443033163112105,-3.0831486584444425,28000,54.8519049823941,-3.428139813999994,04,42.17869186,9503.037843327373,9503.037843327373,0,0,1
PAV,19,5,PAV,1,0,N,5,6,55PAVN6shoot,0.4344,0.0173,NA,NA,47.5,2800,53.470203207138084,-3.4629721319999986,NA,NA,NA,36,35.84939066333333,122560.21324318938,122560.21324318938,0,0,1
PAV,19,5,PAV,1,1,N+P,1,1,15PAVN+P1shoot,0.3844,0.0137,1992.143,2,47.6,2800,50.22608974830922,-3.560085041666667,NA,NA,NA,17,NaN,NaN,0,1,0,0
PAV,19,5,PAV,1,1,N+P,1,2,15PAVN+P2shoot,0.1988,0.0116,1214.616,3,52.2,2800,49.67861051029473,-3.3854052233333336,NA,NA,NA,16,35.167568206666665,19335.39899414166,19335.39899414166,0,0,1
PAV,19,5,PAV,1,1,N+P,2,3,25PAVN+P3shoot,0.3521,0.0204,1860.981,3,51.2,2800,48.97662263167208,-3.3588090899999994,NA,NA,NA,13,35.99560292666666,7324.340747700369,7324.340747700369,0,0,1
PAV,19,5,PAV,1,1,N+P,3,4,35PAVN+P4shoot,0.3474,0.0454,1668.304,3,50.1,2800,50.22608974830922,-3.560085041666667,NA,NA,NA,17,41.85590362666667,224.45005340001356,0,1,0,0
PAV,19,5,PAV,1,1,N+P,4,5,45PAVN+P5shoot,0.4681,0.1215,2486.032,3,51.5,2800,48.97662263167208,-3.3588090899999994,NA,NA,NA,13,35.83734258,8163.690559793523,8163.690559793523,0,0,1
PAV,19,5,PAV,1,1,N+P,5,6,55PAVN+P6shoot,0.2933,0.0137,NA,NA,51,2800,53.470203207138084,-3.4629721319999986,NA,NA,NA,36,36.57397969666667,75702.53941994887,75702.53941994887,0,0,1
PAV,19,5,PAV,1,1,N+P,5,7,55PAVN+P7shoot,0.4516,0.0195,NA,NA,47.8,2800,53.470203207138084,-3.4629721319999986,NA,NA,NA,36,36.17125193333333,98947.73513333344,98947.73513333344,0,0,1
PAV,22,6,coinfection,0,0,low,1,1,16coinfectionlow1shoot,0.1947,0.0182,1133.031,3,52.3,28000,52.13787768317112,-3.5050912220000052,2800,51.016664544847124,-3.3567030586666666,28,35.84319178333333,44551.48102724318,44551.48102724318,0,1,1
PAV,22,6,coinfection,0,0,low,1,2,16coinfectionlow2shoot,0.2055,0.0195,1348.436,2,34.1,2800,52.155716614930085,-3.531808133222223,2800,53.07666939625254,-3.84486738162963,26,38.09258779,9590.684541552393,9590.684541552393,0,1,1
PAV,22,6,coinfection,0,0,low,2,3,26coinfectionlow3shoot,0.0955,0.0032,713.82,2,50.5,2800,52.999059720874435,-3.3933433428888917,2800,51.22810233179825,-3.3048075430370365,27,37.64307785,33521.62938031766,33521.62938031766,0,1,1
PAV,22,6,coinfection,0,0,low,3,4,36coinfectionlow4shoot,0.2835,0.022,1308.247,2,53,1000,54.25433097458645,-3.4464989144862117,1000,49.17542605929204,-2.9215952719616536,02,NaN,NaN,0,1,1,0
PAV,22,6,coinfection,0,0,low,3,4,36coinfectionlow4shoot,0.2835,0.022,1308.247,2,53,2800,53.33356800985676,-3.7565678919999974,2800,52.04851390697174,-3.525956916333331,43,44.650180815,204.89031609720945,0,1,1,0
PAV,22,6,coinfection,0,0,low,4,5,46coinfectionlow5shoot,0.3623,0.0155,1681.904,3,48.3,2800,51.34012946917131,-3.5167511616666647,2800,53.4943096934593,-3.772950433592596,44,NaN,NaN,0,1,1,0
PAV,22,6,coinfection,0,1,P,1,1,16coinfectionP1shoot,0.1583,0.0158,1093.582,2,43.7,2800,52.211848476274724,-3.592351510388887,2800,49.45773254949748,-3.4075128553333314,24,44.01430893,191.40024475680963,0,1,1,0
PAV,22,6,coinfection,0,1,P,1,2,16coinfectionP2shoot,0.0741,0.0062,613.284,2,49.1,2800,50.86659032166355,-3.2532892863333336,2800,49.73738099187795,-3.558046975999998,21,44.68538666,79.43023837278146,0,1,1,0
PAV,22,6,coinfection,0,1,P,2,3,26coinfectionP3shoot,0.1829,0.0341,1074.156,2,47,2800,50.86659032166355,-3.2532892863333336,2800,49.73738099187795,-3.558046975999998,21,48.22835922,6.47057194596992,0,1,1,0
PAV,22,6,coinfection,0,1,P,3,4,36coinfectionP4shoot,0.2432,0.0236,1442.258,2,48.6,2800,52.211848476274724,-3.592351510388887,2800,49.45773254949748,-3.4075128553333314,24,42.02108383,686.7441307189571,0,1,1,0
PAV,22,6,coinfection,0,1,P,4,5,46coinfectionP5shoot,0.2497,0.0132,1247.245,2,46.6,2800,52.396041698335196,-3.4743881866666664,2800,49.87804498427564,-3.345626683222222,25,37.42616908,20353.335751750128,20353.335751750128,0,1,1
PAV,22,6,coinfection,1,0,N,1,1,16coinfectionN1shoot,0.2521,0.0287,1613.971,3,49.5,2800,51.34012946917131,-3.5167511616666647,2800,53.4943096934593,-3.772950433592596,44,39.15394592,2918.6512637806154,2918.6512637806154,0,1,1
PAV,22,6,coinfection,1,0,N,1,2,16coinfectionN2shoot,0.091,0.0195,743.513,1,51.3,2800,50.87939654581369,-3.364814314000001,2800,51.71905653844353,-3.58935585048148,18,42.0037384,434.295592784697,0,1,1,0
PAV,22,6,coinfection,1,0,N,2,3,26coinfectionN3shoot,0.209,0.0241,1047.282,2,51.3,2800,52.155716614930085,-3.531808133222223,2800,53.07666939625254,-3.84486738162963,26,36.11518224,34812.4321932048,34812.4321932048,0,1,1
PAV,22,6,coinfection,1,0,N,3,4,36coinfectionN4shoot,0.3525,0.0177,1614.618,3,49,2800,53.33356800985676,-3.7565678919999974,2800,52.04851390697174,-3.525956916333331,43,44.862491605,179.88883458107173,0,1,1,0
PAV,22,6,coinfection,1,0,N,3,4,36coinfectionN4shoot,0.3525,0.0177,1614.618,3,49,2800,56.11142245045284,-3.7056832697407387,2800,53.038864846669526,-3.7361079197058813,05,NaN,NaN,0,1,1,0
PAV,22,6,coinfection,1,0,N,4,5,46coinfectionN5shoot,0.341,0.0169,1509.077,2,51.5,2800,52.999059720874435,-3.3933433428888917,2800,51.22810233179825,-3.3048075430370365,27,35.983687083333336,103356.70089902238,103356.70089902238,0,1,1
PAV,22,6,coinfection,1,1,N+P,1,1,16coinfectionN+P1shoot,0.2624,0.018,1433.619,3,50.1,2800,52.396041698335196,-3.4743881866666664,2800,49.87804498427564,-3.345626683222222,25,NaN,NaN,0,1,1,0
PAV,22,6,coinfection,1,1,N+P,1,2,16coinfectionN+P2shoot,0.1953,0.0143,1094.93,2,50.1,1000,53.61460039970443,-3.26696056811987,1000,48.158260637525146,-3.2357518895975863,01,45.86642647,235.3296230370849,0,1,1,0
PAV,22,6,coinfection,1,1,N+P,2,3,26coinfectionN+P3shoot,0.1356,0.009,925.125,3,49.5,2800,53.33356800985676,-3.7565678919999974,2800,52.04851390697174,-3.525956916333331,43,42.36603546,830.9251713788668,0,1,1,0
PAV,22,6,coinfection,1,1,N+P,3,4,36coinfectionN+P4shoot,0.3025,0.0128,1340.312,2,51.2,2800,48.9850770018075,-3.0088815262222224,2800,51.57720035970756,-3.5260478969999998,22,38.26657486,3649.9579651002564,3649.9579651002564,0,1,1
PAV,22,6,coinfection,1,1,N+P,4,5,46coinfectionN+P5shoot,0.2254,0.0093,1201.202,2,52.7,1000,54.25433097458645,-3.4464989144862117,1000,49.17542605929204,-2.9215952719616536,02,44.30478859,770.6460036039853,0,1,1,0
PAV,22,6,PAV,0,0,low,1,1,16PAVlow1shoot,0.2859,0.028,1441.097,3,48.1,2800,49.19482930996279,-3.0508223223333335,2800,50.71861645847463,-3.568601969833332,12,46.09025828,10.414004885860177,0,1,0,0
PAV,22,6,PAV,0,0,low,1,2,16PAVlow2shoot,0.2463,0.038,1415.534,3,48.2,2800,50.34818138034469,-3.3574419663333335,NA,NA,NA,14,NaN,NaN,0,1,0,0
PAV,22,6,PAV,0,0,low,2,3,26PAVlow3shoot,0.164,0.0193,1028.083,2,49.8,2800,48.97662263167208,-3.3588090899999994,NA,NA,NA,13,37.102867125,3428.536526650549,3428.536526650549,0,0,1
PAV,22,6,PAV,0,0,low,3,4,36PAVlow4shoot,0.3005,0.0344,1567.004,3,48.9,2800,49.67861051029473,-3.3854052233333336,NA,NA,NA,16,37.499996185,3957.19515091946,3957.19515091946,0,0,1
PAV,22,6,PAV,0,0,low,4,5,46PAVlow5shoot,0.3856,0.0211,2028.925,3,51.2,2800,50.34818138034469,-3.3574419663333335,NA,NA,NA,14,38.03737767333333,4642.171930519603,4642.171930519603,0,0,1
PAV,22,6,PAV,0,1,P,1,1,16PAVP1shoot,0.2158,0.0112,1146.027,3,49.4,2800,50.22608974830922,-3.560085041666667,NA,NA,NA,17,41.15144221,353.9952271460966,0,1,0,0
PAV,22,6,PAV,0,1,P,1,2,16PAVP2shoot,0.1274,0.0211,882.505,2,47.5,2800,49.60374995845039,-3.348891957999999,NA,NA,NA,15,40.33625031,585.2388190878088,0,1,0,0
PAV,22,6,PAV,0,1,P,2,3,26PAVP3shoot,0.1909,0.0311,1067.832,2,47.5,2800,49.67861051029473,-3.3854052233333336,NA,NA,NA,16,42.207417803333335,161.02112028994878,0,1,0,0
PAV,22,6,PAV,0,1,P,3,4,36PAVP4shoot,0.232,0.0156,1414.789,3,49.2,2800,49.60374995845039,-3.348891957999999,NA,NA,NA,15,36.190657296666664,10121.223689974822,10121.223689974822,0,0,1
PAV,22,6,PAV,0,1,P,4,5,46PAVP5shoot,0.3115,0.0194,1407.628,3,47.4,2800,49.67861051029473,-3.3854052233333336,NA,NA,NA,16,37.484041850000004,4000.3698853783467,4000.3698853783467,0,0,1
PAV,22,6,PAV,1,0,N,1,1,16PAVN1shoot,0.3686,0.0077,1680.799,3,50.2,2800,50.22608974830922,-3.560085041666667,NA,NA,NA,17,NaN,NaN,0,1,0,0
PAV,22,6,PAV,1,0,N,1,2,16PAVN2shoot,0.184,0.0107,965.022,3,48.9,2800,54.443033163112105,-3.0831486584444425,28000,54.8519049823941,-3.428139813999994,04,NaN,NaN,0,1,0,0
PAV,22,6,PAV,1,0,N,2,3,26PAVN3shoot,0.225,0.0081,1263.482,2,49.7,2800,50.22608974830922,-3.560085041666667,NA,NA,NA,17,47.45570500666667,6.000388525715205,0,1,0,0
PAV,22,6,PAV,1,0,N,3,4,36PAVN4shoot,0.2229,0.012,1255.516,2,49,2800,50.22608974830922,-3.560085041666667,NA,NA,NA,17,36.97925059333333,5259.365443009436,5259.365443009436,0,0,1
PAV,22,6,PAV,1,0,N,4,5,46PAVN5shoot,0.2224,0.0112,1292.808,3,48.9,2800,48.97662263167208,-3.3588090899999994,NA,NA,NA,13,35.76330693333333,8588.726354612474,8588.726354612474,0,0,1
PAV,22,6,PAV,1,1,N+P,1,1,16PAVN+P1shoot,0.388,0.0296,2179.416,3,50.8,2800,49.67861051029473,-3.3854052233333336,NA,NA,NA,16,38.00376129333333,2809.1989826906934,2809.1989826906934,0,0,1
PAV,22,6,PAV,1,1,N+P,1,2,16PAVN+P2shoot,0.2017,0.0251,1034.384,2,49.3,2800,49.67861051029473,-3.3854052233333336,NA,NA,NA,16,45.252535503333334,20.295459239310915,0,1,0,0
PAV,22,6,PAV,1,1,N+P,1,2,16PAVN+P2shoot,0.2017,0.0251,1034.384,2,49.3,2800,51.174255418315916,-3.3517181390000026,NA,NA,NA,42,41.97278595,556.2875012327253,0,1,0,0
PAV,22,6,PAV,1,1,N+P,2,3,26PAVN+P3shoot,0.3242,0.0168,1809.757,3,49.5,2800,49.67861051029473,-3.3854052233333336,NA,NA,NA,16,42.88375473,101.6488911947228,0,1,0,0
PAV,22,6,PAV,1,1,N+P,3,4,36PAVN+P4shoot,0.3325,0.0146,1724.169,3,50.7,2800,49.60374995845039,-3.348891957999999,NA,NA,NA,15,35.17105993,20402.86464584551,20402.86464584551,0,0,1
PAV,22,6,PAV,1,1,N+P,4,5,46PAVN+P5shoot,0.5062,0.0129,2546.929,3,51.4,2800,51.38179051920926,-3.4672812150000007,2800,49.968065771911625,-3.525420062,31,36.46334203,20074.089637621117,20074.089637621117,0,0,1
PAV,22,6,PAV,1,1,N+P,5,6,56PAVN+P6shoot,0.352,0.0195,NA,NA,51.9,2800,53.470203207138084,-3.4629721319999986,NA,NA,NA,36,37.25265757333334,48209.110694506744,48209.110694506744,0,0,1
PAV,26,7,coinfection,0,0,low,1,1,17coinfectionlow1shoot,0.1862,0.0154,1135.967,3,48.9,2800,50.37211045984439,-3.366426213999998,2800,49.476777238956124,-3.068125512222223,30,30.82265472,641480.9887035833,641480.9887035833,0,1,1
PAV,26,7,coinfection,0,0,low,1,2,17coinfectionlow2shoot,0.0724,0.0077,637.053,3,35.5,2800,54.443033163112105,-3.0831486584444425,28000,54.8519049823941,-3.428139813999994,04,NaN,NaN,0,1,1,0
PAV,26,7,coinfection,0,0,low,2,3,27coinfectionlow3shoot,0.1309,0.0101,842.738,NA,50.5,2800,51.38179051920926,-3.4672812150000007,2800,49.968065771911625,-3.525420062,31,37.784337995,8349.238556473318,8349.238556473318,0,1,1
PAV,26,7,coinfection,0,0,low,3,4,37coinfectionlow4shoot,0.3327,0.0259,1379.624,2,47.8,2800,52.211848476274724,-3.592351510388887,2800,49.45773254949748,-3.4075128553333314,24,43.44166565,276.2795487400389,0,1,1,0
PAV,26,7,coinfection,0,0,low,4,5,47coinfectionlow5shoot,0.2894,0.0301,1720.706,3,50,2800,49.796860060958295,-3.144371795666668,2800,52.89612035071825,-3.4712520312962956,19,38.30445862,4517.641413147677,4517.641413147677,0,1,1
PAV,26,7,coinfection,0,1,P,1,1,17coinfectionP1shoot,0.1031,0.0119,826.695,2,51.4,2800,52.999059720874435,-3.3933433428888917,2800,51.22810233179825,-3.3048075430370365,27,38.86208471,14658.528186702822,14658.528186702822,0,1,1
PAV,26,7,coinfection,0,1,P,1,2,17coinfectionP2shoot,0.1927,0.0231,1285.973,2,51,28000,52.13787768317112,-3.5050912220000052,2800,51.016664544847124,-3.3567030586666666,28,42.25328064,660.7975345432168,0,1,1,0
PAV,26,7,coinfection,0,1,P,2,3,27coinfectionP3shoot,0.1385,0.01,779.049,NA,49.8,1000,54.25433097458645,-3.4464989144862117,1000,49.17542605929204,-2.9215952719616536,02,44.97838211,491.3739119982663,0,1,1,0
PAV,26,7,coinfection,0,1,P,3,4,37coinfectionP4shoot,0.2341,0.023,1173.426,3,52.5,2800,50.86659032166355,-3.2532892863333336,2800,49.73738099187795,-3.558046975999998,21,NaN,NaN,0,1,1,0
PAV,26,7,coinfection,0,1,P,4,5,47coinfectionP5shoot,0.3826,0.0209,1850.317,3,52.7,2800,52.9517160275321,-3.5594708759999985,2800,50.16044780753552,-3.3807856236666654,23,38.387058259999996,12353.902468451439,12353.902468451439,0,1,1
PAV,26,7,coinfection,1,0,N,1,1,17coinfectionN1shoot,0.43120000000000003,0.015,2108.524,3,50.4,2800,52.155716614930085,-3.531808133222223,2800,53.07666939625254,-3.84486738162963,26,41.6454277,946.0076451519064,0,1,1,0
PAV,26,7,coinfection,1,0,N,1,2,17coinfectionN2shoot,0.2045,0.0141,1036.465,3,47.2,2800,52.211848476274724,-3.592351510388887,2800,49.45773254949748,-3.4075128553333314,24,39.55118179,3344.56468910734,3344.56468910734,0,1,1
PAV,26,7,coinfection,1,0,N,2,3,27coinfectionN3shoot,0.1112,0.0084,591.694,NA,48,2800,49.796860060958295,-3.144371795666668,2800,52.89612035071825,-3.4712520312962956,19,41.27004242,514.9575652738334,0,1,1,0
PAV,26,7,coinfection,1,0,N,3,4,37coinfectionN4shoot,0.3544,0.0236,1327.705,3,50.4,2800,53.33356800985676,-3.7565678919999974,2800,52.04851390697174,-3.525956916333331,43,NaN,NaN,0,1,1,0
PAV,26,7,coinfection,1,0,N,3,4,37coinfectionN4shoot,0.3544,0.0236,1327.705,3,50.4,2800,54.443033163112105,-3.0831486584444425,28000,54.8519049823941,-3.428139813999994,04,NaN,NaN,0,1,1,0
PAV,26,7,coinfection,1,0,N,4,5,47coinfectionN5shoot,0.2289,0.0156,1447.793,3,47.1,28000,52.13787768317112,-3.5050912220000052,2800,51.016664544847124,-3.3567030586666666,28,36.175573345000004,35812.441166692886,35812.441166692886,0,1,1
PAV,26,7,coinfection,1,1,N+P,1,2,17coinfectionN+P2shoot,0.2392,0.028,1449.097,3,49.1,2800,52.879494848272664,-3.458342488666665,28000,54.97219010593116,-3.370307922173914,20,40.13640022,4838.831500896202,4838.831500896202,0,1,1
PAV,26,7,coinfection,1,1,N+P,2,3,27coinfectionN+P3shoot,0.2044,NA,1449.416,NA,47.1,2800,49.796860060958295,-3.144371795666668,2800,52.89612035071825,-3.4712520312962956,19,38.9141655,2890.730212398815,2890.730212398815,0,1,1
PAV,26,7,coinfection,1,1,N+P,3,4,37coinfectionN+P4shoot,0.4907,0.0228,2539.619,4,52.1,2800,51.34012946917131,-3.5167511616666647,2800,53.4943096934593,-3.772950433592596,44,41.018415455,861.0215755336128,0,1,1,0
PAV,26,7,coinfection,1,1,N+P,3,4,37coinfectionN+P4shoot,0.4907,0.0228,2539.619,4,52.1,2800,56.11142245045284,-3.7056832697407387,2800,53.038864846669526,-3.7361079197058813,05,NaN,NaN,0,1,1,0
PAV,26,7,coinfection,1,1,N+P,4,5,47coinfectionN+P5shoot,0.1223,0.0071,827.591,2,48.8,2800,51.34012946917131,-3.5167511616666647,2800,53.4943096934593,-3.772950433592596,44,45.95822144,33.91279755772081,0,1,1,0
PAV,26,7,coinfection,1,1,N+P,5,6,57coinfectionN+P6shoot,0.4783,0.0155,NA,NA,47.8,2800,55.29559506087862,-3.4535579345374523,2800,51.96716876869854,-3.3692454026666625,39,42.576669695,4817.780032920786,4817.780032920786,0,1,1
PAV,26,7,PAV,0,0,low,1,1,17PAVlow1shoot,0.343,0.0288,1455.601,3,50.6,2800,49.67861051029473,-3.3854052233333336,NA,NA,NA,16,NaN,NaN,0,1,0,0
PAV,26,7,PAV,0,0,low,1,2,17PAVlow2shoot,0.1176,0.0083,689.789,3,45,2800,51.38179051920926,-3.4672812150000007,2800,49.968065771911625,-3.525420062,31,42.02812767,498.53281011721174,0,1,0,0
PAV,26,7,PAV,0,0,low,2,3,27PAVlow3shoot,0.1918,0.012,1138.675,NA,49.9,2800,49.60374995845039,-3.348891957999999,NA,NA,NA,15,NaN,NaN,0,1,0,0
PAV,26,7,PAV,0,0,low,3,4,37PAVlow4shoot,0.2521,0.0213,1394.47,3,46.1,2800,50.34818138034469,-3.3574419663333335,NA,NA,NA,14,36.295351663333335,15331.207365078306,15331.207365078306,0,0,1
PAV,26,7,PAV,0,0,low,4,5,47PAVlow5shoot,0.4137,0.0349,2122.991,3,52.4,2800,49.60374995845039,-3.348891957999999,NA,NA,NA,15,39.992354076666665,741.3489603011841,0,1,0,0
PAV,26,7,PAV,0,0,low,5,6,57PAVlow6shoot,0.2925,0.0191,NA,NA,49.6,2800,51.174255418315916,-3.3517181390000026,NA,NA,NA,42,38.39186732,6511.518625929106,6511.518625929106,0,0,1
PAV,26,7,PAV,0,1,P,1,1,17PAVP1shoot,0.1183,0.0076,682.646,3,49.3,2800,50.22608974830922,-3.560085041666667,NA,NA,NA,17,40.9667244,398.9175952600481,0,1,0,0
PAV,26,7,PAV,0,1,P,1,2,17PAVP2shoot,0.2841,0.0171,1550.161,3,48.8,1000,53.61460039970443,-3.26696056811987,1000,48.158260637525146,-3.2357518895975863,01,42.52687836,2476.8247353982606,2476.8247353982606,0,0,1
PAV,26,7,PAV,0,1,P,2,3,27PAVP3shoot,0.1411,0.0104,827.641,NA,49.5,2800,56.11142245045284,-3.7056832697407387,2800,53.038864846669526,-3.7361079197058813,05,45.029823305,978.2130086727439,0,1,0,0
PAV,26,7,PAV,0,1,P,3,4,37PAVP4shoot,0.23332,0.0194,1403.458,2,48.6,2800,49.67861051029473,-3.3854052233333336,NA,NA,NA,16,35.14787292333333,19596.15390650814,19596.15390650814,0,0,1
PAV,26,7,PAV,0,1,P,4,5,47PAVP5shoot,0.2523,0.0146,1404.465,3,49.3,2800,50.22608974830922,-3.560085041666667,NA,NA,NA,17,33.67398707,44602.16912486028,44602.16912486028,0,0,1
PAV,26,7,PAV,0,1,P,5,6,57PAVP6shoot,0.3274,0.0203,NA,NA,46.4,2800,51.174255418315916,-3.3517181390000026,NA,NA,NA,42,40.023330685000005,2122.892207519164,0,1,0,0
PAV,26,7,PAV,1,0,N,1,2,17PAVN2shoot,0.2389,0.017,1422.621,3,53.7,2800,54.443033163112105,-3.0831486584444425,28000,54.8519049823941,-3.428139813999994,04,NaN,NaN,0,1,0,0
PAV,26,7,PAV,1,0,N,2,3,27PAVN3shoot,0.442,0.0215,2192.695,NA,53.6,2800,49.19482930996279,-3.0508223223333335,2800,50.71861645847463,-3.568601969833332,12,44.77728653,28.05332126721285,0,1,0,0
PAV,26,7,PAV,1,0,N,3,4,37PAVN4shoot,0.3547,0.0252,1916.202,3,50.1,2800,50.34818138034469,-3.3574419663333335,NA,NA,NA,14,37.30487633,7671.736404534098,7671.736404534098,0,0,1
PAV,26,7,PAV,1,0,N,5,6,57PAVN6shoot,0.4169,0.0152,NA,NA,50.9,2800,51.174255418315916,-3.3517181390000026,NA,NA,NA,42,36.934412636666664,17722.311595301813,17722.311595301813,0,0,1
PAV,26,7,PAV,1,0,N,5,7,57PAVN7shoot,0.4599,0.0265,NA,NA,47.1,2800,51.174255418315916,-3.3517181390000026,NA,NA,NA,42,38.78384781,4974.31365534833,4974.31365534833,0,0,1
PAV,26,7,PAV,1,1,N+P,1,1,17PAVN+P1shoot,0.2478,0.0249,1276.715,4,16.8,2800,49.67861051029473,-3.3854052233333336,NA,NA,NA,16,37.7458992,3347.7364059967654,3347.7364059967654,0,0,1
PAV,26,7,PAV,1,1,N+P,1,2,17PAVN+P2shoot,0.3897,0.014,2045.455,3,50.1,2800,49.67861051029473,-3.3854052233333336,NA,NA,NA,16,37.3711497,4319.633158830811,4319.633158830811,0,0,1
PAV,26,7,PAV,1,1,N+P,3,4,37PAVN+P4shoot,0.2528,0.0139,1439.386,3,45.6,2800,49.60374995845039,-3.348891957999999,NA,NA,NA,15,36.25372187333333,9691.73538239141,9691.73538239141,0,0,1
PAV,26,7,PAV,1,1,N+P,4,5,47PAVN+P5shoot,0.2359,0.0076,1380.65,3,52.2,2800,50.34818138034469,-3.3574419663333335,NA,NA,NA,14,37.984817505,4812.558778128126,4812.558778128126,0,0,1
PAV,26,7,PAV,1,1,N+P,5,6,57PAVN+P6shoot,0.5746,0.0195,NA,NA,50.3,2800,51.174255418315916,-3.3517181390000026,NA,NA,NA,42,NaN,NaN,0,1,0,0
PAV,26,7,PAV,1,1,N+P,5,7,57PAVN+P7shoot,0.5388,0.0204,NA,NA,49.6,2800,51.174255418315916,-3.3517181390000026,NA,NA,NA,42,41.85709381,602.305135677414,0,1,0,0
PAV,29,8,coinfection,0,0,low,1,1,18coinfectionlow1shoot,0.0538,0.0027,514.796,2,30.2,2800,52.879494848272664,-3.458342488666665,28000,54.97219010593116,-3.370307922173914,20,38.72463226,12386.867135726105,12386.867135726105,0,1,1
PAV,29,8,coinfection,0,0,low,1,2,18coinfectionlow2shoot,0.1421,0.0127,1000.814,3,50.9,2800,51.38179051920926,-3.4672812150000007,2800,49.968065771911625,-3.525420062,31,41.81355667333333,574.8813970791293,0,1,1,0
PAV,29,8,coinfection,0,0,low,1,2,18coinfectionlow2shoot,0.1421,0.0127,1000.814,3,50.9,28000,52.66682697726746,-3.3719715109999973,2800,49.88475912124668,-3.252348637592592,03,50.19690323,5.401153756300716,0,1,1,0
PAV,29,8,coinfection,0,0,low,2,3,28coinfectionlow3shoot,0.1232,0.0111,785.725,2,50.6,2800,50.87939654581369,-3.364814314000001,2800,51.71905653844353,-3.58935585048148,18,42.20641835666667,378.05093218700966,0,1,1,0
PAV,29,8,coinfection,0,0,low,3,4,38coinfectionlow4shoot,0.3377,0.0368,1364.437,3,50.4,28000,52.13787768317112,-3.5050912220000052,2800,51.016664544847124,-3.3567030586666666,28,34.837247213333335,86269.5250086458,86269.5250086458,0,1,1
PAV,29,8,coinfection,0,0,low,4,5,48coinfectionlow5shoot,0.5683,0.0454,2631.081,3,51.8,2800,52.879494848272664,-3.458342488666665,28000,54.97219010593116,-3.370307922173914,20,44.38933563,285.08823741499947,0,1,1,0
PAV,29,8,coinfection,0,1,P,1,1,18coinfectionP1shoot,0.231,0.0174,1125.936,2,7.2,2800,52.879494848272664,-3.458342488666665,28000,54.97219010593116,-3.370307922173914,20,NaN,NaN,0,1,1,0
PAV,29,8,coinfection,0,1,P,1,2,18coinfectionP2shoot,0.1368,0.0148,919.097,2,46.1,2800,52.396041698335196,-3.4743881866666664,2800,49.87804498427564,-3.345626683222222,25,43.219041186666665,437.85316422588375,0,1,1,0
PAV,29,8,coinfection,0,1,P,2,3,28coinfectionP3shoot,0.0958,0.017,608.24,3,46.5,2800,52.155716614930085,-3.531808133222223,2800,53.07666939625254,-3.84486738162963,26,NaN,NaN,0,1,1,0
PAV,29,8,coinfection,0,1,P,3,4,38coinfectionP4shoot,0.3429,0.0445,1787.92,4,51.4,28000,52.13787768317112,-3.5050912220000052,2800,51.016664544847124,-3.3567030586666666,28,36.42729949666667,30354.049369922428,30354.049369922428,0,1,1
PAV,29,8,coinfection,0,1,P,4,5,48coinfectionP5shoot,0.1918,0.0285,1087.051,3,47.7,2800,52.999059720874435,-3.3933433428888917,2800,51.22810233179825,-3.3048075430370365,27,36.80904007,59035.27085980816,59035.27085980816,0,1,1
PAV,29,8,coinfection,1,0,N,1,1,18coinfectionN1shoot,0.1127,0.0068,807.925,3,46.7,2800,50.37211045984439,-3.366426213999998,2800,49.476777238956124,-3.068125512222223,30,37.24409739,7937.584189556748,7937.584189556748,0,1,1
PAV,29,8,coinfection,1,0,N,1,2,18coinfectionN2shoot,0.4163,0.0145,2285.887,3,52.3,2800,52.999059720874435,-3.3933433428888917,2800,51.22810233179825,-3.3048075430370365,27,34.89121119,216912.90863597413,216912.90863597413,0,1,1
PAV,29,8,coinfection,1,0,N,2,3,28coinfectionN3shoot,0.2298,0.017,1375.892,4,51,1000,54.25433097458645,-3.4464989144862117,1000,49.17542605929204,-2.9215952719616536,02,42.14725494,3257.3339061155793,3257.3339061155793,0,1,1
PAV,29,8,coinfection,1,0,N,3,4,38coinfectionN4shoot,0.4762,0.0381,2213.329,3,47.9,2800,52.155716614930085,-3.531808133222223,2800,53.07666939625254,-3.84486738162963,26,36.964585623333335,20009.36783028878,20009.36783028878,0,1,1
PAV,29,8,coinfection,1,0,N,4,5,48coinfectionN5shoot,0.4686,0.022,2142.78,3,46.2,2800,50.86659032166355,-3.2532892863333336,2800,49.73738099187795,-3.558046975999998,21,38.57228469666667,6012.271018275929,6012.271018275929,0,1,1
PAV,29,8,coinfection,1,0,N,5,6,58coinfectionN6shoot,0.5319,0.0206,NA,NA,49.4,2800,55.29559506087862,-3.4535579345374523,2800,51.96716876869854,-3.3692454026666625,39,47.02466965,248.25606032633786,0,1,1,0
PAV,29,8,coinfection,1,1,N+P,1,1,18coinfectionN+P1shoot,0.4274,0.0179,2246.529,3,52.5,2800,49.796860060958295,-3.144371795666668,2800,52.89612035071825,-3.4712520312962956,19,36.87773768,12842.505087300067,12842.505087300067,0,1,1
PAV,29,8,coinfection,1,1,N+P,1,2,18coinfectionN+P2shoot,0.2812,0.01,1764.674,4,49,2800,52.9517160275321,-3.5594708759999985,2800,50.16044780753552,-3.3807856236666654,23,37.61280441,20385.601712164007,20385.601712164007,0,1,1
PAV,29,8,coinfection,1,1,N+P,2,3,28coinfectionN+P3shoot,0.1783,0.0121,1044.037,2,50,2800,53.33356800985676,-3.7565678919999974,2800,52.04851390697174,-3.525956916333331,43,39.37520218,5196.64476308801,5196.64476308801,0,1,1
PAV,29,8,coinfection,1,1,N+P,3,4,38coinfectionN+P4shoot,0.2041,0.0259,997.098,3,52.6,2800,50.87939654581369,-3.364814314000001,2800,51.71905653844353,-3.58935585048148,18,42.351381939999996,342.34825550498863,0,1,1,0
PAV,29,8,coinfection,1,1,N+P,3,4,38coinfectionN+P4shoot,0.2041,0.0259,997.098,3,52.6,2800,56.11142245045284,-3.7056832697407387,2800,53.038864846669526,-3.7361079197058813,05,47.161635079999996,260.10681601365434,0,1,1,0
PAV,29,8,coinfection,1,1,N+P,4,5,48coinfectionN+P5shoot,0.4124,0.0241,2200.192,3,47.6,2800,52.9517160275321,-3.5594708759999985,2800,50.16044780753552,-3.3807856236666654,23,40.5437088,3061.3529350756808,3061.3529350756808,0,1,1
PAV,29,8,PAV,0,0,low,1,2,18PAVlow2shoot,0.289,0.0334,1749.601,4,29.8,2800,50.22608974830922,-3.560085041666667,NA,NA,NA,17,37.291339875,4298.034666468701,4298.034666468701,0,0,1
PAV,29,8,PAV,0,0,low,2,3,28PAVlow3shoot,0.2084,0.0288,1262.653,2,52,2800,49.67861051029473,-3.3854052233333336,NA,NA,NA,16,40.25001526,609.6371100703423,0,1,0,0
PAV,29,8,PAV,0,0,low,3,4,38PAVlow4shoot,0.1886,0.0118,1109.323,3,52.1,2800,50.22608974830922,-3.560085041666667,NA,NA,NA,17,34.227072396666664,31188.798497513064,31188.798497513064,0,0,1
PAV,29,8,PAV,0,0,low,4,5,48PAVlow5shoot,0.5235,0.0419,2582.195,4,50.1,2800,49.67861051029473,-3.3854052233333336,NA,NA,NA,16,NaN,NaN,0,1,0,0
PAV,29,8,PAV,0,0,low,5,6,58PAVlow6shoot,0.3547,0.0213,NA,NA,50.5,2800,51.174255418315916,-3.3517181390000026,NA,NA,NA,42,38.605594635,5622.323013487922,5622.323013487922,0,0,1
PAV,29,8,PAV,0,0,low,5,7,58PAVlow7shoot,0.3434,0.0254,NA,NA,49,2800,51.174255418315916,-3.3517181390000026,NA,NA,NA,42,41.998571395,546.5200509514392,0,1,0,0
PAV,29,8,PAV,0,1,P,1,1,18PAVP1shoot,0.25,0.019,1378.126,3,47.1,2800,49.60374995845039,-3.348891957999999,NA,NA,NA,15,41.91647466,197.45507054003025,0,1,0,0
PAV,29,8,PAV,0,1,P,1,2,18PAVP2shoot,0.0985,0.0067,732.151,3,48.3,2800,50.22608974830922,-3.560085041666667,NA,NA,NA,17,36.69226583,6332.061443148368,6332.061443148368,0,0,1
PAV,29,8,PAV,0,1,P,2,3,28PAVP3shoot,0.279,0.0361,1186.843,2,53.6,2800,51.174255418315916,-3.3517181390000026,NA,NA,NA,42,NaN,NaN,0,1,0,0
PAV,29,8,PAV,0,1,P,2,3,28PAVP3shoot,0.279,0.0361,1186.843,2,53.6,2800,56.11142245045284,-3.7056832697407387,2800,53.038864846669526,-3.7361079197058813,05,NaN,NaN,0,1,0,0
PAV,29,8,PAV,0,1,P,3,4,38PAVP4shoot,0.2902,0.0162,1449.429,3,52,2800,50.34818138034469,-3.3574419663333335,NA,NA,NA,14,38.11900075,4389.450242769149,4389.450242769149,0,0,1
PAV,29,8,PAV,0,1,P,4,5,48PAVP5shoot,0.5321,0.0309,2485.427,4,49.4,2800,48.97662263167208,-3.3588090899999994,NA,NA,NA,13,37.17870903,3254.8335349915474,3254.8335349915474,0,0,1
PAV,29,8,PAV,0,1,P,5,6,58PAVP6shoot,0.244,0.0152,NA,NA,48.5,2800,51.174255418315916,-3.3517181390000026,NA,NA,NA,42,38.01255417,8449.909370381507,8449.909370381507,0,0,1
PAV,29,8,PAV,0,1,P,5,7,58PAVP7shoot,0.3692,0.0207,NA,NA,51.4,2800,51.174255418315916,-3.3517181390000026,NA,NA,NA,42,39.05010605,4142.798756563699,4142.798756563699,0,0,1
PAV,29,8,PAV,1,0,N,1,1,18PAVN1shoot,0.3193,0.0117,1875.744,4,48,2800,50.34818138034469,-3.3574419663333335,NA,NA,NA,14,NaN,NaN,0,1,0,0
PAV,29,8,PAV,1,0,N,1,2,18PAVN2shoot,0.2616,0.0034,1691.001,3,50.6,2800,49.19482930996279,-3.0508223223333335,2800,50.71861645847463,-3.568601969833332,12,37.31090291666667,7858.127610792005,7858.127610792005,0,0,1
PAV,29,8,PAV,1,0,N,2,3,28PAVN3shoot,0.3466,0.0181,1802.201,3,46.3,2800,48.97662263167208,-3.3588090899999994,NA,NA,NA,13,39.95884514,483.96499168602037,0,1,0,0
PAV,29,8,PAV,1,0,N,3,4,38PAVN4shoot,0.2702,0.0108,1627.662,3,47.5,2800,48.97662263167208,-3.3588090899999994,NA,NA,NA,13,36.79440307666667,4235.903986362525,4235.903986362525,0,0,1
PAV,29,8,PAV,1,0,N,4,5,48PAVN5shoot,0.6444,0.0347,3991.724,4,49.4,2800,49.60374995845039,-3.348891957999999,NA,NA,NA,15,37.14369074333334,5255.950899131464,5255.950899131464,0,0,1
PAV,29,8,PAV,1,0,N,5,6,58PAVN6shoot,0.5483,0.019,NA,NA,46.8,2800,51.174255418315916,-3.3517181390000026,NA,NA,NA,42,37.696413676666666,10499.629439044536,10499.629439044536,0,0,1
PAV,29,8,PAV,1,0,N,5,7,58PAVN7shoot,0.6076,0.0207,NA,NA,53.4,2800,51.174255418315916,-3.3517181390000026,NA,NA,NA,42,36.27648417,27849.426075281743,27849.426075281743,0,0,1
PAV,29,8,PAV,1,1,N+P,1,1,18PAVN+P1shoot,0.4409,0.0098,2401.724,4,49.3,2800,50.34818138034469,-3.3574419663333335,NA,NA,NA,14,NaN,NaN,0,1,0,0
PAV,29,8,PAV,1,1,N+P,1,2,18PAVN+P2shoot,0.3794,0.00147,2304.306,4,50.6,2800,50.34818138034469,-3.3574419663333335,NA,NA,NA,14,36.00790914,18671.959947766958,18671.959947766958,0,0,1
PAV,29,8,PAV,1,1,N+P,2,3,28PAVN+P3shoot,0.3615,0.0189,1992.095,3,48.6,2800,48.97662263167208,-3.3588090899999994,NA,NA,NA,13,44.22773996666667,25.933376232550252,0,1,0,0
PAV,29,8,PAV,1,1,N+P,3,4,38PAVN+P4shoot,0.212,0.0167,1102.244,2,48.2,2800,48.97662263167208,-3.3588090899999994,NA,NA,NA,13,39.13069153,853.8382903987083,0,1,0,0
PAV,29,8,PAV,1,1,N+P,4,5,48PAVN+P5shoot,0.7397,0.0274,3890.676,4,48.9,2800,49.60374995845039,-3.348891957999999,NA,NA,NA,15,43.69947433,57.95000560638659,0,1,0,0
PAV,29,8,PAV,1,1,N+P,5,6,58PAVN+P6shoot,0.3931,0.0098,NA,NA,48,2800,51.174255418315916,-3.3517181390000026,NA,NA,NA,42,37.27866618,13989.777063178824,13989.777063178824,0,0,1
PAV,29,8,PAV,1,1,N+P,5,7,58PAVN+P7shoot,0.5662,0.02,NA,NA,49.3,2800,51.174255418315916,-3.3517181390000026,NA,NA,NA,42,38.534433365,5904.0098607529435,5904.0098607529435,0,0,1
