target,dpi,time,inoc,high_N,high_P,nutrient,round,replicate,sample,shoot_mass_g,root_mass_g,leaf_area_mm2,leaves,mass_ext_mg,PAVmin,PAVint,PAVslope,RPVmin,RPVint,RPVslope,q_group,tech_cycle,quant,quant_adj,quant_zero,co,present
RPV,5,1,coinfection,0,0,low,1,1,11coinfectionlow1shoot,0.1597,0.0128,798.214,2,47.5,2800,52.3960417,-3.474388187,2800,49.87804498,-3.345626683,25,34.27772904,46014.84816,46014.84816,0,1,1
RPV,5,1,coinfection,0,0,low,1,2,11coinfectionlow2shoot,0.1532,0.0133,746.368,2,45.4,2800,49.79686006,-3.144371796,2800,52.89612035,-3.471252031,19,35.540507,99957.10465,99957.10465,0,1,1
RPV,5,1,coinfection,0,0,low,2,3,21coinfectionlow3shoot,0.134,0.0176,679.762,2,50.7,2800,48.985077,-3.008881526,2800,51.57720036,-3.526047897,22,36.7932663,15587.53482,15587.53482,0,1,1
RPV,5,1,coinfection,0,0,low,3,4,31coinfectionlow4shoot,0.2073,0.0185,1046.657,2,52.2,2800,53.33356801,-3.756567892,2800,52.04851391,-3.525956916,43,35.9958636,35703.225,35703.225,0,1,1
RPV,5,1,coinfection,0,1,P,1,1,11coinfectionP1shoot,0.1564,0.0115,707.601,2,48.7,2800,48.985077,-3.008881526,2800,51.57720036,-3.526047897,22,37.9653422,7250.575,7250.575,0,1,1
RPV,5,1,coinfection,0,1,P,1,2,11coinfectionP2shoot,0.1427,0.0117,737.51,2,47.7,2800,50.86659032,-3.253289286,2800,49.73738099,-3.558046976,21,39.16295623,937.5068825,0,1,1,0
RPV,5,1,coinfection,0,1,P,2,3,21coinfectionP3shoot,0.0942,0.0148,622.46,1,47.2,2800,54.4608237,-3.962081252,2800,49.79641932,-3.117067347,29,35.60479991,35717.03936,35717.03936,0,1,1
RPV,5,1,coinfection,0,1,P,3,4,31coinfectionP4shoot,0.1573,0.0129,697.557,2,50.2,2800,50.87939655,-3.364814314,2800,51.71905654,-3.58935585,18,35.19392776,40172.23684,40172.23684,0,1,1
RPV,5,1,coinfection,1,0,N,1,1,11coinfectionN1shoot,0.2075,0.0193,1071.933,2,47.3,2800,55.4270836,-4.056960671,2800,52.63828544,-3.637108951,41,NaN,NaN,0,1,1,0
RPV,5,1,coinfection,1,0,N,1,2,11coinfectionN2shoot,0.1319,0.011,642.632,2,50.2,2800,52.3960417,-3.474388187,2800,49.87804498,-3.345626683,25,35.22556941,23965.73324,23965.73324,0,1,1
RPV,5,1,coinfection,1,0,N,2,3,21coinfectionN3shoot,0.1361,0.0121,722.77,2,54.8,1000,53.6146004,-3.266960568,1000,48.15826064,-3.23575189,1,37.72993469,1670.493292,1670.493292,0,1,1
RPV,5,1,coinfection,1,0,N,3,4,31coinfectionN4shoot,0.1585,0.0111,675.06,2,48.4,28000,52.13787768,-3.505091222,2800,51.01666454,-3.356703059,28,34.91128667,62802.24286,62802.24286,0,1,1
RPV,5,1,coinfection,1,1,N+P,1,1,11coinfectionN+P1shoot,0.1049,0.0067,497.974,1,47.3,2800,52.99905972,-3.393343343,2800,51.22810233,-3.304807543,27,33.97019068,166748.7292,166748.7292,0,1,1
RPV,5,1,coinfection,1,1,N+P,2,3,21coinfectionN+P3shoot,0.1683,0.0144,978.173,2,46.2,2800,51.38179052,-3.467281215,2800,49.96806577,-3.525420062,31,33.68833288,41477.60325,41477.60325,0,1,1
RPV,5,1,RPV,0,0,low,1,1,11RPVlow1shoot,0.1303,0.0129,547.398,2,48.6,2800,56.15578587,-3.476488848,2800,54.27998251,-3.679332379,7,38.75926208,16533.02648,16533.02648,0,0,1
RPV,5,1,RPV,0,0,low,2,3,21RPVlow3shoot,0.1505,0.0128,913.221,2,48,2800,53.91588389,-3.35283923,2800,54.45703352,-3.645049392,9,40.44711304,6975.052804,6975.052804,0,0,1
RPV,5,1,RPV,0,0,low,3,4,31RPVlow4shoot,0.2293,0.0286,1001.273,2,47.2,2800,53.91588389,-3.35283923,2800,54.45703352,-3.645049392,9,37.02935791,60421.36362,60421.36362,0,0,1
RPV,5,1,RPV,0,0,low,5,6,51RPVlow6shoot,0.1408,0.0119,NA,NA,48.5,NA,NA,NA,2800,51.922408,-3.494227431,40,39.02901077,4896.813628,4896.813628,0,0,1
RPV,5,1,RPV,0,1,P,1,1,11RPVP1shoot,0.1233,0.0149,598.165,2,46.1,2800,53.91588389,-3.35283923,2800,54.45703352,-3.645049392,9,41.4641482,3668.844356,3668.844356,0,0,1
RPV,5,1,RPV,0,1,P,1,2,11RPVP2shoot,0.1071,0.0155,476.107,2,48.3,2800,56.11142245,-3.70568327,2800,53.03886485,-3.73610792,5,35.75897852,42179.7145,42179.7145,0,0,1
RPV,5,1,RPV,0,1,P,3,4,31RPVP4shoot,0.1753,0.0094,820.212,2,49.6,NA,NA,NA,2800,50.61411034,-3.455821421,33,33.28587341,103327.6469,103327.6469,0,0,1
RPV,5,1,RPV,0,1,P,4,5,41RPVP5shoot,0.135,0.0183,512.488,2,48.5,NA,NA,NA,2800,50.61411034,-3.455821421,33,35.67676544,21007.37334,21007.37334,0,0,1
RPV,5,1,RPV,0,1,P,5,6,51RPVP6shoot,0.2354,0.0167,NA,NA,51.3,NA,NA,NA,2800,51.922408,-3.494227431,40,NaN,NaN,0,1,0,0
RPV,5,1,RPV,1,0,N,1,1,11RPVN1shoot,0.0566,0.0066,289.26,1,14.1,NA,NA,NA,2800,50.05916254,-3.409982336,34,36.22566096,11396.36485,11396.36485,0,0,1
RPV,5,1,RPV,1,0,N,1,2,11RPVN2shoot,0.1824,0.0183,907.212,2,54.6,2800,49.19482931,-3.050822322,2800,50.71861646,-3.56860197,12,41.38684655,412.0644857,0,1,0,0
RPV,5,1,RPV,1,0,N,3,4,31RPVN4shoot,0.1864,0.014,787.734,2,47.2,NA,NA,NA,2800,50.14614113,-3.45265522,45,41.00121307,445.3129199,0,1,0,0
RPV,5,1,RPV,1,0,N,4,5,41RPVN5shoot,0.2922,0.0726,1133.15,2,49.1,NA,NA,NA,2800,50.05916254,-3.409982336,34,NaN,NaN,0,1,0,0
RPV,5,1,RPV,1,0,N,4,5,41RPVN5shoot,0.2922,0.0726,1133.15,2,49.1,NA,NA,NA,2800,50.14614113,-3.45265522,45,41.80755615,260.0892516,0,1,0,0
RPV,5,1,RPV,1,0,N,5,6,51RPVN6shoot,0.2703,0.0165,NA,NA,52.1,NA,NA,NA,2800,51.922408,-3.494227431,40,39.04038239,4860.256316,4860.256316,0,0,1
RPV,5,1,RPV,1,1,N+P,1,1,11RPVN+P1shoot,0.1479,0.0147,624.97,2,50.4,280000,55.57067802,-3.193670273,2800,53.18558748,-3.402296224,8,40.01265145,7443.515686,7443.515686,0,0,1
RPV,5,1,RPV,1,1,N+P,1,2,11RPVN+P2shoot,0.0993,0.0142,515.447,1,46.9,2800,56.15578587,-3.476488848,2800,54.27998251,-3.679332379,7,39.07159678,13597.63568,13597.63568,0,0,1
RPV,5,1,RPV,1,1,N+P,2,3,21RPVN+P3shoot,0.0469,0.0163,951.777,2,16.5,2800,53.91588389,-3.35283923,2800,54.45703352,-3.645049392,9,NaN,NaN,0,1,0,0
RPV,5,1,RPV,1,1,N+P,3,4,31RPVN+P4shoot,0.2114,0.015,1095.521,2,51.6,NA,NA,NA,2800,50.05916254,-3.409982336,34,35.99391937,13326.80697,13326.80697,0,0,1
RPV,5,1,RPV,1,1,N+P,4,5,41RPVN+P5shoot,0.1301,0.0107,589.12,2,49.6,2800,56.11142245,-3.70568327,2800,53.03886485,-3.73610792,5,41.2912445,1394.270902,0,1,0,0
RPV,5,1,RPV,1,1,N+P,5,6,51RPVN+P6shoot,0.2767,0.0198,NA,NA,48.3,NA,NA,NA,2800,51.922408,-3.494227431,40,42.92865372,374.8773575,0,1,0,0
RPV,8,2,coinfection,0,0,low,1,1,12coinfectionlow1shoot,0.1659,0.0382,328.334,1,49.7,2800,54.4608237,-3.962081252,2800,49.79641932,-3.117067347,29,38.44497109,4382.356687,4382.356687,0,1,1
RPV,8,2,coinfection,0,0,low,1,2,12coinfectionlow2shoot,0.0778,0.0791,991.742,2,49.4,1000,53.6146004,-3.266960568,1000,48.15826064,-3.23575189,1,38.03885015,1340.834836,1340.834836,0,1,1
RPV,8,2,coinfection,0,0,low,2,3,22coinfectionlow3shoot,0.1629,0.0279,827.857,2,51.7,2800,52.95171603,-3.559470876,2800,50.16044781,-3.380785624,23,35.13168971,27883.34622,27883.34622,0,1,1
RPV,8,2,coinfection,0,0,low,3,4,32coinfectionlow4shoot,0.1955,0.018,1023.615,2,47.2,2800,50.87939655,-3.364814314,2800,51.71905654,-3.58935585,18,33.04001363,159959.4007,159959.4007,0,1,1
RPV,8,2,coinfection,0,0,low,4,5,42coinfectionlow5shoot,0.3019,0.0174,1515.234,2,46.3,2800,52.3960417,-3.474388187,2800,49.87804498,-3.345626683,25,35.21715927,24104.85321,24104.85321,0,1,1
RPV,8,2,coinfection,0,0,low,5,6,52coinfectionlow6shoot,0.1961,0.0126,NA,NA,50.8,2800,53.29624884,-3.534526507,2800,51.22451032,-3.509619396,38,36.32195918,17627.93744,17627.93744,0,1,1
RPV,8,2,coinfection,0,1,P,1,1,12coinfectionP1shoot,0.1392,0.0409,865.919,2,46.8,2800,50.86659032,-3.253289286,2800,49.73738099,-3.558046976,21,32.02056503,95359.81223,95359.81223,0,1,1
RPV,8,2,coinfection,0,1,P,1,2,12coinfectionP2shoot,0.0504,0.0096,280.923,1,30.3,2800,51.38179052,-3.467281215,2800,49.96806577,-3.525420062,31,30.50580915,331550.501,331550.501,0,1,1
RPV,8,2,coinfection,0,1,P,2,3,22coinfectionP3shoot,0.1011,0.0101,466.961,2,48.1,2800,48.985077,-3.008881526,2800,51.57720036,-3.526047897,22,33.92871984,101198.3016,101198.3016,0,1,1
RPV,8,2,coinfection,0,1,P,3,4,32coinfectionP4shoot,0.1839,0.0166,867.683,2,48.1,2800,50.87939655,-3.364814314,2800,51.71905654,-3.58935585,18,33.06348292,157569.1483,157569.1483,0,1,1
RPV,8,2,coinfection,0,1,P,4,5,42coinfectionP5shoot,0.2698,0.018,1122.714,2,48.5,2800,54.4608237,-3.962081252,2800,49.79641932,-3.117067347,29,35.63522339,34923.291,34923.291,0,1,1
RPV,8,2,coinfection,0,1,P,5,6,52coinfectionP6shoot,0.1925,0.014,NA,NA,48.5,2800,53.29624884,-3.534526507,2800,51.22451032,-3.509619396,38,38.72104518,3652.810082,3652.810082,0,1,1
RPV,8,2,coinfection,1,0,N,1,1,12coinfectionN1shoot,0.1858,0.0373,1158.226,2,48.8,28000,52.66682698,-3.371971511,2800,49.88475912,-3.252348638,3,35.46543503,27133.83595,27133.83595,0,1,1
RPV,8,2,coinfection,1,0,N,2,3,22coinfectionN3shoot,0.206,0.0203,924.273,2,49.3,2800,50.37211046,-3.366426214,2800,49.47677724,-3.068125512,30,32.98061244,238027.1282,238027.1282,0,1,1
RPV,8,2,coinfection,1,0,N,3,4,32coinfectionN4shoot,0.0914,0.0081,405.019,2,43.9,2800,52.95171603,-3.559470876,2800,50.16044781,-3.380785624,23,40.87948608,556.1713154,0,1,1,0
RPV,8,2,coinfection,1,0,N,4,5,42coinfectionN5shoot,0.1014,0.0033,419.192,2,50.8,2800,48.985077,-3.008881526,2800,51.57720036,-3.526047897,22,38.73605983,4383.228688,4383.228688,0,1,1
RPV,8,2,coinfection,1,0,N,5,6,52coinfectionN6shoot,0.2522,0.0188,NA,NA,48.5,2800,53.29624884,-3.534526507,2800,51.22451032,-3.509619396,38,36.78513082,13008.567,13008.567,0,1,1
RPV,8,2,coinfection,1,1,N+P,1,1,12coinfectionN+P1shoot,0.1832,0.0472,1054.471,2,48.1,2800,50.37211046,-3.366426214,2800,49.47677724,-3.068125512,30,34.05558268,106232.9775,106232.9775,0,1,1
RPV,8,2,coinfection,1,1,N+P,2,3,22coinfectionN+P3shoot,0.1972,0.0253,1026.76,2,49.5,2800,55.4270836,-4.056960671,2800,52.63828544,-3.637108951,41,35.62777456,47526.06979,47526.06979,0,1,1
RPV,8,2,coinfection,1,1,N+P,3,4,32coinfectionN+P4shoot,0.288,0.0229,1360.655,2,51.5,2800,49.79686006,-3.144371796,2800,52.89612035,-3.471252031,19,34.53404236,194875.1666,194875.1666,0,1,1
RPV,8,2,coinfection,1,1,N+P,4,5,42coinfectionN+P5shoot,0.3639,0.023,1657.85,2,48.6,2800,50.37211046,-3.366426214,2800,49.47677724,-3.068125512,30,43.46513367,91.07233139,0,1,1,0
RPV,8,2,coinfection,1,1,N+P,5,6,52coinfectionN+P6shoot,0.3703,0.0183,NA,NA,47.6,2800,53.29624884,-3.534526507,2800,51.22451032,-3.509619396,38,38.8786087,3294.06627,3294.06627,0,1,1
RPV,8,2,RPV,0,0,low,1,1,12RPVlow1shoot,0.109,0.0111,432.066,2,45.8,2800,56.15578587,-3.476488848,2800,54.27998251,-3.679332379,7,NaN,NaN,0,1,0,0
RPV,8,2,RPV,0,0,low,1,1,12RPVlow1shoot,0.109,0.0111,432.066,2,45.8,NA,NA,NA,2800,50.14614113,-3.45265522,45,46.93935394,8.487674382,0,1,0,0
RPV,8,2,RPV,0,0,low,1,2,12RPVlow2shoot,0.0919,0.0151,477.714,2,46.9,NA,NA,NA,2800,50.14614113,-3.45265522,45,38.12094752,3040.064776,3040.064776,0,0,1
RPV,8,2,RPV,0,0,low,2,3,22RPVlow3shoot,0.2339,0.0239,1122.259,2,46.4,280000,55.57067802,-3.193670273,2800,53.18558748,-3.402296224,8,35.72419103,135593.4559,135593.4559,0,0,1
RPV,8,2,RPV,0,0,low,3,4,32RPVlow4shoot,0.3012,0.0359,1391.601,2,48.4,NA,NA,NA,2800,50.14614113,-3.45265522,45,33.91302363,50307.52309,50307.52309,0,0,1
RPV,8,2,RPV,0,0,low,4,5,42RPVlow5shoot,0.2187,0.0146,1157.4,2,47.3,NA,NA,NA,2800,50.05916254,-3.409982336,34,34.67312113,32513.14454,32513.14454,0,0,1
RPV,8,2,RPV,0,0,low,5,6,52RPVlow6shoot,0.2228,0.0161,NA,NA,50,NA,NA,NA,2800,51.922408,-3.494227431,40,37.31820043,15119.03414,15119.03414,0,0,1
RPV,8,2,RPV,0,1,P,1,1,12RPVP1shoot,0.0716,0.0126,495.738,2,45.1,NA,NA,NA,2800,50.61411034,-3.455821421,33,31.84570503,269745.0356,269745.0356,0,0,1
RPV,8,2,RPV,0,1,P,1,2,12RPVP2shoot,0.2276,0.0442,1158.353,2,48.9,2800,56.11142245,-3.70568327,2800,53.03886485,-3.73610792,5,38.49361547,7819.078548,7819.078548,0,0,1
RPV,8,2,RPV,0,1,P,2,3,22RPVP3shoot,0.2217,0.0244,1098.683,2,49.3,NA,NA,NA,2800,50.61411034,-3.455821421,33,36.96099663,8928.076032,8928.076032,0,0,1
RPV,8,2,RPV,0,1,P,3,4,32RPVP4shoot,0.1436,0.0168,693.582,2,50,2800,53.91588389,-3.35283923,2800,54.45703352,-3.645049392,9,33.98170725,414283.2194,414283.2194,0,0,1
RPV,8,2,RPV,0,1,P,4,5,42RPVP5shoot,0.275,0.0176,1359.636,2,47.7,NA,NA,NA,2800,50.05916254,-3.409982336,34,32.10283279,184422.169,184422.169,0,0,1
RPV,8,2,RPV,0,1,P,5,6,52RPVP6shoot,0.231,0.0204,NA,NA,48.9,NA,NA,NA,2800,51.922408,-3.494227431,40,36.943175,19357.58548,19357.58548,0,0,1
RPV,8,2,RPV,1,0,N,1,1,12RPVN1shoot,0.2257,0.0204,1306.745,2,46.5,2800,56.15578587,-3.476488848,2800,54.27998251,-3.679332379,7,39.19479243,12588.68158,12588.68158,0,0,1
RPV,8,2,RPV,1,0,N,2,3,22RPVN3shoot,0.2552,0.0204,1299.664,2,50.9,NA,NA,NA,2800,50.05916254,-3.409982336,34,32.2847964,163098.9213,163098.9213,0,0,1
RPV,8,2,RPV,1,0,N,3,4,32RPVN4shoot,0.2068,0.0198,874.299,2,50.1,NA,NA,NA,2800,50.05916254,-3.409982336,34,31.63979149,252117.5444,252117.5444,0,0,1
RPV,8,2,RPV,1,0,N,4,5,42RPVN5shoot,0.2899,0.017,1351.688,2,52,2800,49.19482931,-3.050822322,2800,50.71861646,-3.56860197,12,34.94979859,26228.0637,26228.0637,0,0,1
RPV,8,2,RPV,1,0,N,5,6,52RPVN6shoot,0.1966,0.0144,NA,NA,53.8,NA,NA,NA,2800,51.922408,-3.494227431,40,36.53748067,25290.37923,25290.37923,0,0,1
RPV,8,2,RPV,1,1,N+P,1,1,12RPVN+P1shoot,0.1509,0.0231,935.258,2,49,2800,53.91588389,-3.35283923,2800,54.45703352,-3.645049392,9,35.37858454,171423.9332,171423.9332,0,0,1
RPV,8,2,RPV,1,1,N+P,1,2,12RPVN+P2shoot,0.1214,0.0153,669.243,2,48.2,NA,NA,NA,2800,50.05916254,-3.409982336,34,31.60934448,257354.5522,257354.5522,0,0,1
RPV,8,2,RPV,1,1,N+P,2,3,22RPVN+P3shoot,0.0483,0.011,104.752,1,20,280000,55.57067802,-3.193670273,2800,53.18558748,-3.402296224,8,45.85507203,142.7508956,0,1,0,0
RPV,8,2,RPV,1,1,N+P,3,4,32RPVN+P4shoot,0.2798,0.0195,1426.244,2,46.4,NA,NA,NA,2800,50.05916254,-3.409982336,34,33.99656805,51340.80421,51340.80421,0,0,1
RPV,8,2,RPV,1,1,N+P,4,5,42RPVN+P5shoot,0.2578,0.0229,1091.112,2,52.8,2800,56.11142245,-3.70568327,2800,53.03886485,-3.73610792,5,42.73782349,571.6871177,0,1,0,0
RPV,8,2,RPV,1,1,N+P,5,6,52RPVN+P6shoot,0.324,0.0174,NA,NA,40.5,NA,NA,NA,2800,51.922408,-3.494227431,40,37.24590683,15856.72463,15856.72463,0,0,1
RPV,12,3,coinfection,0,0,low,1,1,13coinfectionlow1shoot,0.1457,0.027,939.023,2,47.4,2800,50.37211046,-3.366426214,2800,49.47677724,-3.068125512,30,32.67724991,298883.53,298883.53,0,1,1
RPV,12,3,coinfection,0,0,low,1,2,13coinfectionlow2shoot,0.2257,0.0272,1268.303,2,47.9,2800,48.985077,-3.008881526,2800,51.57720036,-3.526047897,22,36.60902278,17580.43305,17580.43305,0,1,1
RPV,12,3,coinfection,0,0,low,2,3,23coinfectionlow3shoot,0.1491,0.0118,932.578,2,49.8,2800,50.87939655,-3.364814314,2800,51.71905654,-3.58935585,18,33.26748149,138241.0035,138241.0035,0,1,1
RPV,12,3,coinfection,0,0,low,3,4,33coinfectionlow4shoot,0.2131,0.0176,954.625,2,49.2,2800,52.87949485,-3.458342489,28000,54.97219011,-3.370307922,20,37.52525838,150195.8993,150195.8993,0,1,1
RPV,12,3,coinfection,0,0,low,4,5,43coinfectionlow5shoot,0.1822,0.0113,964.051,2,48.4,2800,49.79686006,-3.144371796,2800,52.89612035,-3.471252031,19,29.01421801,7584207.807,7584207.807,0,1,1
RPV,12,3,coinfection,0,0,low,5,6,53coinfectionlow6shoot,0.2196,0.0148,NA,NA,49.9,2800,53.29624884,-3.534526507,2800,51.22451032,-3.509619396,38,35.18322626,37210.2009,37210.2009,0,1,1
RPV,12,3,coinfection,0,1,P,1,1,13coinfectionP1shoot,0.0787,0.0028,494.312,2,46.3,2800,50.86659032,-3.253289286,2800,49.73738099,-3.558046976,21,31.50960986,132730.553,132730.553,0,1,1
RPV,12,3,coinfection,0,1,P,1,2,13coinfectionP2shoot,0.0914,0.0199,411.81,1,45.9,2800,52.3960417,-3.474388187,2800,49.87804498,-3.345626683,25,28.18611463,3045561.046,3045561.046,0,1,1
RPV,12,3,coinfection,0,1,P,2,3,23coinfectionP3shoot,0.1376,0.0099,899.94,2,50.7,2800,48.985077,-3.008881526,2800,51.57720036,-3.526047897,22,31.43061256,517184.532,517184.532,0,1,1
RPV,12,3,coinfection,0,1,P,3,4,33coinfectionP4shoot,0.2382,0.0199,1080.44,2,50,2800,50.37211046,-3.366426214,2800,49.47677724,-3.068125512,30,33.40660985,172894.1535,172894.1535,0,1,1
RPV,12,3,coinfection,0,1,P,4,5,43coinfectionP5shoot,0.1172,0.0071,552.845,2,48.5,2800,50.87939655,-3.364814314,2800,51.71905654,-3.58935585,18,32.28906886,258954.8949,258954.8949,0,1,1
RPV,12,3,coinfection,0,1,P,5,6,53coinfectionP6shoot,0.2994,0.0155,NA,NA,50.8,2800,53.29624884,-3.534526507,2800,51.22451032,-3.509619396,38,37.66347885,7310.729507,7310.729507,0,1,1
RPV,12,3,coinfection,1,0,N,1,1,13coinfectionN1shoot,0.2397,0.0161,1488.013,2,48.3,2800,52.95171603,-3.559470876,2800,50.16044781,-3.380785624,23,29.47042338,1317912.379,1317912.379,0,1,1
RPV,12,3,coinfection,1,0,N,1,2,13coinfectionN2shoot,0.1425,0.0132,1058.803,2,47.4,2800,52.21184848,-3.59235151,2800,49.45773255,-3.407512855,24,30.14936511,463885.4392,463885.4392,0,1,1
RPV,12,3,coinfection,1,0,N,2,3,23coinfectionN3shoot,0.1062,0.0122,705.32,2,45.5,2800,52.99905972,-3.393343343,2800,51.22810233,-3.304807543,27,32.82464218,370419.175,370419.175,0,1,1
RPV,12,3,coinfection,1,0,N,3,4,33coinfectionN4shoot,0.2223,0.0178,1027.073,2,49.3,2800,50.87939655,-3.364814314,2800,51.71905654,-3.58935585,18,29.89454714,1203210.232,1203210.232,0,1,1
RPV,12,3,coinfection,1,0,N,4,5,43coinfectionN5shoot,0.3304,0.0153,1597.927,2,48.3,2800,52.95171603,-3.559470876,2800,50.16044781,-3.380785624,23,29.7818222,1066051.334,1066051.334,0,1,1
RPV,12,3,coinfection,1,1,N+P,1,1,13coinfectionN+P1shoot,0.203,0.0218,1133.213,2,52.7,28000,52.13787768,-3.505091222,2800,51.01666454,-3.356703059,28,34.81159083,67247.42792,67247.42792,0,1,1
RPV,12,3,coinfection,1,1,N+P,1,2,13coinfectionN+P2shoot,0.1252,0.0157,763.612,3,48,2800,52.95171603,-3.559470876,2800,50.16044781,-3.380785624,23,30.12558874,843520.5695,843520.5695,0,1,1
RPV,12,3,coinfection,1,1,N+P,2,3,23coinfectionN+P3shoot,0.2483,0.016,1436.058,3,48.7,2800,50.86659032,-3.253289286,2800,49.73738099,-3.558046976,21,29.64001719,445067.2608,445067.2608,0,1,1
RPV,12,3,coinfection,1,1,N+P,3,4,33coinfectionN+P4shoot,0.35,0.0198,1796.25,2,48.3,2800,52.3960417,-3.474388187,2800,49.87804498,-3.345626683,25,31.4662412,318599.5367,318599.5367,0,1,1
RPV,12,3,coinfection,1,1,N+P,4,5,43coinfectionN+P5shoot,0.0744,0.0077,267.79,1,23.7,2800,52.21184848,-3.59235151,2800,49.45773255,-3.407512855,24,47.93634987,2.795625067,0,1,1,0
RPV,12,3,RPV,0,0,low,1,1,13RPVlow1shoot,0.1656,0.012,1423.18,2,46.9,NA,NA,NA,2800,50.61411034,-3.455821421,33,30.99154282,476562.2641,476562.2641,0,0,1
RPV,12,3,RPV,0,0,low,1,2,13RPVlow2shoot,0.2009,0.0133,419.435,2,48.8,2800,49.19482931,-3.050822322,2800,50.71861646,-3.56860197,12,34.37496376,38005.58911,38005.58911,0,0,1
RPV,12,3,RPV,0,0,low,2,3,23RPVlow3shoot,0.0759,0.0066,481.829,2,28.8,2800,49.19482931,-3.050822322,2800,50.71861646,-3.56860197,12,30.68054581,412196.0709,412196.0709,0,0,1
RPV,12,3,RPV,0,0,low,3,4,33RPVlow4shoot,0.0557,0.0113,151.228,1,47.3,NA,NA,NA,2800,50.61411034,-3.455821421,33,31.37434896,369273.6007,369273.6007,0,0,1
RPV,12,3,RPV,0,0,low,4,5,43RPVlow5shoot,0.3448,0.0231,1700.155,2,48.2,280000,55.57067802,-3.193670273,2800,53.18558748,-3.402296224,8,37.20529048,49763.9959,49763.9959,0,0,1
RPV,12,3,RPV,0,0,low,5,6,53RPVlow6shoot,0.2875,0.0215,NA,NA,54,NA,NA,NA,2800,51.922408,-3.494227431,40,33.91326396,142550.9771,142550.9771,0,0,1
RPV,12,3,RPV,0,1,P,1,1,13RPVP1shoot,0.0456,0.0012,354.655,2,26.1,NA,NA,NA,2800,50.61411034,-3.455821421,33,31.35788981,373345.56,373345.56,0,0,1
RPV,12,3,RPV,0,1,P,1,2,13RPVP2shoot,0.0673,0.003,423.5,2,41.4,280000,55.57067802,-3.193670273,2800,53.18558748,-3.402296224,8,36.3036321,91607.26255,91607.26255,0,0,1
RPV,12,3,RPV,0,1,P,2,3,23RPVP3shoot,0.2498,0.0194,1365.852,2,50,2800,49.19482931,-3.050822322,2800,50.71861646,-3.56860197,12,32.5499471,123383.4435,123383.4435,0,0,1
RPV,12,3,RPV,0,1,P,3,4,33RPVP4shoot,0.2181,0.0303,1054.644,2,47.6,NA,NA,NA,2800,50.61411034,-3.455821421,33,29.37375196,1400408.123,1400408.123,0,0,1
RPV,12,3,RPV,0,1,P,4,5,43RPVP5shoot,0.1781,0.0108,860.056,2,48.5,NA,NA,NA,2800,50.61411034,-3.455821421,33,30.75574112,557638.6072,557638.6072,0,0,1
RPV,12,3,RPV,0,1,P,5,6,53RPVP6shoot,0.2896,0.0191,NA,NA,48.3,NA,NA,NA,2800,50.14614113,-3.45265522,45,32.82476552,103950.7164,103950.7164,0,0,1
RPV,12,3,RPV,0,1,P,5,7,53RPVP7shoot,0.2051,0.0114,NA,NA,46,NA,NA,NA,2800,50.14614113,-3.45265522,45,32.64012019,117572.7599,117572.7599,0,0,1
RPV,12,3,RPV,1,0,N,1,2,13RPVN2shoot,0.2467,0.0236,1692.686,2,49.2,2800,54.44303316,-3.083148658,28000,54.85190498,-3.428139814,4,38.46351751,60332.06062,60332.06062,0,0,1
RPV,12,3,RPV,1,0,N,2,3,23RPVN3shoot,0.2204,0.0138,1270.531,2,53.2,NA,NA,NA,2800,50.95508678,-3.518829324,32,37.78778203,5520.215969,5520.215969,0,0,1
RPV,12,3,RPV,1,0,N,4,5,43RPVN5shoot,0.437,0.0189,2009.409,2,49.3,NA,NA,NA,2800,50.95508678,-3.518829324,32,36.11932754,16447.75068,16447.75068,0,0,1
RPV,12,3,RPV,1,0,N,5,6,53RPVN6shoot,0.3257,0.0182,NA,NA,47,NA,NA,NA,2800,51.922408,-3.494227431,40,31.89808973,537880.059,537880.059,0,0,1
RPV,12,3,RPV,1,1,N+P,1,1,13RPVN+P1shoot,0.2149,0.0176,1353.534,2,51.3,2800,56.15578587,-3.476488848,2800,54.27998251,-3.679332379,7,36.70749792,59703.27285,59703.27285,0,0,1
RPV,12,3,RPV,1,1,N+P,1,2,13RPVN+P2shoot,0.064,0.0012,923.736,2,39.6,NA,NA,NA,2800,50.05916254,-3.409982336,34,28.94804319,1552301.798,1552301.798,0,0,1
RPV,12,3,RPV,1,1,N+P,2,3,23RPVN+P3shoot,0.2699,0.017,1620.304,3,48,NA,NA,NA,2800,50.95508678,-3.518829324,32,34.31700643,53493.36303,53493.36303,0,0,1
RPV,12,3,RPV,1,1,N+P,3,4,33RPVN+P4shoot,0.3355,0.0333,1629.445,3,48.6,2800,56.15578587,-3.476488848,2800,54.27998251,-3.679332379,7,36.14179611,85064.69509,85064.69509,0,0,1
RPV,12,3,RPV,1,1,N+P,4,5,43RPVN+P5shoot,0.1904,0.0094,980.05,2,47.1,280000,55.57067802,-3.193670273,2800,53.18558748,-3.402296224,8,37.21193695,49540.65222,49540.65222,0,0,1
RPV,12,3,RPV,1,1,N+P,5,6,53RPVN+P6shoot,0.4055,0.0166,NA,NA,53.2,NA,NA,NA,2800,50.14614113,-3.45265522,45,39.04838181,1637.827049,0,1,0,0
RPV,16,4,coinfection,0,0,low,1,1,14coinfectionlow1shoot,0.193,0.0175,1171.31,2,45.2,2800,55.4270836,-4.056960671,2800,52.63828544,-3.637108951,41,34.52707545,95403.02142,95403.02142,0,1,1
RPV,16,4,coinfection,0,0,low,1,2,14coinfectionlow2shoot,0.3299,0.0285,1503.965,3,48.8,2800,52.21184848,-3.59235151,2800,49.45773255,-3.407512855,24,36.43226369,6646.203748,6646.203748,0,1,1
RPV,16,4,coinfection,0,0,low,2,3,24coinfectionlow3shoot,0.2307,0.0219,1318.572,2,48,2800,48.985077,-3.008881526,2800,51.57720036,-3.526047897,22,29.96026611,1350955.756,1350955.756,0,1,1
RPV,16,4,coinfection,0,0,low,4,5,44coinfectionlow5shoot,0.2351,0.0119,1381.174,2,47,2800,50.86659032,-3.253289286,2800,49.73738099,-3.558046976,21,30.14510345,320973.8181,320973.8181,0,1,1
RPV,16,4,coinfection,0,0,low,5,6,54coinfectionlow6shoot,0.2779,0.0145,NA,NA,48.9,2800,53.29624884,-3.534526507,2800,51.22451032,-3.509619396,38,37.1987203,9917.105175,9917.105175,0,1,1
RPV,16,4,coinfection,0,1,P,1,1,14coinfectionP1shoot,0.162,0.0177,1013.252,3,49,2800,52.99905972,-3.393343343,2800,51.22810233,-3.304807543,27,33.14239756,296854.7644,296854.7644,0,1,1
RPV,16,4,coinfection,0,1,P,1,2,14coinfectionP2shoot,0.2148,0.0143,1269.182,2,50.4,2800,52.3960417,-3.474388187,2800,49.87804498,-3.345626683,25,31.55021541,300708.3209,300708.3209,0,1,1
RPV,16,4,coinfection,0,1,P,4,5,44coinfectionP5shoot,0.2166,0.0104,1132.831,2,50.7,2800,54.44303316,-3.083148658,28000,54.85190498,-3.428139814,4,38.91213735,44635.89325,44635.89325,0,1,1
RPV,16,4,coinfection,0,1,P,5,6,54coinfectionP6shoot,0.2406,0.0169,NA,NA,53.2,2800,55.29559506,-3.453557935,2800,51.96716877,-3.369245403,39,40.89697075,1930.460592,0,1,1,0
RPV,16,4,coinfection,1,0,N,1,1,14coinfectionN1shoot,0.1879,0.0112,1183.528,2,49,2800,52.21184848,-3.59235151,2800,49.45773255,-3.407512855,24,48.10803986,2.489391526,0,1,1,0
RPV,16,4,coinfection,1,0,N,1,2,14coinfectionN2shoot,0.1954,0.0165,1107.498,2,51.1,2800,52.21184848,-3.59235151,2800,49.45773255,-3.407512855,24,29.5041879,717381.819,717381.819,0,1,1
RPV,16,4,coinfection,1,0,N,2,3,24coinfectionN3shoot,0.1457,0.208,726.109,1,45.9,2800,52.87949485,-3.458342489,28000,54.97219011,-3.370307922,20,38.26490529,90614.63256,90614.63256,0,1,1
RPV,16,4,coinfection,1,0,N,4,5,44coinfectionN5shoot,0.2694,0.012,1388.24,3,48.7,2800,52.87949485,-3.458342489,28000,54.97219011,-3.370307922,20,34.33476766,1328326.177,1328326.177,0,1,1
RPV,16,4,coinfection,1,0,N,5,6,54coinfectionN6shoot,0.4048,0.0235,NA,NA,51.8,2800,53.29624884,-3.534526507,2800,51.22451032,-3.509619396,38,35.48386129,30549.33229,30549.33229,0,1,1
RPV,16,4,coinfection,1,1,N+P,1,1,14coinfectionN+P1shoot,0.0747,0.0047,556.33,2,45.7,2800,50.86659032,-3.253289286,2800,49.73738099,-3.558046976,21,30.24978765,299949.2603,299949.2603,0,1,1
RPV,16,4,coinfection,1,1,N+P,1,2,14coinfectionN+P2shoot,0.2163,0.0172,1225.169,2,48.5,2800,52.87949485,-3.458342489,28000,54.97219011,-3.370307922,20,31.45345116,9510791.852,9510791.852,0,1,1
RPV,16,4,coinfection,1,1,N+P,2,3,24coinfectionN+P3shoot,0.1276,0.0199,826.153,2,47.9,2800,50.87939655,-3.364814314,2800,51.71905654,-3.58935585,18,27.5596962,5380647.509,5380647.509,0,1,1
RPV,16,4,coinfection,1,1,N+P,4,5,44coinfectionN+P5shoot,0.4513,0.0197,1792.659,3,47.2,2800,52.95171603,-3.559470876,2800,50.16044781,-3.380785624,23,33.2509257,100381.7223,100381.7223,0,1,1
RPV,16,4,coinfection,1,1,N+P,5,6,54coinfectionN+P6shoot,0.4169,0.0174,NA,NA,49.9,2800,53.29624884,-3.534526507,2800,51.22451032,-3.509619396,38,35.33964538,33580.97722,33580.97722,0,1,1
RPV,16,4,coinfection,1,1,N+P,5,7,54coinfectionN+P7shoot,0.3523,0.0245,NA,NA,47.4,2800,53.29624884,-3.534526507,2800,51.22451032,-3.509619396,38,36.27749252,18149.78299,18149.78299,0,1,1
RPV,16,4,RPV,0,0,low,1,1,14RPVlow1shoot,0.2302,0.0218,1104.163,3,53.5,NA,NA,NA,2800,50.14614113,-3.45265522,45,35.19402822,21409.80968,21409.80968,0,0,1
RPV,16,4,RPV,0,0,low,1,2,14RPVlow2shoot,0.0798,0.0088,570.738,2,46.1,NA,NA,NA,2800,50.61411034,-3.455821421,33,33.38526917,96706.2865,96706.2865,0,0,1
RPV,16,4,RPV,0,0,low,2,3,24RPVlow3shoot,0.1066,0.0145,603.204,3,45.3,2800,53.91588389,-3.35283923,2800,54.45703352,-3.645049392,9,33.98927053,412308.6048,412308.6048,0,0,1
RPV,16,4,RPV,0,0,low,5,6,54RPVlow6shoot,0.3041,0.0183,NA,NA,50.3,NA,NA,NA,2800,51.922408,-3.494227431,40,34.25957235,113464.8864,113464.8864,0,0,1
RPV,16,4,RPV,0,1,P,1,1,14RPVP1shoot,0.2226,0.025,1157.499,3,47.7,2800,53.91588389,-3.35283923,2800,54.45703352,-3.645049392,9,33.26501846,651504.0474,651504.0474,0,0,1
RPV,16,4,RPV,0,1,P,1,2,14RPVP2shoot,0.1823,0.0137,1039.827,2,47.6,280000,55.57067802,-3.193670273,2800,53.18558748,-3.402296224,8,33.86854935,476044.2769,476044.2769,0,0,1
RPV,16,4,RPV,0,1,P,2,3,24RPVP3shoot,0.1515,0.0197,878.534,2,19.3,2800,49.19482931,-3.050822322,2800,50.71861646,-3.56860197,12,33.21521886,80321.76614,80321.76614,0,0,1
RPV,16,4,RPV,0,1,P,5,6,54RPVP6shoot,0.2713,0.0203,NA,NA,50.3,NA,NA,NA,2800,51.922408,-3.494227431,40,30.21922684,1626121.504,1626121.504,0,0,1
RPV,16,4,RPV,0,1,P,5,7,54RPVP7shoot,0.2373,0.0166,NA,NA,51,2800,55.29559506,-3.453557935,2800,51.96716877,-3.369245403,39,37.62344742,18082.16397,18082.16397,0,0,1
RPV,16,4,RPV,1,0,N,1,2,14RPVN2shoot,0.1802,0.0206,815.334,2,48.6,2800,56.15578587,-3.476488848,2800,54.27998251,-3.679332379,7,NaN,NaN,0,1,0,0
RPV,16,4,RPV,1,0,N,1,2,14RPVN2shoot,0.1802,0.0206,815.334,2,48.6,NA,NA,NA,2800,50.14614113,-3.45265522,45,NaN,NaN,0,1,0,0
RPV,16,4,RPV,1,0,N,4,5,44RPVN5shoot,0.3178,0.0106,1611.092,3,50.9,2800,53.91588389,-3.35283923,2800,54.45703352,-3.645049392,9,34.17601903,366428.2383,366428.2383,0,0,1
RPV,16,4,RPV,1,0,N,5,6,54RPVN6shoot,0.3322,0.018,NA,NA,47.5,NA,NA,NA,2800,50.14614113,-3.45265522,45,33.10902278,85999.80025,85999.80025,0,0,1
RPV,16,4,RPV,1,0,N,5,7,54RPVN7shoot,0.4344,0.0183,NA,NA,48.6,NA,NA,NA,2800,51.922408,-3.494227431,40,31.21848742,841740.6649,841740.6649,0,0,1
RPV,16,4,RPV,1,1,N+P,1,1,14RPVN+P1shoot,0.31,0.0279,1703.328,3,50.2,2800,51.38179052,-3.467281215,2800,49.96806577,-3.525420062,31,47.19949341,6.099819945,0,1,0,0
RPV,16,4,RPV,1,1,N+P,1,1,14RPVN+P1shoot,0.31,0.0279,1703.328,3,50.2,280000,55.57067802,-3.193670273,2800,53.18558748,-3.402296224,8,NaN,NaN,0,1,0,0
RPV,16,4,RPV,1,1,N+P,1,2,14RPVN+P2shoot,0.2215,0.0162,1143.57,3,48.6,2800,53.91588389,-3.35283923,2800,54.45703352,-3.645049392,9,34.66360219,269291.7673,269291.7673,0,0,1
RPV,16,4,RPV,1,1,N+P,2,3,24RPVN+P3shoot,0.2813,0.0198,1614.629,3,48.7,NA,NA,NA,2800,50.61411034,-3.455821421,33,28.90189107,1917765.48,1917765.48,0,0,1
RPV,16,4,RPV,1,1,N+P,4,5,44RPVN+P5shoot,0.3607,0.014,1806.741,2,47.8,NA,NA,NA,2800,50.95508678,-3.518829324,32,34.00892003,65441.54816,65441.54816,0,0,1
RPV,16,4,RPV,1,1,N+P,5,6,54RPVN+P6shoot,0.2779,0.0119,NA,NA,48.6,NA,NA,NA,2800,51.922408,-3.494227431,40,30.77952448,1124096.216,1124096.216,0,0,1
RPV,19,5,coinfection,0,0,low,1,1,15coinfectionlow1shoot,0.2519,0.0135,1257.161,3,38.9,2800,52.99905972,-3.393343343,2800,51.22810233,-3.304807543,27,NaN,NaN,0,1,1,0
RPV,19,5,coinfection,0,0,low,1,2,15coinfectionlow2shoot,0.2142,0.0176,1082.657,2,48.5,2800,54.4608237,-3.962081252,2800,49.79641932,-3.117067347,29,34.02966944,114340.4615,114340.4615,0,1,1
RPV,19,5,coinfection,0,0,low,2,3,25coinfectionlow3shoot,0.0877,0.0116,644.579,2,41.3,2800,49.79686006,-3.144371796,2800,52.89612035,-3.471252031,19,30.01149369,3913943.522,3913943.522,0,1,1
RPV,19,5,coinfection,0,0,low,3,4,35coinfectionlow4shoot,0.1933,0.0331,1173.328,2,46.1,2800,48.985077,-3.008881526,2800,51.57720036,-3.526047897,22,33.68688075,118511.2745,118511.2745,0,1,1
RPV,19,5,coinfection,0,0,low,4,5,45coinfectionlow5shoot,0.2412,0.0783,1369.179,2,51.3,2800,52.87949485,-3.458342489,28000,54.97219011,-3.370307922,20,36.81901423,243336.3144,243336.3144,0,1,1
RPV,19,5,coinfection,0,0,low,5,6,55coinfectionlow6shoot,0.2915,0.0222,NA,NA,50.5,2800,55.29559506,-3.453557935,2800,51.96716877,-3.369245403,39,41.52846909,1253.807149,0,1,1,0
RPV,19,5,coinfection,0,1,P,1,1,15coinfectionP1shoot,0.1601,0.0129,859.282,2,17.2,2800,48.985077,-3.008881526,2800,51.57720036,-3.526047897,22,38.21283341,6168.549362,6168.549362,0,1,1
RPV,19,5,coinfection,0,1,P,2,3,25coinfectionP3shoot,0.1852,0.015,1033.626,2,47.1,2800,53.33356801,-3.756567892,2800,52.04851391,-3.525956916,43,33.96507009,134481.5571,134481.5571,0,1,1
RPV,19,5,coinfection,0,1,P,3,4,35coinfectionP4shoot,0.215,0.0372,1032.775,2,50.3,2800,49.79686006,-3.144371796,2800,52.89612035,-3.471252031,19,30.637441,2583993.062,2583993.062,0,1,1
RPV,19,5,coinfection,0,1,P,4,5,45coinfectionP5shoot,0.2218,0.1037,1285.263,2,50.9,2800,49.79686006,-3.144371796,2800,52.89612035,-3.471252031,19,28.85603269,8423262.387,8423262.387,0,1,1
RPV,19,5,coinfection,0,1,P,5,6,55coinfectionP6shoot,0.2819,0.018,NA,NA,48.6,2800,55.29559506,-3.453557935,2800,51.96716877,-3.369245403,39,39.70084636,4371.932902,4371.932902,0,1,1
RPV,19,5,coinfection,1,0,N,1,1,15coinfectionN1shoot,0.3568,0.0292,1794.872,3,51,2800,55.4270836,-4.056960671,2800,52.63828544,-3.637108951,41,32.16935158,424427.3184,424427.3184,0,1,1
RPV,19,5,coinfection,1,0,N,1,2,15coinfectionN2shoot,0.3287,0.0252,1626.58,3,52,2800,52.21184848,-3.59235151,2800,49.45773255,-3.407512855,24,27.99805959,1984963.858,1984963.858,0,1,1
RPV,19,5,coinfection,1,0,N,2,3,25coinfectionN3shoot,0.27,0.0166,1425.823,2,47.2,2800,52.95171603,-3.559470876,2800,50.16044781,-3.380785624,23,33.59865061,79213.89256,79213.89256,0,1,1
RPV,19,5,coinfection,1,0,N,3,4,35coinfectionN4shoot,0.478,0.0505,2368.149,3,51.2,2800,53.33356801,-3.756567892,2800,52.04851391,-3.525956916,43,30.80893898,1056272.754,1056272.754,0,1,1
RPV,19,5,coinfection,1,0,N,4,5,45coinfectionN5shoot,0.3889,0.1214,1713.11,2,52.4,2800,52.3960417,-3.474388187,2800,49.87804498,-3.345626683,25,30.30152829,710190.906,710190.906,0,1,1
RPV,19,5,coinfection,1,0,N,5,6,55coinfectionN6shoot,0.3861,0.0163,NA,NA,48.8,2800,55.29559506,-3.453557935,2800,51.96716877,-3.369245403,39,38.6546224,8937.0715,8937.0715,0,1,1
RPV,19,5,coinfection,1,1,N+P,1,1,15coinfectionN+P1shoot,0.1527,0.0153,937.393,2,17.6,2800,54.4608237,-3.962081252,2800,49.79641932,-3.117067347,29,38.94636154,3025.899219,3025.899219,0,1,1
RPV,19,5,coinfection,1,1,N+P,1,2,15coinfectionN+P2shoot,0.0775,0.0135,404.834,1,10.8,2800,50.37211046,-3.366426214,2800,49.47677724,-3.068125512,30,34.58634567,71329.10266,71329.10266,0,1,1
RPV,19,5,coinfection,1,1,N+P,2,3,25coinfectionN+P3shoot,0.2225,0.0204,1378.179,2,46.4,2800,52.87949485,-3.458342489,28000,54.97219011,-3.370307922,20,34.55564372,1142270.242,1142270.242,0,1,1
RPV,19,5,coinfection,1,1,N+P,3,4,35coinfectionN+P4shoot,0.2597,0.0144,1475.075,3,50.3,28000,52.66682698,-3.371971511,2800,49.88475912,-3.252348638,3,36.26099396,15449.00813,15449.00813,0,1,1
RPV,19,5,coinfection,1,1,N+P,4,5,45coinfectionN+P5shoot,0.19,0.0348,1048.17,3,52.7,2800,52.99905972,-3.393343343,2800,51.22810233,-3.304807543,27,32.77567673,383274.4695,383274.4695,0,1,1
RPV,19,5,RPV,0,0,low,1,1,15RPVlow1shoot,0.0967,0.0086,698.476,2,46.3,NA,NA,NA,2800,50.61411034,-3.455821421,33,30.00075531,922190.544,922190.544,0,0,1
RPV,19,5,RPV,0,0,low,2,3,25RPVlow3shoot,0.2786,0.0196,1507.983,3,47.2,2800,49.19482931,-3.050822322,2800,50.71861646,-3.56860197,12,32.14790217,159925.8373,159925.8373,0,0,1
RPV,19,5,RPV,0,0,low,3,4,35RPVlow4shoot,0.4053,0.0766,1974.938,3,48.7,NA,NA,NA,2800,50.95508678,-3.518829324,32,34.19853719,57805.22994,57805.22994,0,0,1
RPV,19,5,RPV,0,0,low,5,6,55RPVlow6shoot,0.2779,0.0177,NA,NA,48.9,2800,55.29559506,-3.453557935,2800,51.96716877,-3.369245403,39,38.49291992,9981.341364,9981.341364,0,0,1
RPV,19,5,RPV,0,1,P,1,1,15RPVP1shoot,0.1616,0.0163,1046.058,3,48.8,2800,53.91588389,-3.35283923,2800,54.45703352,-3.645049392,9,31.45084445,2049397.266,2049397.266,0,0,1
RPV,19,5,RPV,0,1,P,1,2,15RPVP2shoot,0.2384,0.0122,1473.886,3,46.8,NA,NA,NA,2800,50.61411034,-3.455821421,33,29.53277525,1259617.135,1259617.135,0,0,1
RPV,19,5,RPV,0,1,P,2,3,25RPVP3shoot,0.1861,0.0142,1059.067,2,52.4,28000,52.66682698,-3.371971511,2800,49.88475912,-3.252348638,3,34.13210805,69737.98404,69737.98404,0,0,1
RPV,19,5,RPV,0,1,P,3,4,35RPVP4shoot,0.202,0.024,1004.836,3,52.2,NA,NA,NA,2800,50.05916254,-3.409982336,34,33.3661232,78585.93264,78585.93264,0,0,1
RPV,19,5,RPV,0,1,P,4,5,45RPVP5shoot,0.2665,0.0919,1277.082,3,48.9,2800,56.15578587,-3.476488848,2800,54.27998251,-3.679332379,7,35.09485753,163792.9293,163792.9293,0,0,1
RPV,19,5,RPV,0,1,P,5,6,55RPVP6shoot,0.2447,0.0198,NA,NA,47,2800,55.29559506,-3.453557935,2800,51.96716877,-3.369245403,39,36.88761521,29898.34462,29898.34462,0,0,1
RPV,19,5,RPV,0,1,P,5,7,55RPVP7shoot,0.3441,0.0171,NA,NA,48.2,2800,55.29559506,-3.453557935,2800,51.96716877,-3.369245403,39,38.56341044,9511.897372,9511.897372,0,0,1
RPV,19,5,RPV,1,0,N,1,1,15RPVN1shoot,0.2207,0.0096,1565.656,3,48.5,NA,NA,NA,2800,50.61411034,-3.455821421,33,33.7319514,76760.24954,76760.24954,0,0,1
RPV,19,5,RPV,1,0,N,1,2,15RPVN2shoot,0.3211,0.0219,1990.548,3,47.2,NA,NA,NA,2800,50.05916254,-3.409982336,34,36.33462906,10587.92179,10587.92179,0,0,1
RPV,19,5,RPV,1,0,N,2,3,25RPVN3shoot,0.1947,0.0109,947.595,3,48.9,2800,53.91588389,-3.35283923,2800,54.45703352,-3.645049392,9,34.07205963,391299.8176,391299.8176,0,0,1
RPV,19,5,RPV,1,0,N,3,4,35RPVN4shoot,0.2792,0.0255,1478.787,3,49.7,2800,49.19482931,-3.050822322,2800,50.71861646,-3.56860197,12,30.35757637,507699.7126,507699.7126,0,0,1
RPV,19,5,RPV,1,0,N,4,5,45RPVN5shoot,0.2858,0.0659,1569.553,3,52,2800,56.15578587,-3.476488848,2800,54.27998251,-3.679332379,7,35.56569672,121990.6383,121990.6383,0,0,1
RPV,19,5,RPV,1,0,N,5,6,55RPVN6shoot,0.371,0.0153,NA,NA,50.3,2800,55.29559506,-3.453557935,2800,51.96716877,-3.369245403,39,39.67829641,4439.830256,4439.830256,0,0,1
RPV,19,5,RPV,1,1,N+P,1,1,15RPVN+P1shoot,0.2529,0.0116,1607.799,3,25,2800,49.19482931,-3.050822322,2800,50.71861646,-3.56860197,12,33.17007574,82695.77786,82695.77786,0,0,1
RPV,19,5,RPV,1,1,N+P,1,2,15RPVN+P2shoot,0.0516,0.0055,288.92,1,34.5,2800,53.91588389,-3.35283923,2800,54.45703352,-3.645049392,9,45.25414848,334.7825249,0,1,0,0
RPV,19,5,RPV,1,1,N+P,2,3,25RPVN+P3shoot,0.104,0.0083,566.967,2,46.7,2800,56.15578587,-3.476488848,2800,54.27998251,-3.679332379,7,36.15134938,84557.64527,84557.64527,0,0,1
RPV,19,5,RPV,1,1,N+P,4,5,45RPVN+P5shoot,0.3108,0.0624,1677.806,3,51.7,NA,NA,NA,2800,50.61411034,-3.455821421,33,30.24716822,782558.7423,782558.7423,0,0,1
RPV,19,5,RPV,1,1,N+P,5,6,55RPVN+P6shoot,0.3037,0.0149,NA,NA,48,2800,55.29559506,-3.453557935,2800,51.96716877,-3.369245403,39,37.55699794,18922.2496,18922.2496,0,0,1
RPV,22,6,coinfection,0,0,low,1,1,16coinfectionlow1shoot,0.1947,0.0182,1133.031,3,52.3,28000,52.13787768,-3.505091222,2800,51.01666454,-3.356703059,28,29.41414706,2726688.554,2726688.554,0,1,1
RPV,22,6,coinfection,0,0,low,2,3,26coinfectionlow3shoot,0.0955,0.0032,713.82,2,50.5,2800,52.99905972,-3.393343343,2800,51.22810233,-3.304807543,27,32.8662707,359829.7838,359829.7838,0,1,1
RPV,22,6,coinfection,0,0,low,3,4,36coinfectionlow4shoot,0.2835,0.022,1308.247,2,53,NA,NA,NA,2800,50.95508678,-3.518829324,32,37.50940832,6623.168766,6623.168766,0,1,1
RPV,22,6,coinfection,0,0,low,4,5,46coinfectionlow5shoot,0.3623,0.0155,1681.904,3,48.3,2800,54.4608237,-3.962081252,2800,49.79641932,-3.117067347,29,30.47102547,1584397.212,1584397.212,0,1,1
RPV,22,6,coinfection,0,1,P,1,1,16coinfectionP1shoot,0.1583,0.0158,1093.582,2,43.7,2800,52.21184848,-3.59235151,2800,49.45773255,-3.407512855,24,33.92556127,36158.76203,36158.76203,0,1,1
RPV,22,6,coinfection,0,1,P,1,2,16coinfectionP2shoot,0.0741,0.0062,613.284,2,49.1,2800,50.86659032,-3.253289286,2800,49.73738099,-3.558046976,21,34.34667078,21164.41369,21164.41369,0,1,1
RPV,22,6,coinfection,0,1,P,2,3,26coinfectionP3shoot,0.1829,0.0341,1074.156,2,47,2800,50.86659032,-3.253289286,2800,49.73738099,-3.558046976,21,36.65686036,4745.919717,4745.919717,0,1,1
RPV,22,6,coinfection,0,1,P,3,4,36coinfectionP4shoot,0.2432,0.0236,1442.258,2,48.6,2800,52.21184848,-3.59235151,2800,49.45773255,-3.407512855,24,30.06178983,492165.7462,492165.7462,0,1,1
RPV,22,6,coinfection,0,1,P,4,5,46coinfectionP5shoot,0.2497,0.0132,1247.245,2,46.6,2800,52.3960417,-3.474388187,2800,49.87804498,-3.345626683,25,32.92657725,116614.9166,116614.9166,0,1,1
RPV,22,6,coinfection,1,0,N,1,1,16coinfectionN1shoot,0.2521,0.0287,1613.971,3,49.5,28000,52.66682698,-3.371971511,2800,49.88475912,-3.252348638,3,32.07696788,298788.2875,298788.2875,0,1,1
RPV,22,6,coinfection,1,0,N,1,2,16coinfectionN2shoot,0.091,0.0195,743.513,1,51.3,2800,50.87939655,-3.364814314,2800,51.71905654,-3.58935585,18,29.8769207,1216892.657,1216892.657,0,1,1
RPV,22,6,coinfection,1,0,N,3,4,36coinfectionN4shoot,0.3525,0.0177,1614.618,3,49,2800,53.33356801,-3.756567892,2800,52.04851391,-3.525956916,43,35.24431992,58324.82789,58324.82789,0,1,1
RPV,22,6,coinfection,1,0,N,4,5,46coinfectionN5shoot,0.341,0.0169,1509.077,2,51.5,2800,52.99905972,-3.393343343,2800,51.22810233,-3.304807543,27,31.47253799,950223.9327,950223.9327,0,1,1
RPV,22,6,coinfection,1,1,N+P,1,1,16coinfectionN+P1shoot,0.2624,0.018,1433.619,3,50.1,2800,52.3960417,-3.474388187,2800,49.87804498,-3.345626683,25,45.37691498,22.15017921,0,1,1,0
RPV,22,6,coinfection,1,1,N+P,1,2,16coinfectionN+P2shoot,0.1953,0.0143,1094.93,2,50.1,1000,53.6146004,-3.266960568,1000,48.15826064,-3.23575189,1,33.31442515,38676.3528,38676.3528,0,1,1
RPV,22,6,coinfection,1,1,N+P,2,3,26coinfectionN+P3shoot,0.1356,0.009,925.125,3,49.5,28000,52.13787768,-3.505091222,2800,51.01666454,-3.356703059,28,29.46951866,2625062.85,2625062.85,0,1,1
RPV,22,6,coinfection,1,1,N+P,3,4,36coinfectionN+P4shoot,0.3025,0.0128,1340.312,2,51.2,2800,48.985077,-3.008881526,2800,51.57720036,-3.526047897,22,32.0002079,356538.3241,356538.3241,0,1,1
RPV,22,6,RPV,0,0,low,1,1,16RPVlow1shoot,0.1901,0.0188,1004.273,3,47.3,2800,53.91588389,-3.35283923,2800,54.45703352,-3.645049392,9,36.91969426,64755.42577,64755.42577,0,0,1
RPV,22,6,RPV,0,0,low,1,2,16RPVlow2shoot,0.1294,0.0153,847.55,3,45.6,280000,55.57067802,-3.193670273,2800,53.18558748,-3.402296224,8,34.19483439,381720.8894,381720.8894,0,0,1
RPV,22,6,RPV,0,0,low,2,3,26RPVlow3shoot,0.2776,0.0263,1350.98,3,51.4,NA,NA,NA,2800,50.95508678,-3.518829324,32,40.57839394,889.0063139,0,1,0,0
RPV,22,6,RPV,0,0,low,3,4,36RPVlow4shoot,0.3929,0.0328,1903.823,3,49.8,2800,56.11142245,-3.70568327,2800,53.03886485,-3.73610792,5,NaN,NaN,0,1,0,0
RPV,22,6,RPV,0,0,low,3,4,36RPVlow4shoot,0.3929,0.0328,1903.823,3,49.8,NA,NA,NA,2800,50.05916254,-3.409982336,34,45.66013845,19.50037986,0,1,0,0
RPV,22,6,RPV,0,0,low,4,5,46RPVlow5shoot,0.3437,0.0214,1510.407,2,48.5,NA,NA,NA,2800,50.95508678,-3.518829324,32,32.28304672,202451.781,202451.781,0,0,1
RPV,22,6,RPV,0,0,low,5,6,56RPVlow6shoot,0.2606,0.014,NA,NA,51.3,2800,55.29559506,-3.453557935,2800,51.96716877,-3.369245403,39,35.81643168,62169.4387,62169.4387,0,0,1
RPV,22,6,RPV,0,1,P,1,1,16RPVP1shoot,0.2093,0.0192,1126.791,3,48,2800,49.19482931,-3.050822322,2800,50.71861646,-3.56860197,12,29.54318937,858649.4462,858649.4462,0,0,1
RPV,22,6,RPV,0,1,P,1,2,16RPVP2shoot,0.2842,0.0223,1394.232,3,49.1,NA,NA,NA,2800,50.95508678,-3.518829324,32,34.37479274,51508.37822,51508.37822,0,0,1
RPV,22,6,RPV,0,1,P,3,4,36RPVP4shoot,0.2546,0.0157,1391.402,3,47.3,280000,55.57067802,-3.193670273,2800,53.18558748,-3.402296224,8,33.8771197,473291.1213,473291.1213,0,0,1
RPV,22,6,RPV,0,1,P,4,5,46RPVP5shoot,0.3922,0.018,1822.481,3,48.9,NA,NA,NA,2800,50.95508678,-3.518829324,32,33.44670868,94542.22896,94542.22896,0,0,1
RPV,22,6,RPV,0,1,P,5,6,56RPVP6shoot,0.3394,0.0194,NA,NA,48.1,NA,NA,NA,2800,51.922408,-3.494227431,40,35.1043129,65029.18572,65029.18572,0,0,1
RPV,22,6,RPV,1,0,N,1,1,16RPVN1shoot,0.2938,0.0134,1872.059,3,50.9,NA,NA,NA,2800,50.14614113,-3.45265522,45,34.46654002,34778.97567,34778.97567,0,0,1
RPV,22,6,RPV,1,0,N,1,2,16RPVN2shoot,0.1788,0.0144,1077.273,3,50.7,NA,NA,NA,2800,50.95508678,-3.518829324,32,32.73665237,150457.3776,150457.3776,0,0,1
RPV,22,6,RPV,1,0,N,2,3,26RPVN3shoot,0.1224,0.0021,696.02,3,47,2800,56.15578587,-3.476488848,2800,54.27998251,-3.679332379,7,35.76471202,107705.1439,107705.1439,0,0,1
RPV,22,6,RPV,1,0,N,3,4,36RPVN4shoot,0.3949,0.0183,2255.199,3,51.2,2800,53.91588389,-3.35283923,2800,54.45703352,-3.645049392,9,34.68804932,265164.9622,265164.9622,0,0,1
RPV,22,6,RPV,1,0,N,4,5,46RPVN5shoot,0.3721,0.0112,1767.412,3,51.7,2800,56.15578587,-3.476488848,2800,54.27998251,-3.679332379,7,35.65218735,115563.1445,115563.1445,0,0,1
RPV,22,6,RPV,1,0,N,5,6,56RPVN6shoot,0.4673,0.0183,NA,NA,46.5,NA,NA,NA,2800,51.922408,-3.494227431,40,33.39789963,200198.3092,200198.3092,0,0,1
RPV,22,6,RPV,1,1,N+P,1,1,16RPVN+P1shoot,0.2706,0.0253,1589.097,2,49.7,NA,NA,NA,2800,50.61411034,-3.455821421,33,29.19828097,1574091.957,1574091.957,0,0,1
RPV,22,6,RPV,1,1,N+P,1,2,16RPVN+P2shoot,0.1458,0.0051,922.883,2,48.8,NA,NA,NA,2800,50.61411034,-3.455821421,33,29.69714928,1128948.605,1128948.605,0,0,1
RPV,22,6,RPV,1,1,N+P,2,3,26RPVN+P3shoot,0.1747,0.0136,1198.243,2,49.2,NA,NA,NA,2800,50.05916254,-3.409982336,34,28.6794033,1861043.794,1861043.794,0,0,1
RPV,22,6,RPV,1,1,N+P,3,4,36RPVN+P4shoot,0.362,0.012,2111.353,3,46.2,NA,NA,NA,2800,50.61411034,-3.455821421,33,30.5615921,634648.2914,634648.2914,0,0,1
RPV,22,6,RPV,1,1,N+P,4,5,46RPVN+P5shoot,0.1448,0.009,884.823,3,9.2,2800,49.19482931,-3.050822322,2800,50.71861646,-3.56860197,12,34.58874766,33108.58068,33108.58068,0,0,1
RPV,22,6,RPV,1,1,N+P,5,6,56RPVN+P6shoot,0.4675,0.0181,NA,NA,51.4,NA,NA,NA,2800,51.922408,-3.494227431,40,32.95710119,267676.8904,267676.8904,0,0,1
RPV,22,6,RPV,1,1,N+P,5,7,56RPVN+P7shoot,0.5506,0.201,NA,NA,51.5,NA,NA,NA,2800,51.922408,-3.494227431,40,37.04517237,18099.26482,18099.26482,0,0,1
RPV,26,7,coinfection,0,0,low,1,1,17coinfectionlow1shoot,0.1862,0.0154,1135.967,3,48.9,2800,50.37211046,-3.366426214,2800,49.47677724,-3.068125512,30,NaN,NaN,0,1,1,0
RPV,26,7,coinfection,0,0,low,1,2,17coinfectionlow2shoot,0.0724,0.0077,637.053,3,35.5,2800,54.44303316,-3.083148658,28000,54.85190498,-3.428139814,4,NaN,NaN,0,1,1,0
RPV,26,7,coinfection,0,0,low,1,2,17coinfectionlow2shoot,0.0724,0.0077,637.053,3,35.5,NA,NA,NA,2800,50.61411034,-3.455821421,33,NaN,NaN,0,1,1,0
RPV,26,7,coinfection,0,0,low,2,3,27coinfectionlow3shoot,0.1309,0.0101,842.738,NA,50.5,28000,52.66682698,-3.371971511,2800,49.88475912,-3.252348638,3,33.48881149,109967.3742,109967.3742,0,1,1
RPV,26,7,coinfection,0,0,low,3,4,37coinfectionlow4shoot,0.3327,0.0259,1379.624,2,47.8,2800,52.21184848,-3.59235151,2800,49.45773255,-3.407512855,24,30.16008822,460536.2672,460536.2672,0,1,1
RPV,26,7,coinfection,0,0,low,4,5,47coinfectionlow5shoot,0.2894,0.0301,1720.706,3,50,2800,49.79686006,-3.144371796,2800,52.89612035,-3.471252031,19,32.93196742,564005.1099,564005.1099,0,1,1
RPV,26,7,coinfection,0,1,P,1,1,17coinfectionP1shoot,0.1031,0.0119,826.695,2,51.4,2800,52.99905972,-3.393343343,2800,51.22810233,-3.304807543,27,34.88546753,88127.08144,88127.08144,0,1,1
RPV,26,7,coinfection,0,1,P,1,2,17coinfectionP2shoot,0.1927,0.0231,1285.973,2,51,28000,52.13787768,-3.505091222,2800,51.01666454,-3.356703059,28,37.879488,8198.119357,8198.119357,0,1,1
RPV,26,7,coinfection,0,1,P,3,4,37coinfectionP4shoot,0.2341,0.023,1173.426,3,52.5,2800,50.86659032,-3.253289286,2800,49.73738099,-3.558046976,21,35.65388997,9082.560197,9082.560197,0,1,1
RPV,26,7,coinfection,0,1,P,4,5,47coinfectionP5shoot,0.3826,0.0209,1850.317,3,52.7,2800,52.95171603,-3.559470876,2800,50.16044781,-3.380785624,23,34.38844554,46258.1774,46258.1774,0,1,1
RPV,26,7,coinfection,1,0,N,1,2,17coinfectionN2shoot,0.2045,0.0141,1036.465,3,47.2,2800,52.21184848,-3.59235151,2800,49.45773255,-3.407512855,24,30.44060389,381014.175,381014.175,0,1,1
RPV,26,7,coinfection,1,0,N,2,3,27coinfectionN3shoot,0.1112,0.0084,591.694,NA,48,2800,49.79686006,-3.144371796,2800,52.89612035,-3.471252031,19,32.61042913,698090.854,698090.854,0,1,1
RPV,26,7,coinfection,1,0,N,3,4,37coinfectionN4shoot,0.3544,0.0236,1327.705,3,50.4,NA,NA,NA,2800,50.61411034,-3.455821421,33,32.3604393,191428.4355,191428.4355,0,1,1
RPV,26,7,coinfection,1,0,N,4,5,47coinfectionN5shoot,0.2289,0.0156,1447.793,3,47.1,28000,52.13787768,-3.505091222,2800,51.01666454,-3.356703059,28,31.50183042,651164.8203,651164.8203,0,1,1
RPV,26,7,coinfection,1,1,N+P,1,1,17coinfectionN+P1shoot,0.218,0.0159,1101.798,3,46.2,2800,55.4270836,-4.056960671,2800,52.63828544,-3.637108951,41,32.86842982,272644.1657,272644.1657,0,1,1
RPV,26,7,coinfection,1,1,N+P,1,2,17coinfectionN+P2shoot,0.2392,0.028,1449.097,3,49.1,2800,52.87949485,-3.458342489,28000,54.97219011,-3.370307922,20,32.40225855,4973901.475,4973901.475,0,1,1
RPV,26,7,coinfection,1,1,N+P,2,3,27coinfectionN+P3shoot,0.2044,NA,1449.416,NA,47.1,2800,49.79686006,-3.144371796,2800,52.89612035,-3.471252031,19,30.09806315,3695520.202,3695520.202,0,1,1
RPV,26,7,coinfection,1,1,N+P,3,4,37coinfectionN+P4shoot,0.4907,0.0228,2539.619,4,52.1,NA,NA,NA,2800,50.95508678,-3.518829324,32,36.57075628,12241.00424,12241.00424,0,1,1
RPV,26,7,coinfection,1,1,N+P,4,5,47coinfectionN+P5shoot,0.1223,0.0071,827.591,2,48.8,2800,54.4608237,-3.962081252,2800,49.79641932,-3.117067347,29,33.11107763,225370.6699,225370.6699,0,1,1
RPV,26,7,coinfection,1,1,N+P,5,6,57coinfectionN+P6shoot,0.4783,0.0155,NA,NA,47.8,2800,55.29559506,-3.453557935,2800,51.96716877,-3.369245403,39,35.99786759,54919.47037,54919.47037,0,1,1
RPV,26,7,RPV,0,0,low,1,1,17RPVlow1shoot,0.3501,0.0311,1924.751,3,47.5,280000,55.57067802,-3.193670273,2800,53.18558748,-3.402296224,8,31.78024165,1956324.81,1956324.81,0,0,1
RPV,26,7,RPV,0,0,low,1,2,17RPVlow2shoot,0.1915,0.0182,1065.005,3,46.3,NA,NA,NA,2800,50.05916254,-3.409982336,34,30.19381714,669336.7396,669336.7396,0,0,1
RPV,26,7,RPV,0,0,low,2,3,27RPVlow3shoot,0.1726,0.0145,985.687,NA,50.3,2800,56.15578587,-3.476488848,2800,54.27998251,-3.679332379,7,36.19146474,82461.26451,82461.26451,0,0,1
RPV,26,7,RPV,0,0,low,4,5,47RPVlow5shoot,0.2815,0.0317,1557.682,4,47.6,NA,NA,NA,2800,50.14614113,-3.45265522,45,31.27470271,292264.1396,292264.1396,0,0,1
RPV,26,7,RPV,0,0,low,5,6,57RPVlow6shoot,0.2972,0.0186,NA,NA,51.7,NA,NA,NA,2800,51.922408,-3.494227431,40,37.6010437,12548.10599,12548.10599,0,0,1
RPV,26,7,RPV,0,0,low,5,7,57RPVlow7shoot,0.3267,0.0195,NA,NA,47.3,NA,NA,NA,2800,51.922408,-3.494227431,40,36.18198649,31966.33922,31966.33922,0,0,1
RPV,26,7,RPV,0,1,P,1,1,17RPVP1shoot,0.1633,0.0147,1305.656,3,48.5,NA,NA,NA,2800,50.95508678,-3.518829324,32,42.09966914,328.5342174,0,1,0,0
RPV,26,7,RPV,0,1,P,1,2,17RPVP2shoot,0.1652,0.0125,1002.369,3,52.4,28000,52.66682698,-3.371971511,2800,49.88475912,-3.252348638,3,32.52779516,217143.9106,217143.9106,0,0,1
RPV,26,7,RPV,0,1,P,2,3,27RPVP3shoot,0.1479,0.006,848.158,NA,47.2,2800,56.15578587,-3.476488848,2800,54.27998251,-3.679332379,7,34.68505478,211677.5504,211677.5504,0,0,1
RPV,26,7,RPV,0,1,P,3,4,37RPVP4shoot,0.1979,0.014,1152.702,3,48,NA,NA,NA,2800,50.95508678,-3.518829324,32,32.86756007,138105.6448,138105.6448,0,0,1
RPV,26,7,RPV,0,1,P,4,5,47RPVP5shoot,0.0826,0.0233,577.714,2,44.5,280000,55.57067802,-3.193670273,2800,53.18558748,-3.402296224,8,34.15829722,391277.5234,391277.5234,0,0,1
RPV,26,7,RPV,0,1,P,5,6,57RPVP6shoot,0.2923,0.0183,NA,NA,47.5,NA,NA,NA,2800,51.922408,-3.494227431,40,36.85592779,20503.12887,20503.12887,0,0,1
RPV,26,7,RPV,1,0,N,1,1,17RPVN1shoot,0.2974,0.0152,1888.821,3,49.3,NA,NA,NA,2800,50.61411034,-3.455821421,33,32.5843633,164896.0596,164896.0596,0,0,1
RPV,26,7,RPV,1,0,N,1,2,17RPVN2shoot,0.282,0.0225,1961.701,3,52.4,NA,NA,NA,2800,50.95508678,-3.518829324,32,30.30542374,738470.6285,738470.6285,0,0,1
RPV,26,7,RPV,1,0,N,3,4,37RPVN4shoot,0.5378,0.0271,2395.257,4,54.7,2800,56.15578587,-3.476488848,2800,54.27998251,-3.679332379,7,34.97451782,176604.6331,176604.6331,0,0,1
RPV,26,7,RPV,1,0,N,5,6,57RPVN6shoot,0.5685,0.0222,NA,NA,48.2,NA,NA,NA,2800,51.922408,-3.494227431,40,37.33551152,14947.54429,14947.54429,0,0,1
RPV,26,7,RPV,1,1,N+P,1,1,17RPVN+P1shoot,0.3255,0.0122,1584.147,3,52,NA,NA,NA,2800,50.14614113,-3.45265522,45,30.17407544,608909.2724,608909.2724,0,0,1
RPV,26,7,RPV,1,1,N+P,1,2,17RPVN+P2shoot,0.1432,0.0047,783.226,3,48.2,NA,NA,NA,2800,50.61411034,-3.455821421,33,31.74887212,287722.4106,287722.4106,0,0,1
RPV,26,7,RPV,1,1,N+P,2,3,27RPVN+P3shoot,0.1615,0.0041,995.33,NA,49.4,28000,52.66682698,-3.371971511,2800,49.88475912,-3.252348638,3,32.14217885,285307.4702,285307.4702,0,0,1
RPV,26,7,RPV,1,1,N+P,3,4,37RPVN+P4shoot,0.6471,0.0336,2899.173,4,48.2,2800,53.91588389,-3.35283923,2800,54.45703352,-3.645049392,9,35.10070801,204317.4267,204317.4267,0,0,1
RPV,26,7,RPV,1,1,N+P,4,5,47RPVN+P5shoot,0.2587,0.0164,1694.027,3,47.3,2800,53.91588389,-3.35283923,2800,54.45703352,-3.645049392,9,34.77205149,251460.9693,251460.9693,0,0,1
RPV,26,7,RPV,1,1,N+P,5,6,57RPVN+P6shoot,0.5164,0.0141,NA,NA,46.4,NA,NA,NA,2800,51.922408,-3.494227431,40,37.67949295,11915.90629,11915.90629,0,0,1
RPV,29,8,coinfection,0,0,low,1,1,18coinfectionlow1shoot,0.0538,0.0027,514.796,2,30.2,2800,52.87949485,-3.458342489,28000,54.97219011,-3.370307922,20,36.53052394,296349.7287,296349.7287,0,1,1
RPV,29,8,coinfection,0,0,low,1,2,18coinfectionlow2shoot,0.1421,0.0127,1000.814,3,50.9,28000,52.66682698,-3.371971511,2800,49.88475912,-3.252348638,3,35.9046402,19882.39653,19882.39653,0,1,1
RPV,29,8,coinfection,0,0,low,2,3,28coinfectionlow3shoot,0.1232,0.0111,785.725,2,50.6,2800,50.87939655,-3.364814314,2800,51.71905654,-3.58935585,18,30.7668438,687572.2523,687572.2523,0,1,1
RPV,29,8,coinfection,0,0,low,3,4,38coinfectionlow4shoot,0.3377,0.0368,1364.437,3,50.4,28000,52.13787768,-3.505091222,2800,51.01666454,-3.356703059,28,29.89098803,1965980.421,1965980.421,0,1,1
RPV,29,8,coinfection,0,0,low,4,5,48coinfectionlow5shoot,0.5683,0.0454,2631.081,3,51.8,2800,52.87949485,-3.458342489,28000,54.97219011,-3.370307922,20,36.9717509,219224.2609,219224.2609,0,1,1
RPV,29,8,coinfection,0,1,P,1,1,18coinfectionP1shoot,0.231,0.0174,1125.936,2,7.2,2800,52.87949485,-3.458342489,28000,54.97219011,-3.370307922,20,NaN,NaN,0,1,1,0
RPV,29,8,coinfection,0,1,P,1,2,18coinfectionP2shoot,0.1368,0.0148,919.097,2,46.1,2800,52.3960417,-3.474388187,2800,49.87804498,-3.345626683,25,33.03890991,107938.9369,107938.9369,0,1,1
RPV,29,8,coinfection,0,1,P,2,3,28coinfectionP3shoot,0.0958,0.017,608.24,3,46.5,NA,NA,NA,2800,50.61411034,-3.455821421,33,40.92654419,635.7114811,0,1,1,0
RPV,29,8,coinfection,0,1,P,3,4,38coinfectionP4shoot,0.3429,0.0445,1787.92,4,51.4,28000,52.13787768,-3.505091222,2800,51.01666454,-3.356703059,28,29.37501272,2800877.409,2800877.409,0,1,1
RPV,29,8,coinfection,0,1,P,4,5,48coinfectionP5shoot,0.1918,0.0285,1087.051,3,47.7,2800,52.99905972,-3.393343343,2800,51.22810233,-3.304807543,27,32.15780449,589483.3335,589483.3335,0,1,1
RPV,29,8,coinfection,1,0,N,1,1,18coinfectionN1shoot,0.1127,0.0068,807.925,3,46.7,2800,50.37211046,-3.366426214,2800,49.47677724,-3.068125512,30,31.00500806,1048428.839,1048428.839,0,1,1
RPV,29,8,coinfection,1,0,N,1,2,18coinfectionN2shoot,0.4163,0.0145,2285.887,3,52.3,2800,52.99905972,-3.393343343,2800,51.22810233,-3.304807543,27,30.81364632,1503833.154,1503833.154,0,1,1
RPV,29,8,coinfection,1,0,N,4,5,48coinfectionN5shoot,0.4686,0.022,2142.78,3,46.2,2800,50.86659032,-3.253289286,2800,49.73738099,-3.558046976,21,27.64872742,1614669.862,1614669.862,0,1,1
RPV,29,8,coinfection,1,0,N,5,6,58coinfectionN6shoot,0.5319,0.0206,NA,NA,49.4,2800,55.29559506,-3.453557935,2800,51.96716877,-3.369245403,39,39.25383759,5933.989146,5933.989146,0,1,1
RPV,29,8,coinfection,1,1,N+P,1,1,18coinfectionN+P1shoot,0.4274,0.0179,2246.529,3,52.5,2800,49.79686006,-3.144371796,2800,52.89612035,-3.471252031,19,31.16679509,1818841.08,1818841.08,0,1,1
RPV,29,8,coinfection,1,1,N+P,1,2,18coinfectionN+P2shoot,0.2812,0.01,1764.674,4,49,2800,52.95171603,-3.559470876,2800,50.16044781,-3.380785624,23,28.22837067,3070947.294,3070947.294,0,1,1
RPV,29,8,coinfection,1,1,N+P,2,3,28coinfectionN+P3shoot,0.1783,0.0121,1044.037,2,50,2800,53.33356801,-3.756567892,2800,52.04851391,-3.525956916,43,39.07681274,4774.374967,4774.374967,0,1,1
RPV,29,8,coinfection,1,1,N+P,3,4,38coinfectionN+P4shoot,0.2041,0.0259,997.098,3,52.6,2800,50.87939655,-3.364814314,2800,51.71905654,-3.58935585,18,43.89076042,151.6963764,0,1,1,0
RPV,29,8,coinfection,1,1,N+P,3,4,38coinfectionN+P4shoot,0.2041,0.0259,997.098,3,52.6,2800,56.11142245,-3.70568327,2800,53.03886485,-3.73610792,5,46.59572601,53.03457342,0,1,1,0
RPV,29,8,coinfection,1,1,N+P,4,5,48coinfectionN+P5shoot,0.4124,0.0241,2200.192,3,47.6,2800,52.95171603,-3.559470876,2800,50.16044781,-3.380785624,23,28.47330602,2599100.792,2599100.792,0,1,1
RPV,29,8,RPV,0,0,low,1,1,18RPVlow1shoot,0.2318,0.0101,1327.734,3,46.9,2800,53.91588389,-3.35283923,2800,54.45703352,-3.645049392,9,32.11515172,1347029.071,1347029.071,0,0,1
RPV,29,8,RPV,0,0,low,1,2,18RPVlow2shoot,0.2731,0.0118,1345.207,3,50.2,2800,49.19482931,-3.050822322,2800,50.71861646,-3.56860197,12,34.34256617,38808.42147,38808.42147,0,0,1
RPV,29,8,RPV,0,0,low,2,3,28RPVlow3shoot,0.1837,0.013,1191.316,3,47.3,280000,55.57067802,-3.193670273,2800,53.18558748,-3.402296224,8,31.40830612,2516285.621,2516285.621,0,0,1
RPV,29,8,RPV,0,0,low,3,4,38RPVlow4shoot,0.3552,0.0254,1770.229,4,51.6,NA,NA,NA,2800,50.95508678,-3.518829324,32,32.97459539,128763.7307,128763.7307,0,0,1
RPV,29,8,RPV,0,0,low,4,5,48RPVlow5shoot,0.2414,0.0264,1576.456,3,48,2800,53.91588389,-3.35283923,2800,54.45703352,-3.645049392,9,33.93052038,427897.9355,427897.9355,0,0,1
RPV,29,8,RPV,0,0,low,5,6,58RPVlow6shoot,0.3496,0.0202,NA,NA,53.2,NA,NA,NA,2800,51.922408,-3.494227431,40,36.19286855,31737.93068,31737.93068,0,0,1
RPV,29,8,RPV,0,0,low,5,7,58RPVlow7shoot,0.4343,0.0255,NA,NA,53.3,NA,NA,NA,2800,51.922408,-3.494227431,40,36.46209463,26578.45881,26578.45881,0,0,1
RPV,29,8,RPV,0,1,P,1,1,18RPVP1shoot,0.2455,0.0141,1335.6,4,48.6,280000,55.57067802,-3.193670273,2800,53.18558748,-3.402296224,8,41.00194168,3810.717611,3810.717611,0,0,1
RPV,29,8,RPV,0,1,P,1,2,18RPVP2shoot,0.0927,0.0023,875.068,4,46.1,2800,53.91588389,-3.35283923,2800,54.45703352,-3.645049392,9,33.68296687,500328.4351,500328.4351,0,0,1
RPV,29,8,RPV,0,1,P,2,3,28RPVP3shoot,0.1764,0.014,984.021,3,48.7,NA,NA,NA,2800,50.14614113,-3.45265522,45,31.38499133,271539.1166,271539.1166,0,0,1
RPV,29,8,RPV,0,1,P,3,4,38RPVP4shoot,0.3281,0.0324,1782.715,4,50.4,NA,NA,NA,2800,50.05916254,-3.409982336,34,31.62981034,253822.494,253822.494,0,0,1
RPV,29,8,RPV,0,1,P,4,5,48RPVP5shoot,0.2991,0.0246,1659.823,3,48.8,NA,NA,NA,2800,50.14614113,-3.45265522,45,30.57797686,465125.0679,465125.0679,0,0,1
RPV,29,8,RPV,1,0,N,1,1,18RPVN1shoot,0.4494,0.0217,2465.667,4,53.7,1000,53.6146004,-3.266960568,1000,48.15826064,-3.23575189,1,33.97155635,24230.42151,24230.42151,0,0,1
RPV,29,8,RPV,1,0,N,1,2,18RPVN2shoot,0.4868,0.0171,2531.614,4,49.4,NA,NA,NA,2800,50.05916254,-3.409982336,34,29.45533498,1102070.73,1102070.73,0,0,1
RPV,29,8,RPV,1,0,N,2,3,28RPVN3shoot,0.4028,0.0308,2102.128,3,49.4,NA,NA,NA,2800,50.95508678,-3.518829324,32,30.95264626,483506.1706,483506.1706,0,0,1
RPV,29,8,RPV,1,0,N,3,4,38RPVN4shoot,0.4673,0.0265,2267.766,4,48.8,NA,NA,NA,2800,50.05916254,-3.409982336,34,30.61689313,503007.9104,503007.9104,0,0,1
RPV,29,8,RPV,1,0,N,4,5,48RPVN5shoot,0.3278,0.0165,1840.94,4,50,NA,NA,NA,2800,50.14614113,-3.45265522,45,30.93231774,367232.6037,367232.6037,0,0,1
RPV,29,8,RPV,1,0,N,5,6,58RPVN6shoot,0.5625,0.0174,NA,NA,51.9,NA,NA,NA,2800,51.922408,-3.494227431,40,39.49618784,3599.265633,3599.265633,0,0,1
RPV,29,8,RPV,1,0,N,5,7,58RPVN7shoot,0.2994,0.0064,NA,NA,52.9,NA,NA,NA,2800,50.14614113,-3.45265522,45,31.7078069,218944.7959,218944.7959,0,0,1
RPV,29,8,RPV,1,1,N+P,1,1,18RPVN+P1shoot,0.3691,0.0101,2055.234,3,48.8,NA,NA,NA,2800,50.95508678,-3.518829324,32,29.9178098,951672.3604,951672.3604,0,0,1
RPV,29,8,RPV,1,1,N+P,2,3,28RPVN+P3shoot,0.381,0.0309,1791.846,3,46.4,NA,NA,NA,2800,50.61411034,-3.455821421,33,33.27366384,104171.6597,104171.6597,0,0,1
RPV,29,8,RPV,1,1,N+P,3,4,38RPVN+P4shoot,0.5115,0.0262,2500.647,4,48.2,NA,NA,NA,2800,50.61411034,-3.455821421,33,31.90978432,258470.5347,258470.5347,0,0,1
RPV,29,8,RPV,1,1,N+P,4,5,48RPVN+P5shoot,0.5065,0.0236,2775.965,4,49,2800,49.19482931,-3.050822322,2800,50.71861646,-3.56860197,12,34.59325663,33012.39637,33012.39637,0,0,1
RPV,29,8,RPV,1,1,N+P,5,6,58RPVN+P6shoot,0.5097,0.0179,NA,NA,50.5,NA,NA,NA,2800,50.14614113,-3.45265522,45,30.22370275,589086.3007,589086.3007,0,0,1
RPV,29,8,RPV,1,1,N+P,5,7,58RPVN+P7shoot,0.5655,0.0197,NA,NA,47.6,NA,NA,NA,2800,50.14614113,-3.45265522,45,34.24736023,40253.00474,40253.00474,0,0,1