dpi,time,inoc,nutrient,round,replicate,aphid_mass.mg,conc,quant_t,nutrient_t,ext_date_t,RT_date_t,PCR_date_t,gel_date_t,PAV_t,RPV_t,notes_t,ext_notes_t,gel_notes_t,material,ID,high_N,high_P,high_N_t,high_P_t,co,t_up,t_dn,conc_s,quant_s
5,1,PAV,low,2,3,76,69.67933029292108,5295.629102262002,low,3/31/16,4/1/16,4/1/16,4/4/16,0,1,NA,NA,NA,shoot,2.1.PAV.low.3.low,0,0,0,0,0,0,0,-0.5383183081113125,-0.36680962725317995
5,1,PAV,low,2,3,76,69.67933029292108,5295.629102262002,N,3/31/16,4/1/16,4/1/16,4/4/16,0,0,NA,NA,NA,shoot,2.1.PAV.low.3.N,0,0,1,0,0,0,0,-0.5383183081113125,-0.36680962725317995
5,1,PAV,low,2,3,76,69.67933029292108,5295.629102262002,N+P,3/31/16,4/1/16,4/1/16,4/4/16,0,0,NA,NA,NA,shoot,2.1.PAV.low.3.N+P,0,0,1,1,0,0,0,-0.5383183081113125,-0.36680962725317995
5,1,PAV,low,2,3,76,69.67933029292108,5295.629102262002,P,3/31/16,4/1/16,4/1/16,4/4/16,0,0,NA,NA,NA,shoot,2.1.PAV.low.3.P,0,0,0,1,0,0,0,-0.5383183081113125,-0.36680962725317995
5,1,PAV,N,2,3,37.900000000000006,118.27940562251322,4482.789473093252,low,2/29/16,3/4/16,3/5/16,3/5/16,0.5,0,NA,NA,NA,shoot,2.1.PAV.N.3.low,1,0,0,0,0,1,0,-0.4257909284294023,-0.37729970421522063
5,1,PAV,N,2,3,37.900000000000006,118.27940562251322,4482.789473093252,N,2/29/16,3/4/16,3/5/16,3/5/16,0,0,NA,NA,NA,shoot,2.1.PAV.N.3.N,1,0,1,0,0,0,0,-0.4257909284294023,-0.37729970421522063
5,1,PAV,N,2,3,37.900000000000006,118.27940562251322,4482.789473093252,N+P,2/29/16,3/4/16,3/5/16,3/5/16,1,0,NA,NA,NA,shoot,2.1.PAV.N.3.N+P,1,0,1,1,0,1,1,-0.4257909284294023,-0.37729970421522063
5,1,PAV,N,2,3,37.900000000000006,118.27940562251322,4482.789473093252,P,2/29/16,3/4/16,3/5/16,3/5/16,0,0,NA,NA,NA,shoot,2.1.PAV.N.3.P,1,0,0,1,0,0,0,-0.4257909284294023,-0.37729970421522063
8,2,coinfection,P,2,3,40.7,254.43462921158164,10355.489408911373,low,8/18/15,8/19/15,8/21/15,8/21/15,0,0,NA,NA,NA,shoot,2.2.coinfection.P.3.low,0,1,0,0,1,0,0,-0.11054058289848614,-0.301509754893109
8,2,coinfection,P,2,3,40.7,254.43462921158164,10355.489408911373,N,8/18/15,8/19/15,8/21/15,8/21/15,1,1,NA,NA,NA,shoot,2.2.coinfection.P.3.N,0,1,1,0,1,1,1,-0.11054058289848614,-0.301509754893109
8,2,coinfection,P,2,3,40.7,254.43462921158164,10355.489408911373,N+P,8/18/15,8/19/15,8/21/15,8/21/15,1,1,NA,NA,NA,shoot,2.2.coinfection.P.3.N+P,0,1,1,1,1,1,1,-0.11054058289848614,-0.301509754893109
8,2,coinfection,P,2,3,40.7,254.43462921158164,10355.489408911373,P,8/18/15,8/19/15,8/21/15,8/21/15,1,1,NA,NA,NA,shoot,2.2.coinfection.P.3.P,0,1,0,1,1,1,1,-0.11054058289848614,-0.301509754893109
8,2,PAV,N,3,4,96.10000000000001,140.67943335984512,13519.293545881117,low,2/16/15,2/19/16,2/19/16,2/19/16,0,0,NA,NA,NA,shoot,3.2.PAV.N.4.low,1,0,0,0,0,0,0,-0.3739264733027394,-0.26067937741314323
8,2,PAV,N,3,4,96.10000000000001,140.67943335984512,13519.293545881117,N,2/16/15,2/19/16,2/19/16,2/19/16,0.5,0,NA,NA,NA,shoot,3.2.PAV.N.4.N,1,0,1,0,0,1,0,-0.3739264733027394,-0.26067937741314323
8,2,PAV,N,3,4,96.10000000000001,140.67943335984512,13519.293545881117,N+P,2/16/15,2/19/16,2/19/16,2/19/16,1,0,NA,NA,NA,shoot,3.2.PAV.N.4.N+P,1,0,1,1,0,1,1,-0.3739264733027394,-0.26067937741314323
8,2,PAV,N,3,4,96.10000000000001,140.67943335984512,13519.293545881117,P,2/16/15,2/19/16,2/19/16,2/19/16,0,0,NA,NA,NA,shoot,3.2.PAV.N.4.P,1,0,0,1,0,0,0,-0.3739264733027394,-0.26067937741314323
8,2,PAV,N+P,3,4,66.9,96.25691678032524,6439.587732603759,low,2/16/15,2/19/16,2/19/16,2/19/16,0,0,NA,NA,NA,shoot,3.2.PAV.N+P.4.low,1,1,0,0,0,0,0,-0.47678123959002316,-0.3520463041534589
8,2,PAV,N+P,3,4,66.9,96.25691678032524,6439.587732603759,N+P,2/16/15,2/19/16,2/19/16,2/19/16,0,0,NA,NA,NA,shoot,3.2.PAV.N+P.4.N+P,1,1,1,1,0,0,0,-0.47678123959002316,-0.3520463041534589
8,2,PAV,N+P,3,4,66.9,96.25691678032524,6439.587732603759,P,2/16/15,2/19/16,2/19/16,2/19/16,0,0,NA,NA,NA,shoot,3.2.PAV.N+P.4.P,1,1,0,1,0,0,0,-0.47678123959002316,-0.3520463041534589
12,3,coinfection,low,4,5,73.2,687.403492486968,50317.93565004606,low,2/9/16,2/12/16,2/12/16,2/12/16,0.5,1,NA,NA,NA,shoot,4.3.coinfection.low.5.low,0,0,0,0,1,1,0,0.891944523098228,0.2142243722552208
12,3,coinfection,low,4,5,73.2,687.403492486968,50317.93565004606,N,2/9/16,2/12/16,2/12/16,2/12/16,1,1,NA,NA,NA,shoot,4.3.coinfection.low.5.N,0,0,1,0,1,1,1,0.891944523098228,0.2142243722552208
12,3,coinfection,low,4,5,73.2,687.403492486968,50317.93565004606,N+P,2/9/16,2/12/16,2/12/16,2/12/16,1,1,NA,NA,NA,shoot,4.3.coinfection.low.5.N+P,0,0,1,1,1,1,1,0.891944523098228,0.2142243722552208
12,3,coinfection,low,4,5,73.2,687.403492486968,50317.93565004606,P,2/9/16,2/12/16,2/12/16,2/12/16,1,1,NA,NA,NA,shoot,4.3.coinfection.low.5.P,0,0,0,1,1,1,1,0.891944523098228,0.2142243722552208
12,3,coinfection,P,2,3,54.800000000000004,264.069870637475,14471.02891093363,low,2/24/16,2/26/16,2/26/16,2/26/16,1,0.5,NA,NA,RT ctrl positive for RPV,shoot,2.3.coinfection.P.3.low,0,1,0,0,1,1,1,-0.08823138969445432,-0.24839678578174523
12,3,coinfection,P,2,3,54.800000000000004,264.069870637475,14471.02891093363,N,2/24/16,2/26/16,2/26/16,2/26/16,1,1,NA,NA,RT ctrl positive for RPV,shoot,2.3.coinfection.P.3.N,0,1,1,0,1,1,1,-0.08823138969445432,-0.24839678578174523
12,3,coinfection,P,2,3,54.800000000000004,264.069870637475,14471.02891093363,N+P,2/24/16,2/26/16,2/26/16,2/26/16,1,1,NA,NA,RT ctrl positive for RPV,shoot,2.3.coinfection.P.3.N+P,0,1,1,1,1,1,1,-0.08823138969445432,-0.24839678578174523
12,3,coinfection,P,2,3,54.800000000000004,264.069870637475,14471.02891093363,P,2/24/16,2/26/16,2/26/16,2/26/16,1,1,NA,NA,RT ctrl positive for RPV,shoot,2.3.coinfection.P.3.P,0,1,0,1,1,1,1,-0.08823138969445432,-0.24839678578174523
12,3,coinfection,P,3,4,94.89999999999999,82.03146982232278,7784.7864861384305,low,3/1/16,3/4/16,3/5/16,3/5/16,0,1,NA,NA,NA,shoot,3.3.coinfection.P.4.low,0,1,0,0,1,0,0,-0.5097184780640823,-0.33468588280164713
12,3,coinfection,P,3,4,94.89999999999999,82.03146982232278,7784.7864861384305,N,3/1/16,3/4/16,3/5/16,3/5/16,0,1,NA,NA,NA,shoot,3.3.coinfection.P.4.N,0,1,1,0,1,0,0,-0.5097184780640823,-0.33468588280164713
12,3,coinfection,P,3,4,94.89999999999999,82.03146982232278,7784.7864861384305,N+P,3/1/16,3/4/16,3/5/16,3/5/16,0,1,NA,NA,NA,shoot,3.3.coinfection.P.4.N+P,0,1,1,1,1,0,0,-0.5097184780640823,-0.33468588280164713
12,3,coinfection,P,3,4,94.89999999999999,82.03146982232278,7784.7864861384305,P,3/1/16,3/4/16,3/5/16,3/5/16,1,1,NA,NA,NA,shoot,3.3.coinfection.P.4.P,0,1,0,1,1,1,1,-0.5097184780640823,-0.33468588280164713
12,3,coinfection,P,4,5,47.1,222.02376671533068,10457.319412292076,low,2/9/16,2/12/16,2/12/16,2/12/16,1,1,NA,NA,NA,shoot,4.3.coinfection.P.5.low,0,1,0,0,1,1,1,-0.18558387049012334,-0.3001955909003902
12,3,coinfection,P,4,5,47.1,222.02376671533068,10457.319412292076,N,2/9/16,2/12/16,2/12/16,2/12/16,1,1,NA,NA,NA,shoot,4.3.coinfection.P.5.N,0,1,1,0,1,1,1,-0.18558387049012334,-0.3001955909003902
12,3,coinfection,P,4,5,47.1,222.02376671533068,10457.319412292076,N+P,2/9/16,2/12/16,2/12/16,2/12/16,1,1,NA,NA,NA,shoot,4.3.coinfection.P.5.N+P,0,1,1,1,1,1,1,-0.18558387049012334,-0.3001955909003902
12,3,coinfection,P,4,5,47.1,222.02376671533068,10457.319412292076,P,2/9/16,2/12/16,2/12/16,2/12/16,0,1,NA,NA,NA,shoot,4.3.coinfection.P.5.P,0,1,0,1,1,0,0,-0.18558387049012334,-0.3001955909003902
12,3,coinfection,N,3,4,89.30000000000001,145.95485655006345,13033.768689920667,low,3/1/16,3/4/16,3/5/16,3/5/16,1,1,NA,NA,NA,shoot,3.3.coinfection.N.4.low,1,0,0,0,1,1,1,-0.36171189247580404,-0.26694530358509605
12,3,coinfection,N,3,4,89.30000000000001,145.95485655006345,13033.768689920667,N,3/1/16,3/4/16,3/5/16,3/5/16,1,1,NA,NA,NA,shoot,3.3.coinfection.N.4.N,1,0,1,0,1,1,1,-0.36171189247580404,-0.26694530358509605
12,3,coinfection,N,3,4,89.30000000000001,145.95485655006345,13033.768689920667,N+P,3/1/16,3/4/16,3/5/16,3/5/16,1,1,NA,NA,NA,shoot,3.3.coinfection.N.4.N+P,1,0,1,1,1,1,1,-0.36171189247580404,-0.26694530358509605
12,3,coinfection,N,3,4,89.30000000000001,145.95485655006345,13033.768689920667,P,3/1/16,3/4/16,3/5/16,3/5/16,0,1,NA,NA,NA,shoot,3.3.coinfection.N.4.P,1,0,0,1,1,0,0,-0.36171189247580404,-0.26694530358509605
12,3,coinfection,N,4,5,132.20000000000002,142.1704952337189,18794.93946989764,low,2/9/16,2/12/16,2/12/16,2/12/16,0,0,NA,NA,NA,shoot,4.3.coinfection.N.5.low,1,0,0,0,1,0,0,-0.3704741065219733,-0.19259469037099564
12,3,coinfection,N,4,5,132.20000000000002,142.1704952337189,18794.93946989764,N,2/9/16,2/12/16,2/12/16,2/12/16,1,1,NA,NA,NA,shoot,4.3.coinfection.N.5.N,1,0,1,0,1,1,1,-0.3704741065219733,-0.19259469037099564
12,3,coinfection,N,4,5,132.20000000000002,142.1704952337189,18794.93946989764,N+P,2/9/16,2/12/16,2/12/16,2/12/16,0,1,NA,NA,NA,shoot,4.3.coinfection.N.5.N+P,1,0,1,1,1,0,0,-0.3704741065219733,-0.19259469037099564
12,3,coinfection,N,4,5,132.20000000000002,142.1704952337189,18794.93946989764,P,2/9/16,2/12/16,2/12/16,2/12/16,0,1,NA,NA,NA,shoot,4.3.coinfection.N.5.P,1,0,0,1,1,0,0,-0.3704741065219733,-0.19259469037099564
12,3,coinfection,N+P,2,3,98.9,97.65447317032502,9658.027396545145,low,2/24/16,2/26/16,2/26/16,2/26/16,1,1,NA,NA,RT ctrl positive for RPV,shoot,2.3.coinfection.N+P.3.low,1,1,0,0,1,1,1,-0.47354537303101335,-0.310510829551961
12,3,coinfection,N+P,2,3,98.9,97.65447317032502,9658.027396545145,N,2/24/16,2/26/16,2/26/16,2/26/16,1,1,NA,NA,RT ctrl positive for RPV,shoot,2.3.coinfection.N+P.3.N,1,1,1,0,1,1,1,-0.47354537303101335,-0.310510829551961
12,3,coinfection,N+P,2,3,98.9,97.65447317032502,9658.027396545145,N+P,2/24/16,2/26/16,2/26/16,2/26/16,1,1,NA,NA,RT ctrl positive for RPV,shoot,2.3.coinfection.N+P.3.N+P,1,1,1,1,1,1,1,-0.47354537303101335,-0.310510829551961
12,3,coinfection,N+P,2,3,98.9,97.65447317032502,9658.027396545145,P,2/24/16,2/26/16,2/26/16,2/26/16,1,1,NA,NA,RT ctrl positive for RPV,shoot,2.3.coinfection.N+P.3.P,1,1,0,1,1,1,1,-0.47354537303101335,-0.310510829551961
12,3,PAV,low,3,4,116.3,69.35242716219224,8065.687278962958,low,2/16/15,2/19/16,2/19/16,2/19/16,0,0.5,NA,NA,NA,shoot,3.3.PAV.low.4.low,0,0,0,0,0,0,0,-0.5390752113148829,-0.3310607262151739
12,3,PAV,low,3,4,116.3,69.35242716219224,8065.687278962958,N,2/16/15,2/19/16,2/19/16,2/19/16,0,0,NA,NA,NA,shoot,3.3.PAV.low.4.N,0,0,1,0,0,0,0,-0.5390752113148829,-0.3310607262151739
12,3,PAV,low,3,4,116.3,69.35242716219224,8065.687278962958,N+P,2/16/15,2/19/16,2/19/16,2/19/16,1,0,NA,NA,NA,shoot,3.3.PAV.low.4.N+P,0,0,1,1,0,1,1,-0.5390752113148829,-0.3310607262151739
12,3,PAV,low,3,4,116.3,69.35242716219224,8065.687278962958,P,2/16/15,2/19/16,2/19/16,2/19/16,0,0,NA,NA,NA,shoot,3.3.PAV.low.4.P,0,0,0,1,0,0,0,-0.5390752113148829,-0.3310607262151739
12,3,PAV,low,4,5,71.8,163.31790958474923,11726.225908184993,low,2/11/16,2/12/16,2/12/16,2/12/16,1,0,NA,NA,NA,shoot,4.3.PAV.low.5.low,0,0,0,0,0,1,1,-0.3215099206059875,-0.28381975694509637
12,3,PAV,low,4,5,71.8,163.31790958474923,11726.225908184993,N,2/11/16,2/12/16,2/12/16,2/12/16,0,0,NA,NA,NA,shoot,4.3.PAV.low.5.N,0,0,1,0,0,0,0,-0.3215099206059875,-0.28381975694509637
12,3,PAV,low,4,5,71.8,163.31790958474923,11726.225908184993,N+P,2/11/16,2/12/16,2/12/16,2/12/16,1,0,NA,NA,NA,shoot,4.3.PAV.low.5.N+P,0,0,1,1,0,1,1,-0.3215099206059875,-0.28381975694509637
12,3,PAV,low,4,5,71.8,163.31790958474923,11726.225908184993,P,2/11/16,2/12/16,2/12/16,2/12/16,0,0,NA,NA,NA,shoot,4.3.PAV.low.5.P,0,0,0,1,0,0,0,-0.3215099206059875,-0.28381975694509637
12,3,PAV,P,2,3,88.2,369.5000327402751,32589.902887692268,low,2/23/16,2/26/16,2/26/16,2/26/16,1,0.5,NA,NA,RT ctrl positive for RPV,shoot,2.3.PAV.P.3.low,0,1,0,0,0,1,1,0.15587892907378392,-0.014564212096714603
12,3,PAV,P,2,3,88.2,369.5000327402751,32589.902887692268,N,2/23/16,2/26/16,2/26/16,2/26/16,1,0.5,NA,NA,RT ctrl positive for RPV,shoot,2.3.PAV.P.3.N,0,1,1,0,0,1,1,0.15587892907378392,-0.014564212096714603
12,3,PAV,P,2,3,88.2,369.5000327402751,32589.902887692268,N+P,2/23/16,2/26/16,2/26/16,2/26/16,1,1,NA,NA,RT ctrl positive for RPV,shoot,2.3.PAV.P.3.N+P,0,1,1,1,0,1,1,0.15587892907378392,-0.014564212096714603
12,3,PAV,P,2,3,88.2,369.5000327402751,32589.902887692268,P,2/23/16,2/26/16,2/26/16,2/26/16,1,1,NA,NA,RT ctrl positive for RPV,shoot,2.3.PAV.P.3.P,0,1,0,1,0,1,1,0.15587892907378392,-0.014564212096714603
12,3,PAV,P,3,4,70.4,94.34287772035906,6641.738591513278,low,2/16/15,2/19/16,2/19/16,2/19/16,1,0,NA,NA,NA,shoot,3.3.PAV.P.4.low,0,1,0,0,0,1,1,-0.48121295700128563,-0.3494374524294453
12,3,PAV,P,3,4,70.4,94.34287772035906,6641.738591513278,N,2/16/15,2/19/16,2/19/16,2/19/16,1,0,NA,NA,NA,shoot,3.3.PAV.P.4.N,0,1,1,0,0,1,1,-0.48121295700128563,-0.3494374524294453
12,3,PAV,P,3,4,70.4,94.34287772035906,6641.738591513278,N+P,2/16/15,2/19/16,2/19/16,2/19/16,0,0,NA,NA,NA,shoot,3.3.PAV.P.4.N+P,0,1,1,1,0,0,0,-0.48121295700128563,-0.3494374524294453
12,3,PAV,P,3,4,70.4,94.34287772035906,6641.738591513278,P,2/16/15,2/19/16,2/19/16,2/19/16,0,0,NA,NA,NA,shoot,3.3.PAV.P.4.P,0,1,0,1,0,0,0,-0.48121295700128563,-0.3494374524294453
12,3,PAV,N,2,3,93.60000000000001,294.28579417265587,27545.150334560592,low,2/29/16,3/4/16,3/5/16,3/5/16,1,0,NA,NA,NA,shoot,2.3.PAV.N.3.low,1,0,0,0,0,1,1,-0.018270208008536987,-0.07966911180604729
12,3,PAV,N,2,3,93.60000000000001,294.28579417265587,27545.150334560592,N,2/29/16,3/4/16,3/5/16,3/5/16,1,0,NA,NA,NA,shoot,2.3.PAV.N.3.N,1,0,1,0,0,1,1,-0.018270208008536987,-0.07966911180604729
12,3,PAV,N,2,3,93.60000000000001,294.28579417265587,27545.150334560592,N+P,2/29/16,3/4/16,3/5/16,3/5/16,1,1,NA,NA,NA,shoot,2.3.PAV.N.3.N+P,1,0,1,1,0,1,1,-0.018270208008536987,-0.07966911180604729
12,3,PAV,N,2,3,93.60000000000001,294.28579417265587,27545.150334560592,P,2/29/16,3/4/16,3/5/16,3/5/16,1,0,NA,NA,NA,shoot,2.3.PAV.N.3.P,1,0,0,1,0,1,1,-0.018270208008536987,-0.07966911180604729
12,3,PAV,N,3,4,99.2,67.69893484827183,6715.734336948566,low,2/16/15,2/19/16,2/19/16,2/19/16,1,0,NA,NA,NA,shoot,3.3.PAV.N.4.low,1,0,0,0,0,1,1,-0.542903665409816,-0.3484825026009366
12,3,PAV,N,3,4,99.2,67.69893484827183,6715.734336948566,N,2/16/15,2/19/16,2/19/16,2/19/16,1,0,NA,NA,NA,shoot,3.3.PAV.N.4.N,1,0,1,0,0,1,1,-0.542903665409816,-0.3484825026009366
12,3,PAV,N,3,4,99.2,67.69893484827183,6715.734336948566,N+P,2/16/15,2/19/16,2/19/16,2/19/16,0.5,0,NA,NA,NA,shoot,3.3.PAV.N.4.N+P,1,0,1,1,0,1,0,-0.542903665409816,-0.3484825026009366
12,3,PAV,N,3,4,99.2,67.69893484827183,6715.734336948566,P,2/16/15,2/19/16,2/19/16,2/19/16,0,0,NA,NA,NA,shoot,3.3.PAV.N.4.P,1,0,0,1,0,0,0,-0.542903665409816,-0.3484825026009366
12,3,PAV,N+P,4,5,161.5,128.05156276007023,20680.32738575134,low,2/22/16,2/26/16,2/26/16,2/26/16,1,0.5,NA,NA,RT ctrl positive for RPV,shoot,4.3.PAV.N+P.5.low,1,1,0,0,0,1,1,-0.4031647240650727,-0.1682628743142014
12,3,PAV,N+P,4,5,161.5,128.05156276007023,20680.32738575134,N,2/22/16,2/26/16,2/26/16,2/26/16,1,1,NA,NA,RT ctrl positive for RPV,shoot,4.3.PAV.N+P.5.N,1,1,1,0,0,1,1,-0.4031647240650727,-0.1682628743142014
12,3,PAV,N+P,4,5,161.5,128.05156276007023,20680.32738575134,N+P,2/22/16,2/26/16,2/26/16,2/26/16,1,0,NA,NA,RT ctrl positive for RPV,shoot,4.3.PAV.N+P.5.N+P,1,1,1,1,0,1,1,-0.4031647240650727,-0.1682628743142014
12,3,PAV,N+P,4,5,161.5,128.05156276007023,20680.32738575134,P,2/22/16,2/26/16,2/26/16,2/26/16,1,0,NA,NA,RT ctrl positive for RPV,shoot,4.3.PAV.N+P.5.P,1,1,0,1,0,1,1,-0.4031647240650727,-0.1682628743142014
16,4,coinfection,low,2,3,92.5,324.12490980655554,29981.554157106388,low,2/24/16,2/26/16,2/26/16,2/26/16,1,1,NA,NA,RT ctrl positive for RPV,shoot,2.4.coinfection.low.3.low,0,0,0,0,1,1,1,0.05081852223595641,-0.048226176826053124
16,4,coinfection,low,2,3,92.5,324.12490980655554,29981.554157106388,N,2/24/16,2/26/16,2/26/16,2/26/16,1,1,NA,NA,RT ctrl positive for RPV,shoot,2.4.coinfection.low.3.N,0,0,1,0,1,1,1,0.05081852223595641,-0.048226176826053124
16,4,coinfection,low,2,3,92.5,324.12490980655554,29981.554157106388,N+P,2/24/16,2/26/16,2/26/16,2/26/16,1,1,NA,NA,RT ctrl positive for RPV,shoot,2.4.coinfection.low.3.N+P,0,0,1,1,1,1,1,0.05081852223595641,-0.048226176826053124
16,4,coinfection,low,2,3,92.5,324.12490980655554,29981.554157106388,P,2/24/16,2/26/16,2/26/16,2/26/16,1,0.5,NA,NA,RT ctrl positive for RPV,shoot,2.4.coinfection.low.3.P,0,0,0,1,1,1,1,0.05081852223595641,-0.048226176826053124
16,4,coinfection,low,4,5,93.7,611.5807183858876,57305.11331275767,low,2/9/16,2/12/16,2/12/16,2/12/16,0,1,NA,NA,NA,shoot,4.4.coinfection.low.5.low,0,0,0,0,1,0,0,0.7163863983022188,0.3043971797796923
16,4,coinfection,low,4,5,93.7,611.5807183858876,57305.11331275767,N,2/9/16,2/12/16,2/12/16,2/12/16,1,0,NA,NA,NA,shoot,4.4.coinfection.low.5.N,0,0,1,0,1,1,1,0.7163863983022188,0.3043971797796923
16,4,coinfection,low,4,5,93.7,611.5807183858876,57305.11331275767,P,2/9/16,2/12/16,2/12/16,2/12/16,0.5,0,NA,NA,NA,shoot,4.4.coinfection.low.5.P,0,0,0,1,1,1,0,0.7163863983022188,0.3043971797796923
16,4,coinfection,P,2,3,95.60000000000001,237.00576076032488,22657.75072868706,low,2/24/16,2/26/16,2/26/16,2/26/16,1,0.5,NA,NA,RT ctrl positive for RPV,shoot,2.4.coinfection.P.3.low,0,1,0,0,1,1,1,-0.15089494211172103,-0.14274329786940543
16,4,coinfection,P,2,3,95.60000000000001,237.00576076032488,22657.75072868706,N,2/24/16,2/26/16,2/26/16,2/26/16,1,1,NA,NA,RT ctrl positive for RPV,shoot,2.4.coinfection.P.3.N,0,1,1,0,1,1,1,-0.15089494211172103,-0.14274329786940543
16,4,coinfection,P,2,3,95.60000000000001,237.00576076032488,22657.75072868706,N+P,2/24/16,2/26/16,2/26/16,2/26/16,1,1,NA,NA,RT ctrl positive for RPV,shoot,2.4.coinfection.P.3.N+P,0,1,1,1,1,1,1,-0.15089494211172103,-0.14274329786940543
16,4,coinfection,P,2,3,95.60000000000001,237.00576076032488,22657.75072868706,P,2/24/16,2/26/16,2/26/16,2/26/16,0,0.5,NA,NA,RT ctrl positive for RPV,shoot,2.4.coinfection.P.3.P,0,1,0,1,1,0,0,-0.15089494211172103,-0.14274329786940543
16,4,coinfection,N,4,5,107.80000000000001,158.97038874642425,17137.007906864535,N,2/9/16,2/12/16,2/12/16,2/12/16,1,1,NA,NA,NA,shoot,4.4.coinfection.N.5.N,1,0,1,0,1,1,1,-0.331576059901688,-0.21399107542643325
16,4,coinfection,N,4,5,107.80000000000001,158.97038874642425,17137.007906864535,N+P,2/9/16,2/12/16,2/12/16,2/12/16,1,1,NA,NA,NA,shoot,4.4.coinfection.N.5.N+P,1,0,1,1,1,1,1,-0.331576059901688,-0.21399107542643325
16,4,coinfection,N,4,5,107.80000000000001,158.97038874642425,17137.007906864535,P,2/9/16,2/12/16,2/12/16,2/12/16,0.5,1,NA,NA,NA,shoot,4.4.coinfection.N.5.P,1,0,0,1,1,1,0,-0.331576059901688,-0.21399107542643325
16,4,coinfection,N+P,2,3,51,300.7324048771454,15337.352648734417,N,12/15/15,1/6/16,1/7/16,1/7/16,1,1,NA,NA,PAV ctrl didn't show up,shoot,2.4.coinfection.N+P.3.N,1,1,1,0,1,1,1,-0.003343889366313376,-0.2372164712923217
16,4,coinfection,N+P,2,3,51,300.7324048771454,15337.352648734417,N+P,12/15/15,1/6/16,1/7/16,1/7/16,0,1,NA,NA,PAV ctrl didn't show up,shoot,2.4.coinfection.N+P.3.N+P,1,1,1,1,1,0,0,-0.003343889366313376,-0.2372164712923217
16,4,coinfection,N+P,2,3,51,300.7324048771454,15337.352648734417,P,12/15/15,1/6/16,1/7/16,1/7/16,0,0,NA,NA,PAV ctrl didn't show up,shoot,2.4.coinfection.N+P.3.P,1,1,0,1,1,0,0,-0.003343889366313376,-0.2372164712923217
16,4,PAV,low,2,3,65.4,156.00174849966177,10202.51435187788,low,2/23/16,2/26/16,2/26/16,2/26/16,1,0,NA,NA,RT ctrl positive for RPV,shoot,2.4.PAV.low.3.low,0,0,0,0,0,1,1,-0.33844957410760196,-0.303483969810749
16,4,PAV,low,2,3,65.4,156.00174849966177,10202.51435187788,N,2/23/16,2/26/16,2/26/16,2/26/16,1,1,NA,NA,RT ctrl positive for RPV,shoot,2.4.PAV.low.3.N,0,0,1,0,0,1,1,-0.33844957410760196,-0.303483969810749
16,4,PAV,low,2,3,65.4,156.00174849966177,10202.51435187788,N+P,2/23/16,2/26/16,2/26/16,2/26/16,0.5,0.5,NA,NA,RT ctrl positive for RPV,shoot,2.4.PAV.low.3.N+P,0,0,1,1,0,1,0,-0.33844957410760196,-0.303483969810749
16,4,PAV,low,2,3,65.4,156.00174849966177,10202.51435187788,P,2/23/16,2/26/16,2/26/16,2/26/16,0,0,NA,NA,RT ctrl positive for RPV,shoot,2.4.PAV.low.3.P,0,0,0,1,0,0,0,-0.33844957410760196,-0.303483969810749
16,4,PAV,P,2,3,77.5,774.7664288621055,60044.39823681318,low,2/23/16,2/26/16,2/26/16,2/26/16,0.5,0.5,NA,NA,RT ctrl positive for RPV,shoot,2.4.PAV.P.3.low,0,1,0,0,0,1,0,1.0942224464335817,0.3397489375473177
16,4,PAV,P,2,3,77.5,774.7664288621055,60044.39823681318,N,2/23/16,2/26/16,2/26/16,2/26/16,1,1,NA,NA,RT ctrl positive for RPV,shoot,2.4.PAV.P.3.N,0,1,1,0,0,1,1,1.0942224464335817,0.3397489375473177
16,4,PAV,P,2,3,77.5,774.7664288621055,60044.39823681318,N+P,2/23/16,2/26/16,2/26/16,2/26/16,1,0,NA,NA,RT ctrl positive for RPV,shoot,2.4.PAV.P.3.N+P,0,1,1,1,0,1,1,1.0942224464335817,0.3397489375473177
16,4,PAV,P,4,5,153.5,191.62506618258573,29414.447659026908,low,2/22/16,2/26/16,2/26/16,2/26/16,1,0,NA,NA,RT ctrl positive for RPV,shoot,4.4.PAV.P.5.low,0,1,0,0,0,1,1,-0.2559682493925579,-0.055544952384044645
16,4,PAV,P,4,5,153.5,191.62506618258573,29414.447659026908,N,2/22/16,2/26/16,2/26/16,2/26/16,1,0,NA,NA,RT ctrl positive for RPV,shoot,4.4.PAV.P.5.N,0,1,1,0,0,1,1,-0.2559682493925579,-0.055544952384044645
16,4,PAV,P,4,5,153.5,191.62506618258573,29414.447659026908,N+P,2/22/16,2/26/16,2/26/16,2/26/16,1,0,NA,NA,RT ctrl positive for RPV,shoot,4.4.PAV.P.5.N+P,0,1,1,1,0,1,1,-0.2559682493925579,-0.055544952384044645
16,4,PAV,P,4,5,153.5,191.62506618258573,29414.447659026908,P,2/22/16,2/26/16,2/26/16,2/26/16,1,0,NA,NA,RT ctrl positive for RPV,shoot,4.4.PAV.P.5.P,0,1,0,1,0,1,1,-0.2559682493925579,-0.055544952384044645
16,4,PAV,N+P,2,3,154.79999999999998,124.63197067929325,19293.029061154593,low,8/18/15,8/19/15,8/21/15,8/21/15,1,0,NA,NA,NA,shoot,2.4.PAV.N+P.3.low,1,1,0,0,0,1,1,-0.4110823606905563,-0.18616661039214397
16,4,PAV,N+P,2,3,154.79999999999998,124.63197067929325,19293.029061154593,N,8/18/15,8/19/15,8/21/15,8/21/15,0.5,1,NA,NA,NA,shoot,2.4.PAV.N+P.3.N,1,1,1,0,0,1,0,-0.4110823606905563,-0.18616661039214397
16,4,PAV,N+P,2,3,154.79999999999998,124.63197067929325,19293.029061154593,N+P,8/18/15,8/19/15,8/21/15,8/21/15,1,0,NA,NA,NA,shoot,2.4.PAV.N+P.3.N+P,1,1,1,1,0,1,1,-0.4110823606905563,-0.18616661039214397
16,4,PAV,N+P,2,3,154.79999999999998,124.63197067929325,19293.029061154593,P,8/18/15,8/19/15,8/21/15,8/21/15,1,0,NA,NA,NA,shoot,2.4.PAV.N+P.3.P,1,1,0,1,0,1,1,-0.4110823606905563,-0.18616661039214397
16,4,PAV,N+P,4,5,116.1,86.29975007807843,10019.400984064905,low,2/11/16,2/12/16,2/12/16,2/12/16,1,0,NA,NA,NA,shoot,4.4.PAV.N+P.5.low,1,1,0,0,0,1,1,-0.49983581040007224,-0.3058471337759471
16,4,PAV,N+P,4,5,116.1,86.29975007807843,10019.400984064905,N,2/11/16,2/12/16,2/12/16,2/12/16,0,0,NA,NA,NA,shoot,4.4.PAV.N+P.5.N,1,1,1,0,0,0,0,-0.49983581040007224,-0.3058471337759471
16,4,PAV,N+P,4,5,116.1,86.29975007807843,10019.400984064905,N+P,3/28/16,4/1/16,4/1/16,4/4/16,0,0,NA,NA,NA,shoot,4.4.PAV.N+P.5.N+P,1,1,1,1,0,0,0,-0.49983581040007224,-0.3058471337759471
19,5,coinfection,low,2,3,35.3,328.26373087246196,11587.709699797906,low,2/24/16,2/26/16,2/26/16,2/26/16,1,1,NA,NA,RT ctrl positive for RPV,shoot,2.5.coinfection.low.3.low,0,0,0,0,1,1,1,0.060401443380837055,-0.28560737363395855
19,5,coinfection,low,2,3,35.3,328.26373087246196,11587.709699797906,N,2/24/16,2/26/16,2/26/16,2/26/16,0,0,NA,NA,RT ctrl positive for RPV,shoot,2.5.coinfection.low.3.N,0,0,1,0,1,0,0,0.060401443380837055,-0.28560737363395855
19,5,coinfection,low,2,3,35.3,328.26373087246196,11587.709699797906,N+P,2/24/16,2/26/16,2/26/16,2/26/16,0,1,NA,NA,RT ctrl positive for RPV,shoot,2.5.coinfection.low.3.N+P,0,0,1,1,1,0,0,0.060401443380837055,-0.28560737363395855
19,5,coinfection,P,4,5,88.6,67.31125386971469,5963.7770928567215,low,1/28/16,2/1/16,2/1/16,2/1/16,1,1,NA,NA,NA,shoot,4.5.coinfection.P.5.low,0,1,0,0,1,1,1,-0.5438012920981228,-0.35818686380531617
19,5,coinfection,P,4,5,88.6,67.31125386971469,5963.7770928567215,N,1/28/16,2/1/16,2/1/16,2/1/16,1,1,NA,NA,NA,shoot,4.5.coinfection.P.5.N,0,1,1,0,1,1,1,-0.5438012920981228,-0.35818686380531617
19,5,coinfection,P,4,5,88.6,67.31125386971469,5963.7770928567215,N+P,1/28/16,2/1/16,2/1/16,2/1/16,1,1,NA,NA,NA,shoot,4.5.coinfection.P.5.N+P,0,1,1,1,1,1,1,-0.5438012920981228,-0.35818686380531617
19,5,coinfection,P,4,5,88.6,67.31125386971469,5963.7770928567215,P,1/28/16,2/1/16,2/1/16,2/1/16,1,1,NA,NA,NA,shoot,4.5.coinfection.P.5.P,0,1,0,1,1,1,1,-0.5438012920981228,-0.35818686380531617
19,5,coinfection,N+P,2,3,89.1,440.4345714921071,39242.72031994674,N,3/8/16,3/11/16,3/13/16,3/13/16,0,1,NA,NA,NA,shoot,2.5.coinfection.N+P.3.N,1,1,1,0,1,0,0,0.32011895793292355,0.07129351970472908
19,5,coinfection,N+P,2,3,89.1,440.4345714921071,39242.72031994674,N+P,3/8/16,3/11/16,3/13/16,3/13/16,1,1,NA,NA,NA,shoot,2.5.coinfection.N+P.3.N+P,1,1,1,1,1,1,1,0.32011895793292355,0.07129351970472908
19,5,coinfection,N+P,2,3,89.1,440.4345714921071,39242.72031994674,P,3/8/16,3/11/16,3/13/16,3/13/16,1,1,NA,NA,NA,shoot,2.5.coinfection.N+P.3.P,1,1,0,1,1,1,1,0.32011895793292355,0.07129351970472908
19,5,coinfection,N+P,4,5,75.6,94.16209900257776,7118.654684594878,N,1/28/16,2/1/16,2/1/16,2/1/16,0,1,NA,NA,NA,shoot,4.5.coinfection.N+P.5.N,1,1,1,0,1,0,0,-0.4816315274515623,-0.3432826263834048
19,5,coinfection,N+P,4,5,75.6,94.16209900257776,7118.654684594878,N+P,1/28/16,2/1/16,2/1/16,2/1/16,0,1,NA,NA,NA,shoot,4.5.coinfection.N+P.5.N+P,1,1,1,1,1,0,0,-0.4816315274515623,-0.3432826263834048
19,5,coinfection,N+P,4,5,75.6,94.16209900257776,7118.654684594878,P,1/28/16,2/1/16,2/1/16,2/1/16,0,1,NA,NA,NA,shoot,4.5.coinfection.N+P.5.P,1,1,0,1,1,0,0,-0.4816315274515623,-0.3432826263834048
19,5,PAV,low,2,3,56.7,349.37005646746223,19809.28220170511,low,2/23/16,2/26/16,2/26/16,2/26/16,1,1,NA,NA,RT ctrl positive for RPV,shoot,2.5.PAV.low.3.low,0,0,0,0,0,1,1,0.10927049343501413,-0.1795041212836733
19,5,PAV,low,2,3,56.7,349.37005646746223,19809.28220170511,N+P,2/23/16,2/26/16,2/26/16,2/26/16,0.5,1,NA,NA,RT ctrl positive for RPV,shoot,2.5.PAV.low.3.N+P,0,0,1,1,0,1,0,0.10927049343501413,-0.1795041212836733
19,5,PAV,low,2,3,56.7,349.37005646746223,19809.28220170511,P,2/23/16,2/26/16,2/26/16,2/26/16,1,1,NA,NA,RT ctrl positive for RPV,shoot,2.5.PAV.low.3.P,0,0,0,1,0,1,1,0.10927049343501413,-0.1795041212836733
19,5,PAV,low,3,4,107.2,75.52098324453944,8095.849403814628,low,2/16/15,2/19/16,2/19/16,2/19/16,0,0,NA,NA,NA,shoot,3.5.PAV.low.4.low,0,0,0,0,0,0,0,-0.5247926932804965,-0.3306714698358359
19,5,PAV,low,3,4,107.2,75.52098324453944,8095.849403814628,N,2/16/15,2/19/16,2/19/16,2/19/16,1,0,NA,NA,NA,shoot,3.5.PAV.low.4.N,0,0,1,0,0,1,1,-0.5247926932804965,-0.3306714698358359
19,5,PAV,low,3,4,107.2,75.52098324453944,8095.849403814628,N+P,2/16/15,2/19/16,2/19/16,2/19/16,1,0,NA,NA,NA,shoot,3.5.PAV.low.4.N+P,0,0,1,1,0,1,1,-0.5247926932804965,-0.3306714698358359
19,5,PAV,P,2,3,57.6,86.13005103488055,4961.09093960912,low,2/23/16,2/26/16,2/26/16,2/26/16,0,0.5,NA,NA,RT ctrl positive for RPV,shoot,2.5.PAV.P.3.low,0,1,0,0,0,0,0,-0.5002287272533092,-0.37112699927471543
19,5,PAV,P,2,3,57.6,86.13005103488055,4961.09093960912,N,2/23/16,2/26/16,2/26/16,2/26/16,1,1,NA,NA,RT ctrl positive for RPV,shoot,2.5.PAV.P.3.N,0,1,1,0,0,1,1,-0.5002287272533092,-0.37112699927471543
19,5,PAV,P,2,3,57.6,86.13005103488055,4961.09093960912,P,2/23/16,2/26/16,2/26/16,2/26/16,0,1,NA,NA,RT ctrl positive for RPV,shoot,2.5.PAV.P.3.P,0,1,0,1,0,0,0,-0.5002287272533092,-0.37112699927471543
19,5,PAV,P,3,4,105.39999999999999,84.66629094165098,8923.827065250012,low,2/29/16,3/4/16,3/5/16,3/5/16,0,0,NA,NA,NA,shoot,3.5.PAV.P.4.low,0,1,0,0,0,0,0,-0.5036178801848024,-0.3199860294615889
19,5,PAV,P,3,4,105.39999999999999,84.66629094165098,8923.827065250012,P,2/29/16,3/4/16,3/5/16,3/5/16,0,0,NA,NA,NA,shoot,3.5.PAV.P.4.P,0,1,0,1,0,0,0,-0.5036178801848024,-0.3199860294615889
19,5,PAV,P,4,5,54.6,151.2551167501718,8258.52937455938,low,2/22/16,2/26/16,2/26/16,2/26/16,1,0.5,NA,NA,RT ctrl positive for RPV,shoot,4.5.PAV.P.5.low,0,1,0,0,0,1,1,-0.3494398046671798,-0.3285720084512572
19,5,PAV,P,4,5,54.6,151.2551167501718,8258.52937455938,N,2/22/16,2/26/16,2/26/16,2/26/16,1,0,NA,NA,RT ctrl positive for RPV,shoot,4.5.PAV.P.5.N,0,1,1,0,0,1,1,-0.3494398046671798,-0.3285720084512572
19,5,PAV,P,4,5,54.6,151.2551167501718,8258.52937455938,N+P,2/22/16,2/26/16,2/26/16,2/26/16,1,0.5,NA,NA,RT ctrl positive for RPV,shoot,4.5.PAV.P.5.N+P,0,1,1,1,0,1,1,-0.3494398046671798,-0.3285720084512572
19,5,PAV,P,4,5,54.6,151.2551167501718,8258.52937455938,P,2/22/16,2/26/16,2/26/16,2/26/16,1,0,NA,NA,RT ctrl positive for RPV,shoot,4.5.PAV.P.5.P,0,1,0,1,0,1,1,-0.3494398046671798,-0.3285720084512572
19,5,PAV,N,3,4,145.9,215.0912310387443,31381.810608552794,N,2/16/15,2/19/16,2/19/16,2/19/16,1,0,NA,NA,NA,shoot,3.5.PAV.N.4.N,1,0,1,0,0,1,1,-0.20163528746730297,-0.03015521003855986
19,5,PAV,N,3,4,145.9,215.0912310387443,31381.810608552794,N+P,2/16/15,2/19/16,2/19/16,2/19/16,1,0,NA,NA,NA,shoot,3.5.PAV.N.4.N+P,1,0,1,1,0,1,1,-0.20163528746730297,-0.03015521003855986
19,5,PAV,N,3,4,145.9,215.0912310387443,31381.810608552794,P,2/16/15,2/19/16,2/19/16,2/19/16,0.5,0,NA,NA,NA,shoot,3.5.PAV.N.4.P,1,0,0,1,0,1,0,-0.20163528746730297,-0.03015521003855986
19,5,PAV,N,4,5,77.8,189.68139407839067,14757.212459298793,N,2/22/16,2/26/16,2/26/16,2/26/16,1,0.5,NA,NA,RT ctrl positive for RPV,shoot,4.5.PAV.N.5.N,1,0,1,0,0,1,1,-0.2604685784015692,-0.24470345275529015
19,5,PAV,N,4,5,77.8,189.68139407839067,14757.212459298793,N+P,2/22/16,2/26/16,2/26/16,2/26/16,0.5,0,NA,NA,RT ctrl positive for RPV,shoot,4.5.PAV.N.5.N+P,1,0,1,1,0,1,0,-0.2604685784015692,-0.24470345275529015
19,5,PAV,N+P,2,3,140.7,143.05353022852282,20127.631703153158,low,2/23/16,2/26/16,2/26/16,2/26/16,1,0,NA,NA,RT ctrl positive for RPV,shoot,2.5.PAV.N+P.3.low,1,1,0,0,0,1,1,-0.3684295497294407,-0.17539567153395766
19,5,PAV,N+P,2,3,140.7,143.05353022852282,20127.631703153158,N,2/23/16,2/26/16,2/26/16,2/26/16,1,0,NA,NA,RT ctrl positive for RPV,shoot,2.5.PAV.N+P.3.N,1,1,1,0,0,1,1,-0.3684295497294407,-0.17539567153395766
19,5,PAV,N+P,2,3,140.7,143.05353022852282,20127.631703153158,N+P,2/23/16,2/26/16,2/26/16,2/26/16,1,0.5,NA,NA,RT ctrl positive for RPV,shoot,2.5.PAV.N+P.3.N+P,1,1,1,1,0,1,1,-0.3684295497294407,-0.17539567153395766
19,5,PAV,N+P,2,3,140.7,143.05353022852282,20127.631703153158,P,2/23/16,2/26/16,2/26/16,2/26/16,0.5,0.5,NA,NA,RT ctrl positive for RPV,shoot,2.5.PAV.N+P.3.P,1,1,0,1,0,1,0,-0.3684295497294407,-0.17539567153395766
19,5,PAV,N+P,4,5,187.29999999999998,158.5182632969616,29690.470715520907,low,2/22/16,2/26/16,2/26/16,2/26/16,1,0,NA,NA,RT ctrl positive for RPV,shoot,4.5.PAV.N+P.5.low,1,1,0,0,0,1,1,-0.33262289968064934,-0.0519827452745305
19,5,PAV,N+P,4,5,187.29999999999998,158.5182632969616,29690.470715520907,N,2/22/16,2/26/16,2/26/16,2/26/16,0,0,NA,NA,RT ctrl positive for RPV,shoot,4.5.PAV.N+P.5.N,1,1,1,0,0,0,0,-0.33262289968064934,-0.0519827452745305
19,5,PAV,N+P,4,5,187.29999999999998,158.5182632969616,29690.470715520907,N+P,2/22/16,2/26/16,2/26/16,2/26/16,0,0.5,NA,NA,RT ctrl positive for RPV,shoot,4.5.PAV.N+P.5.N+P,1,1,1,1,0,0,0,-0.33262289968064934,-0.0519827452745305
19,5,PAV,N+P,4,5,187.29999999999998,158.5182632969616,29690.470715520907,P,2/22/16,2/26/16,2/26/16,2/26/16,0,1,NA,NA,RT ctrl positive for RPV,shoot,4.5.PAV.N+P.5.P,1,1,0,1,0,0,0,-0.33262289968064934,-0.0519827452745305
22,6,coinfection,low,2,3,38,663.7946411944091,25224.196365387546,low,3/8/16,3/11/16,3/13/16,3/13/16,0,0,NA,NA,NA,shoot,2.6.coinfection.low.3.low,0,0,0,0,1,0,0,0.8372811886232312,-0.10962211223600607
22,6,coinfection,low,2,3,38,663.7946411944091,25224.196365387546,N+P,3/8/16,3/11/16,3/13/16,3/13/16,1,1,NA,NA,NA,shoot,2.6.coinfection.low.3.N+P,0,0,1,1,1,1,1,0.8372811886232312,-0.10962211223600607
22,6,coinfection,low,2,3,38,663.7946411944091,25224.196365387546,P,3/8/16,3/11/16,3/13/16,3/13/16,1,0,NA,NA,NA,shoot,2.6.coinfection.low.3.P,0,0,0,1,1,1,1,0.8372811886232312,-0.10962211223600607
22,6,coinfection,P,4,5,99.4,436.7668616255392,43414.6260455786,low,2/8/16,2/12/16,2/12/16,2/12/16,0,0,NA,NA,NA,shoot,4.6.coinfection.P.5.low,0,1,0,0,1,0,0,0.31162683568991384,0.1251339213901284
22,6,coinfection,P,4,5,99.4,436.7668616255392,43414.6260455786,N,2/8/16,2/12/16,2/12/16,2/12/16,1,1,NA,NA,NA,shoot,4.6.coinfection.P.5.N,0,1,1,0,1,1,1,0.31162683568991384,0.1251339213901284
22,6,coinfection,P,4,5,99.4,436.7668616255392,43414.6260455786,N+P,2/8/16,2/12/16,2/12/16,2/12/16,1,0,NA,NA,NA,shoot,4.6.coinfection.P.5.N+P,0,1,1,1,1,1,1,0.31162683568991384,0.1251339213901284
22,6,coinfection,P,4,5,99.4,436.7668616255392,43414.6260455786,P,2/8/16,2/12/16,2/12/16,2/12/16,1,0,NA,NA,NA,shoot,4.6.coinfection.P.5.P,0,1,0,1,1,1,1,0.31162683568991384,0.1251339213901284
22,6,coinfection,N,2,3,83.8,678.6049160468772,56867.09196472831,low,3/8/16,3/11/16,3/13/16,3/13/16,0,1,NA,NA,NA,shoot,2.6.coinfection.N.3.low,1,0,0,0,1,0,0,0.8715725227459659,0.29874430867577756
22,6,coinfection,N,2,3,83.8,678.6049160468772,56867.09196472831,N,3/8/16,3/11/16,3/13/16,3/13/16,1,1,NA,NA,NA,shoot,2.6.coinfection.N.3.N,1,0,1,0,1,1,1,0.8715725227459659,0.29874430867577756
22,6,coinfection,N,2,3,83.8,678.6049160468772,56867.09196472831,N+P,3/8/16,3/11/16,3/13/16,3/13/16,1,1,NA,NA,NA,shoot,2.6.coinfection.N.3.N+P,1,0,1,1,1,1,1,0.8715725227459659,0.29874430867577756
22,6,coinfection,N,2,3,83.8,678.6049160468772,56867.09196472831,P,3/8/16,3/11/16,3/13/16,3/13/16,1,0.5,NA,NA,NA,shoot,2.6.coinfection.N.3.P,1,0,0,1,1,1,1,0.8715725227459659,0.29874430867577756
22,6,coinfection,N,4,5,136.3,2006.9262310489783,273544.0452919758,low,11/17/15,11/19/15,11/24/15,11/25/15,1,0,NA,NA,NA,shoot,4.6.coinfection.N.5.low,1,0,0,0,1,1,1,3.9471339480963334,3.095062099711345
22,6,coinfection,N,4,5,136.3,2006.9262310489783,273544.0452919758,N,11/17/15,11/19/15,11/24/15,11/25/15,1,1,NA,NA,NA,shoot,4.6.coinfection.N.5.N,1,0,1,0,1,1,1,3.9471339480963334,3.095062099711345
22,6,coinfection,N,4,5,136.3,2006.9262310489783,273544.0452919758,N+P,11/17/15,11/19/15,11/24/15,11/25/15,1,1,NA,NA,NA,shoot,4.6.coinfection.N.5.N+P,1,0,1,1,1,1,1,3.9471339480963334,3.095062099711345
22,6,coinfection,N,4,5,136.3,2006.9262310489783,273544.0452919758,P,11/17/15,11/19/15,11/24/15,11/25/15,1,1,NA,NA,NA,shoot,4.6.coinfection.N.5.P,1,0,0,1,1,1,1,3.9471339480963334,3.095062099711345
22,6,coinfection,N+P,3,4,121.2,71.28824150586438,8640.134870510763,low,8/18/15,8/19/15,8/21/15,8/21/15,1,0,NA,NA,NA,shoot,3.6.coinfection.N+P.4.low,1,1,0,0,1,1,1,-0.5345930759649516,-0.32364721040005806
22,6,coinfection,N+P,3,4,121.2,71.28824150586438,8640.134870510763,N,8/18/15,8/19/15,8/21/15,8/21/15,1,1,NA,NA,NA,shoot,3.6.coinfection.N+P.4.N,1,1,1,0,1,1,1,-0.5345930759649516,-0.32364721040005806
22,6,coinfection,N+P,3,4,121.2,71.28824150586438,8640.134870510763,N+P,8/18/15,8/19/15,8/21/15,8/21/15,0.5,1,NA,NA,NA,shoot,3.6.coinfection.N+P.4.N+P,1,1,1,1,1,1,0,-0.5345930759649516,-0.32364721040005806
22,6,coinfection,N+P,3,4,121.2,71.28824150586438,8640.134870510763,P,8/18/15,8/19/15,8/21/15,8/21/15,1,1,NA,NA,NA,shoot,3.6.coinfection.N+P.4.P,1,1,0,1,1,1,1,-0.5345930759649516,-0.32364721040005806
22,6,PAV,low,2,3,65.3,68.84611499298292,4495.651309041785,low,2/23/16,2/26/16,2/26/16,2/26/16,0.5,0.5,NA,NA,RT ctrl positive for RPV,shoot,2.6.PAV.low.3.low,0,0,0,0,0,1,0,-0.5402475136480749,-0.377133716184948
22,6,PAV,low,2,3,65.3,68.84611499298292,4495.651309041785,N,2/23/16,2/26/16,2/26/16,2/26/16,0,0.5,NA,NA,RT ctrl positive for RPV,shoot,2.6.PAV.low.3.N,0,0,1,0,0,0,0,-0.5402475136480749,-0.377133716184948
22,6,PAV,low,2,3,65.3,68.84611499298292,4495.651309041785,N+P,2/23/16,2/26/16,2/26/16,2/26/16,1,0,NA,NA,RT ctrl positive for RPV,shoot,2.6.PAV.low.3.N+P,0,0,1,1,0,1,1,-0.5402475136480749,-0.377133716184948
22,6,PAV,low,3,4,120.5,80.92423621512188,9751.370463922187,low,2/11/16,2/12/16,2/12/16,2/12/16,1,0,NA,NA,NA,shoot,3.6.PAV.low.4.low,0,0,0,0,0,1,1,-0.5122821386277565,-0.30930619345214455
22,6,PAV,low,3,4,120.5,80.92423621512188,9751.370463922187,N,2/11/16,2/12/16,2/12/16,2/12/16,0,0,NA,NA,NA,shoot,3.6.PAV.low.4.N,0,0,1,0,0,0,0,-0.5122821386277565,-0.30930619345214455
22,6,PAV,low,3,4,120.5,80.92423621512188,9751.370463922187,N+P,2/11/16,2/12/16,2/12/16,2/12/16,1,1,NA,NA,NA,shoot,3.6.PAV.low.4.N+P,0,0,1,1,0,1,1,-0.5122821386277565,-0.30930619345214455
22,6,PAV,low,4,5,154.29999999999998,90.66742051796099,13989.982985921379,low,2/22/16,2/26/16,2/26/16,2/26/16,1,0.5,NA,NA,RT ctrl positive for RPV,shoot,4.6.PAV.low.5.low,0,0,0,0,0,1,1,-0.48972301722884726,-0.2546049092473975
22,6,PAV,low,4,5,154.29999999999998,90.66742051796099,13989.982985921379,N,2/22/16,2/26/16,2/26/16,2/26/16,1,0,NA,NA,RT ctrl positive for RPV,shoot,4.6.PAV.low.5.N,0,0,1,0,0,1,1,-0.48972301722884726,-0.2546049092473975
22,6,PAV,low,4,5,154.29999999999998,90.66742051796099,13989.982985921379,N+P,2/22/16,2/26/16,2/26/16,2/26/16,1,0.5,NA,NA,RT ctrl positive for RPV,shoot,4.6.PAV.low.5.N+P,0,0,1,1,0,1,1,-0.48972301722884726,-0.2546049092473975
22,6,PAV,low,4,5,154.29999999999998,90.66742051796099,13989.982985921379,P,2/22/16,2/26/16,2/26/16,2/26/16,0.5,0.5,NA,NA,RT ctrl positive for RPV,shoot,4.6.PAV.low.5.P,0,0,0,1,0,1,0,-0.48972301722884726,-0.2546049092473975
22,6,PAV,P,3,4,92.39999999999999,205.71592865802484,19008.151808001494,low,2/16/15,2/19/16,2/19/16,2/19/16,1,0,NA,NA,NA,shoot,3.6.PAV.P.4.low,0,1,0,0,0,1,1,-0.22334262441016503,-0.1898430850657113
22,6,PAV,P,3,4,92.39999999999999,205.71592865802484,19008.151808001494,P,2/16/15,2/19/16,2/19/16,2/19/16,1,0,NA,NA,NA,shoot,3.6.PAV.P.4.P,0,1,0,1,0,1,1,-0.22334262441016503,-0.1898430850657113
22,6,PAV,P,4,5,124.5,84.39598914300309,10507.300648303884,low,2/22/16,2/26/16,2/26/16,2/26/16,1,0,NA,NA,RT ctrl positive for RPV,shoot,4.6.PAV.P.5.low,0,1,0,0,0,1,1,-0.5042437301020891,-0.29955055958842286
22,6,PAV,P,4,5,124.5,84.39598914300309,10507.300648303884,N,2/22/16,2/26/16,2/26/16,2/26/16,0.5,1,NA,NA,RT ctrl positive for RPV,shoot,4.6.PAV.P.5.N,0,1,1,0,0,1,0,-0.5042437301020891,-0.29955055958842286
22,6,PAV,N,3,4,88.9,107.33398863284563,9541.991589459978,N,2/16/15,2/19/16,2/19/16,2/19/16,1,0,NA,NA,NA,shoot,3.6.PAV.N.4.N,1,0,1,0,0,1,1,-0.45113366884740347,-0.3120083261097023
22,6,PAV,N,3,4,88.9,107.33398863284563,9541.991589459978,N+P,2/16/15,2/19/16,2/19/16,2/19/16,1,1,NA,NA,NA,shoot,3.6.PAV.N.4.N+P,1,0,1,1,0,1,1,-0.45113366884740347,-0.3120083261097023
22,6,PAV,N,3,4,88.9,107.33398863284563,9541.991589459978,P,2/16/15,2/19/16,2/19/16,2/19/16,1,0,NA,NA,NA,shoot,3.6.PAV.N.4.P,1,0,0,1,0,1,1,-0.45113366884740347,-0.3120083261097023
22,6,PAV,N,4,5,88.9,175.6385757589463,15614.269384970326,low,11/17/15,11/19/15,11/24/15,11/25/15,1,0,NA,NA,NA,shoot,4.6.PAV.N.5.low,1,0,0,0,0,1,1,-0.2929829631657843,-0.23364273082624415
22,6,PAV,N,4,5,88.9,175.6385757589463,15614.269384970326,N,11/17/15,11/19/15,11/24/15,11/25/15,1,0,NA,NA,NA,shoot,4.6.PAV.N.5.N,1,0,1,0,0,1,1,-0.2929829631657843,-0.23364273082624415
22,6,PAV,N,4,5,88.9,175.6385757589463,15614.269384970326,N+P,11/17/15,11/19/15,11/24/15,11/25/15,1,1,NA,NA,NA,shoot,4.6.PAV.N.5.N+P,1,0,1,1,0,1,1,-0.2929829631657843,-0.23364273082624415
22,6,PAV,N,4,5,88.9,175.6385757589463,15614.269384970326,P,11/17/15,11/19/15,11/24/15,11/25/15,1,0,NA,NA,NA,shoot,4.6.PAV.N.5.P,1,0,0,1,0,1,1,-0.2929829631657843,-0.23364273082624415
22,6,PAV,N+P,3,4,133.5,402.4233657957694,53723.51933373522,low,12/15/15,1/6/16,1/7/16,1/7/16,0,0,NA,NA,PAV ctrl didn't show up,shoot,3.6.PAV.N+P.4.low,1,1,0,0,0,0,0,0.23210877797843754,0.2581750282771268
22,6,PAV,N+P,3,4,133.5,402.4233657957694,53723.51933373522,N,12/15/15,1/6/16,1/7/16,1/7/16,1,1,NA,NA,PAV ctrl didn't show up,shoot,3.6.PAV.N+P.4.N,1,1,1,0,0,1,1,0.23210877797843754,0.2581750282771268
22,6,PAV,N+P,3,4,133.5,402.4233657957694,53723.51933373522,P,12/15/15,1/6/16,1/7/16,1/7/16,0,0,NA,NA,PAV ctrl didn't show up,shoot,3.6.PAV.N+P.4.P,1,1,0,1,0,0,0,0.23210877797843754,0.2581750282771268
22,6,PAV,N+P,4,5,202.2,390.5464910043019,78968.50048106984,low,2/22/16,2/26/16,2/26/16,2/26/16,1,1,NA,NA,RT ctrl positive for RPV,shoot,4.6.PAV.N+P.5.low,1,1,0,0,0,1,1,0.20460936383081776,0.5839733599992487
22,6,PAV,N+P,4,5,202.2,390.5464910043019,78968.50048106984,N,2/22/16,2/26/16,2/26/16,2/26/16,1,1,NA,NA,RT ctrl positive for RPV,shoot,4.6.PAV.N+P.5.N,1,1,1,0,0,1,1,0.20460936383081776,0.5839733599992487
22,6,PAV,N+P,4,5,202.2,390.5464910043019,78968.50048106984,N+P,2/22/16,2/26/16,2/26/16,2/26/16,1,1,NA,NA,RT ctrl positive for RPV,shoot,4.6.PAV.N+P.5.N+P,1,1,1,1,0,1,1,0.20460936383081776,0.5839733599992487
22,6,PAV,N+P,4,5,202.2,390.5464910043019,78968.50048106984,P,2/22/16,2/26/16,2/26/16,2/26/16,0,0.5,NA,NA,RT ctrl positive for RPV,shoot,4.6.PAV.N+P.5.P,1,1,0,1,0,0,0,0.20460936383081776,0.5839733599992487
26,7,coinfection,low,2,3,52.3,165.33145656382808,8646.83517828821,low,3/8/16,3/11/16,3/13/16,3/13/16,1,1,NA,NA,NA,shoot,2.7.coinfection.low.3.low,0,0,0,0,1,1,1,-0.3168478050869153,-0.32356073978305994
26,7,coinfection,low,2,3,52.3,165.33145656382808,8646.83517828821,N+P,3/8/16,3/11/16,3/13/16,3/13/16,1,1,NA,NA,NA,shoot,2.7.coinfection.low.3.N+P,0,0,1,1,1,1,1,-0.3168478050869153,-0.32356073978305994
26,7,coinfection,low,2,3,52.3,165.33145656382808,8646.83517828821,P,3/8/16,3/11/16,3/13/16,3/13/16,1,1,NA,NA,NA,shoot,2.7.coinfection.low.3.P,0,0,0,1,1,1,1,-0.3168478050869153,-0.32356073978305994
26,7,coinfection,low,4,5,115.7,90.35282826295354,10453.822230023725,low,2/8/16,2/12/16,2/12/16,2/12/16,0.5,1,NA,NA,NA,shoot,4.7.coinfection.low.5.low,0,0,0,0,1,1,0,-0.49045141614354304,-0.3002407236791436
26,7,coinfection,low,4,5,115.7,90.35282826295354,10453.822230023725,N,2/8/16,2/12/16,2/12/16,2/12/16,0.5,0.5,NA,NA,NA,shoot,4.7.coinfection.low.5.N,0,0,1,0,1,1,0,-0.49045141614354304,-0.3002407236791436
26,7,coinfection,low,4,5,115.7,90.35282826295354,10453.822230023725,N+P,2/8/16,2/12/16,2/12/16,2/12/16,0,0,NA,NA,NA,shoot,4.7.coinfection.low.5.N+P,0,0,1,1,1,0,0,-0.49045141614354304,-0.3002407236791436
26,7,coinfection,low,4,5,115.7,90.35282826295354,10453.822230023725,P,2/8/16,2/12/16,2/12/16,2/12/16,1,1,NA,NA,NA,shoot,4.7.coinfection.low.5.P,0,0,0,1,1,1,1,-0.49045141614354304,-0.3002407236791436
26,7,coinfection,P,4,5,153.10000000000002,234.41940167839542,35889.610396962344,low,2/8/16,2/12/16,2/12/16,2/12/16,0,0,NA,NA,NA,shoot,4.7.coinfection.P.5.low,0,1,0,0,1,0,0,-0.15688333222083722,0.02802006219594622
26,7,coinfection,P,4,5,153.10000000000002,234.41940167839542,35889.610396962344,N,2/8/16,2/12/16,2/12/16,2/12/16,0,0,NA,NA,NA,shoot,4.7.coinfection.P.5.N,0,1,1,0,1,0,0,-0.15688333222083722,0.02802006219594622
26,7,coinfection,P,4,5,153.10000000000002,234.41940167839542,35889.610396962344,N+P,2/8/16,2/12/16,2/12/16,2/12/16,0,0,NA,NA,NA,shoot,4.7.coinfection.P.5.N+P,0,1,1,1,1,0,0,-0.15688333222083722,0.02802006219594622
26,7,coinfection,P,4,5,153.10000000000002,234.41940167839542,35889.610396962344,P,2/8/16,2/12/16,2/12/16,2/12/16,0,0,NA,NA,NA,shoot,4.7.coinfection.P.5.P,0,1,0,1,1,0,0,-0.15688333222083722,0.02802006219594622
26,7,coinfection,N,4,5,92,760.3490693565368,69952.11438080139,low,2/8/16,2/12/16,2/12/16,2/12/16,0,1,NA,NA,NA,shoot,4.7.coinfection.N.5.low,1,0,0,0,1,0,0,1.0608408585226285,0.4676126650759278
26,7,coinfection,N,4,5,92,760.3490693565368,69952.11438080139,N,2/8/16,2/12/16,2/12/16,2/12/16,1,1,NA,NA,NA,shoot,4.7.coinfection.N.5.N,1,0,1,0,1,1,1,1.0608408585226285,0.4676126650759278
26,7,coinfection,N+P,2,3,82.10000000000001,61.37431448829756,5038.83121948923,low,3/8/16,3/11/16,3/13/16,3/13/16,0,1,NA,NA,NA,shoot,2.7.coinfection.N+P.3.low,1,1,0,0,1,0,0,-0.5575475307076425,-0.3701237244715087
26,7,coinfection,N+P,2,3,82.10000000000001,61.37431448829756,5038.83121948923,N,3/8/16,3/11/16,3/13/16,3/13/16,0,1,NA,NA,NA,shoot,2.7.coinfection.N+P.3.N,1,1,1,0,1,0,0,-0.5575475307076425,-0.3701237244715087
26,7,coinfection,N+P,2,3,82.10000000000001,61.37431448829756,5038.83121948923,N+P,3/8/16,3/11/16,3/13/16,3/13/16,1,1,NA,NA,NA,shoot,2.7.coinfection.N+P.3.N+P,1,1,1,1,1,1,1,-0.5575475307076425,-0.3701237244715087
26,7,coinfection,N+P,2,3,82.10000000000001,61.37431448829756,5038.83121948923,P,3/8/16,3/11/16,3/13/16,3/13/16,0.5,1,NA,NA,NA,shoot,2.7.coinfection.N+P.3.P,1,1,0,1,1,1,0,-0.5575475307076425,-0.3701237244715087
26,7,PAV,low,3,4,101,332.5641510862973,33588.97925971603,low,2/11/16,2/12/16,2/12/16,2/12/16,1,0,NA,NA,NA,shoot,3.7.PAV.low.4.low,0,0,0,0,0,1,1,0.07035852708723526,-0.0016706625484434242
26,7,PAV,low,3,4,101,332.5641510862973,33588.97925971603,N,2/11/16,2/12/16,2/12/16,2/12/16,1,0,NA,NA,NA,shoot,3.7.PAV.low.4.N,0,0,1,0,0,1,1,0.07035852708723526,-0.0016706625484434242
26,7,PAV,low,3,4,101,332.5641510862973,33588.97925971603,N+P,2/11/16,2/12/16,2/12/16,2/12/16,1,0,NA,NA,NA,shoot,3.7.PAV.low.4.N+P,0,0,1,1,0,1,1,0.07035852708723526,-0.0016706625484434242
26,7,PAV,P,3,4,92.82,403.2130433437889,37426.234683170485,low,2/11/16,2/12/16,2/12/16,2/12/16,1,0,NA,NA,NA,shoot,3.7.PAV.P.4.low,0,1,0,0,0,1,1,0.23393717731052996,0.04785091990221809
26,7,PAV,P,3,4,92.82,403.2130433437889,37426.234683170485,P,2/11/16,2/12/16,2/12/16,2/12/16,0,0,NA,NA,NA,shoot,3.7.PAV.P.4.P,0,1,0,1,0,0,0,0.23393717731052996,0.04785091990221809
26,7,PAV,P,4,5,100.6,904.7093128774906,91013.75687547555,low,1/27/16,2/1/16,2/1/16,2/1/16,1,0,NA,NA,NA,shoot,4.7.PAV.P.5.low,0,1,0,0,0,1,1,1.3950888987466374,0.7394230478227206
26,7,PAV,P,4,5,100.6,904.7093128774906,91013.75687547555,N,1/27/16,2/1/16,2/1/16,2/1/16,1,0,NA,NA,NA,shoot,4.7.PAV.P.5.N,0,1,1,0,0,1,1,1.3950888987466374,0.7394230478227206
26,7,PAV,P,4,5,100.6,904.7093128774906,91013.75687547555,N+P,1/27/16,2/1/16,2/1/16,2/1/16,1,0.5,NA,NA,NA,shoot,4.7.PAV.P.5.N+P,0,1,1,1,0,1,1,1.3950888987466374,0.7394230478227206
26,7,PAV,P,4,5,100.6,904.7093128774906,91013.75687547555,P,1/27/16,2/1/16,2/1/16,2/1/16,0,0,NA,NA,NA,shoot,4.7.PAV.P.5.P,0,1,0,1,0,0,0,1.3950888987466374,0.7394230478227206
26,7,PAV,N,3,4,142.1,153.1284711483852,21759.555750185533,low,2/11/16,2/12/16,2/12/16,2/12/16,1,0,NA,NA,NA,shoot,3.7.PAV.N.4.low,1,0,0,0,0,1,1,-0.3451022874881029,-0.1543349256804597
26,7,PAV,N,3,4,142.1,153.1284711483852,21759.555750185533,N,2/11/16,2/12/16,2/12/16,2/12/16,1,0,NA,NA,NA,shoot,3.7.PAV.N.4.N,1,0,1,0,0,1,1,-0.3451022874881029,-0.1543349256804597
26,7,PAV,N,3,4,142.1,153.1284711483852,21759.555750185533,N+P,2/11/16,2/12/16,2/12/16,2/12/16,1,0,NA,NA,NA,shoot,3.7.PAV.N.4.N+P,1,0,1,1,0,1,1,-0.3451022874881029,-0.1543349256804597
26,7,PAV,N,3,4,142.1,153.1284711483852,21759.555750185533,P,2/11/16,2/12/16,2/12/16,2/12/16,1,0,NA,NA,NA,shoot,3.7.PAV.N.4.P,1,0,0,1,0,1,1,-0.3451022874881029,-0.1543349256804597
26,7,PAV,N+P,3,4,101.5,212.5380566313906,21572.612748086143,N+P,2/11/16,2/12/16,2/12/16,2/12/16,1,1,NA,NA,NA,shoot,3.7.PAV.N+P.4.N+P,1,1,1,1,0,1,1,-0.2075468426239982,-0.1567475128737576
26,7,PAV,N+P,3,4,101.5,212.5380566313906,21572.612748086143,P,2/11/16,2/12/16,2/12/16,2/12/16,0.5,1,NA,NA,NA,shoot,3.7.PAV.N+P.4.P,1,1,0,1,0,1,0,-0.2075468426239982,-0.1567475128737576
26,7,PAV,N+P,4,5,94.60000000000001,92.1946126078185,8721.61035269963,low,1/27/16,2/1/16,2/1/16,2/1/16,1,1,NA,NA,NA,shoot,4.7.PAV.N+P.5.low,1,1,0,0,0,1,1,-0.48618699546391864,-0.32259573105774964
26,7,PAV,N+P,4,5,94.60000000000001,92.1946126078185,8721.61035269963,N,1/27/16,2/1/16,2/1/16,2/1/16,1,0,NA,NA,NA,shoot,4.7.PAV.N+P.5.N,1,1,1,0,0,1,1,-0.48618699546391864,-0.32259573105774964
26,7,PAV,N+P,4,5,94.60000000000001,92.1946126078185,8721.61035269963,N+P,1/27/16,2/1/16,2/1/16,2/1/16,1,0,NA,NA,NA,shoot,4.7.PAV.N+P.5.N+P,1,1,1,1,0,1,1,-0.48618699546391864,-0.32259573105774964
26,7,PAV,N+P,4,5,94.60000000000001,92.1946126078185,8721.61035269963,P,1/27/16,2/1/16,2/1/16,2/1/16,1,0,NA,NA,NA,shoot,4.7.PAV.N+P.5.P,1,1,0,1,0,1,1,-0.48618699546391864,-0.32259573105774964
29,8,coinfection,low,3,4,133.8,1711.6969247747181,229025.0485348573,P,3/3/16,3/4/16,3/5/16,3/5/16,0,1,NA,NA,NA,shoot,3.8.coinfection.low.4.P,0,0,0,1,1,0,0,3.2635675129611514,2.5205235493055302
29,8,coinfection,low,3,4,133.8,1711.6969247747181,229025.0485348573,low,3/3/16,3/4/16,3/5/16,3/5/16,1,1,NA,NA,NA,shoot,3.8.coinfection.low.4.low,0,0,0,0,1,1,1,3.2635675129611514,2.5205235493055302
29,8,coinfection,low,3,4,133.8,1711.6969247747181,229025.0485348573,N,3/3/16,3/4/16,3/5/16,3/5/16,0,1,NA,NA,NA,shoot,3.8.coinfection.low.4.N,0,0,1,0,1,0,0,3.2635675129611514,2.5205235493055302
29,8,coinfection,low,3,4,133.8,1711.6969247747181,229025.0485348573,N+P,3/3/16,3/4/16,3/5/16,3/5/16,1,1,NA,NA,NA,shoot,3.8.coinfection.low.4.N+P,0,0,1,1,1,1,1,3.2635675129611514,2.5205235493055302
29,8,coinfection,P,3,4,137.6,590.5457075860395,81259.08936383903,low,2/9/16,2/12/16,2/12/16,2/12/16,1,1,NA,NA,NA,shoot,3.8.coinfection.P.4.low,0,1,0,0,1,1,1,0.6676824687129094,0.6135344847357681
29,8,coinfection,P,3,4,137.6,590.5457075860395,81259.08936383903,N,2/9/16,2/12/16,2/12/16,2/12/16,1,1,NA,NA,NA,shoot,3.8.coinfection.P.4.N,0,1,1,0,1,1,1,0.6676824687129094,0.6135344847357681
29,8,coinfection,P,3,4,137.6,590.5457075860395,81259.08936383903,N+P,2/9/16,2/12/16,2/12/16,2/12/16,1,1,NA,NA,NA,shoot,3.8.coinfection.P.4.N+P,0,1,1,1,1,1,1,0.6676824687129094,0.6135344847357681
29,8,coinfection,P,3,4,137.6,590.5457075860395,81259.08936383903,P,2/9/16,2/12/16,2/12/16,2/12/16,0.5,0,NA,NA,NA,shoot,3.8.coinfection.P.4.P,0,1,0,1,1,1,0,0.6676824687129094,0.6135344847357681
29,8,coinfection,P,4,5,76.30000000000001,1237.6367056563554,94431.68064157994,low,2/8/16,2/12/16,2/12/16,2/12/16,0.5,0.5,NA,NA,NA,shoot,4.8.coinfection.P.5.low,0,1,0,0,1,1,0,2.1659405256148907,0.7835329584006404
29,8,coinfection,P,4,5,76.30000000000001,1237.6367056563554,94431.68064157994,N,2/8/16,2/12/16,2/12/16,2/12/16,1,1,NA,NA,NA,shoot,4.8.coinfection.P.5.N,0,1,1,0,1,1,1,2.1659405256148907,0.7835329584006404
29,8,coinfection,P,4,5,76.30000000000001,1237.6367056563554,94431.68064157994,N+P,2/8/16,2/12/16,2/12/16,2/12/16,1,1,NA,NA,NA,shoot,4.8.coinfection.P.5.N+P,0,1,1,1,1,1,1,2.1659405256148907,0.7835329584006404
29,8,coinfection,P,4,5,76.30000000000001,1237.6367056563554,94431.68064157994,P,2/8/16,2/12/16,2/12/16,2/12/16,1,1,NA,NA,NA,shoot,4.8.coinfection.P.5.P,0,1,0,1,1,1,1,2.1659405256148907,0.7835329584006404
29,8,coinfection,N,2,3,91.89999999999999,63.869292276776065,5869.58796023572,low,3/9/16,3/11/16,3/13/16,3/13/16,0,0,NA,NA,NA,shoot,2.8.coinfection.N.3.low,1,0,0,0,1,0,0,-0.5517707225237444,-0.3594024187742497
29,8,coinfection,N,2,3,91.89999999999999,63.869292276776065,5869.58796023572,N,3/9/16,3/11/16,3/13/16,3/13/16,1,0,NA,NA,NA,shoot,2.8.coinfection.N.3.N,1,0,1,0,1,1,1,-0.5517707225237444,-0.3594024187742497
29,8,coinfection,N,2,3,91.89999999999999,63.869292276776065,5869.58796023572,N+P,3/9/16,3/11/16,3/13/16,3/13/16,1,0,NA,NA,NA,shoot,2.8.coinfection.N.3.N+P,1,0,1,1,1,1,1,-0.5517707225237444,-0.3594024187742497
29,8,coinfection,N,3,4,189.6,417.7321050164672,79202.00711112218,low,3/3/16,3/4/16,3/5/16,3/5/16,1,1,NA,NA,NA,shoot,3.8.coinfection.N.4.low,1,0,0,0,1,1,1,0.2675542438353577,0.5869868726682862
29,8,coinfection,N,3,4,189.6,417.7321050164672,79202.00711112218,N,3/3/16,3/4/16,3/5/16,3/5/16,0,0,NA,NA,NA,shoot,3.8.coinfection.N.4.N,1,0,1,0,1,0,0,0.2675542438353577,0.5869868726682862
29,8,coinfection,N,3,4,189.6,417.7321050164672,79202.00711112218,N+P,3/3/16,3/4/16,3/5/16,3/5/16,1,0,NA,NA,NA,shoot,3.8.coinfection.N.4.N+P,1,0,1,1,1,1,1,0.2675542438353577,0.5869868726682862
29,8,coinfection,N,3,4,189.6,417.7321050164672,79202.00711112218,P,3/3/16,3/4/16,3/5/16,3/5/16,0.5,1,NA,NA,NA,shoot,3.8.coinfection.N.4.P,1,0,0,1,1,1,0,0.2675542438353577,0.5869868726682862
29,8,coinfection,N,4,5,187,130.1357363263188,24335.382693021616,low,10/6/15,10/10/15,10/10/15,10/11/15,0,1,NA,NA,NA,shoot,4.8.coinfection.N.5.low,1,0,0,0,1,0,0,-0.3983390815404107,-0.12109266988778733
29,8,coinfection,N,4,5,187,130.1357363263188,24335.382693021616,N,10/5/15,10/10/15,10/10/15,10/11/15,0,1,NA,NA,NA,shoot,4.8.coinfection.N.5.N,1,0,1,0,1,0,0,-0.3983390815404107,-0.12109266988778733
29,8,coinfection,N,4,5,187,130.1357363263188,24335.382693021616,N+P,10/5/15,10/10/15,10/10/15,10/11/15,0,1,NA,NA,NA,shoot,4.8.coinfection.N.5.N+P,1,0,1,1,1,0,0,-0.3983390815404107,-0.12109266988778733
29,8,coinfection,N,4,5,187,130.1357363263188,24335.382693021616,P,10/6/15,10/10/15,10/10/15,10/11/15,1,1,NA,NA,NA,shoot,4.8.coinfection.N.5.P,1,0,0,1,1,1,1,-0.3983390815404107,-0.12109266988778733
29,8,coinfection,N+P,2,3,71.3,103.93289526176021,7410.415432163502,N,3/8/16,3/11/16,3/13/16,3/13/16,0,1,NA,NA,NA,shoot,2.8.coinfection.N+P.3.N,1,1,1,0,1,0,0,-0.45900847403044653,-0.33951731698328685
29,8,coinfection,N+P,2,3,71.3,103.93289526176021,7410.415432163502,N+P,3/8/16,3/11/16,3/13/16,3/13/16,0,1,NA,NA,NA,shoot,2.8.coinfection.N+P.3.N+P,1,1,1,1,1,0,0,-0.45900847403044653,-0.33951731698328685
29,8,coinfection,N+P,4,5,164.5,64.3141372915059,10579.675584452722,low,2/8/16,2/12/16,2/12/16,2/12/16,0,1,NA,NA,NA,shoot,4.8.coinfection.N+P.5.low,1,1,0,0,1,0,0,-0.5507407396783962,-0.2986165270645651
29,8,coinfection,N+P,4,5,164.5,64.3141372915059,10579.675584452722,N,2/8/16,2/12/16,2/12/16,2/12/16,1,1,NA,NA,NA,shoot,4.8.coinfection.N+P.5.N,1,1,1,0,1,1,1,-0.5507407396783962,-0.2986165270645651
29,8,coinfection,N+P,4,5,164.5,64.3141372915059,10579.675584452722,N+P,2/8/16,2/12/16,2/12/16,2/12/16,1,1,NA,NA,NA,shoot,4.8.coinfection.N+P.5.N+P,1,1,1,1,1,1,1,-0.5507407396783962,-0.2986165270645651
29,8,coinfection,N+P,4,5,164.5,64.3141372915059,10579.675584452722,P,2/8/16,2/12/16,2/12/16,2/12/16,0.5,1,NA,NA,NA,shoot,4.8.coinfection.N+P.5.P,1,1,0,1,1,1,0,-0.5507407396783962,-0.2986165270645651
29,8,PAV,low,3,4,74.7,598.633368474339,44717.912625033125,low,2/11/16,2/12/16,2/12/16,2/12/16,1,0,NA,NA,NA,shoot,3.8.PAV.low.4.low,0,0,0,0,0,1,1,0.686408433258114,0.14195344646182545
29,8,PAV,low,3,4,74.7,598.633368474339,44717.912625033125,N,2/11/16,2/12/16,2/12/16,2/12/16,0,1,NA,NA,NA,shoot,3.8.PAV.low.4.N,0,0,1,0,0,0,0,0.686408433258114,0.14195344646182545
29,8,PAV,low,3,4,74.7,598.633368474339,44717.912625033125,N+P,2/11/16,2/12/16,2/12/16,2/12/16,1,0,NA,NA,NA,shoot,3.8.PAV.low.4.N+P,0,0,1,1,0,1,1,0.686408433258114,0.14195344646182545
29,8,PAV,P,3,4,115.3,84.41250466863747,9732.7617882939,low,2/11/16,2/12/16,2/12/16,2/12/16,1,0,NA,NA,NA,shoot,3.8.PAV.P.4.low,0,1,0,0,0,1,1,-0.5042054904736296,-0.30954634714605583
29,8,PAV,P,3,4,115.3,84.41250466863747,9732.7617882939,N,2/11/16,2/12/16,2/12/16,2/12/16,1,0,NA,NA,NA,shoot,3.8.PAV.P.4.N,0,1,1,0,0,1,1,-0.5042054904736296,-0.30954634714605583
29,8,PAV,P,3,4,115.3,84.41250466863747,9732.7617882939,P,2/11/16,2/12/16,2/12/16,2/12/16,0.5,0,NA,NA,NA,shoot,3.8.PAV.P.4.P,0,1,0,1,0,1,0,-0.5042054904736296,-0.30954634714605583
29,8,PAV,P,4,5,212.5,65.88731852209611,14001.055185945423,low,1/27/16,2/1/16,2/1/16,2/1/16,1,0,NA,NA,NA,shoot,4.8.PAV.P.5.low,0,1,0,0,0,1,1,-0.5470982358254178,-0.25446201730878704
29,8,PAV,P,4,5,212.5,65.88731852209611,14001.055185945423,N,1/27/16,2/1/16,2/1/16,2/1/16,1,0,NA,NA,NA,shoot,4.8.PAV.P.5.N,0,1,1,0,0,1,1,-0.5470982358254178,-0.25446201730878704
29,8,PAV,P,4,5,212.5,65.88731852209611,14001.055185945423,N+P,1/27/16,2/1/16,2/1/16,2/1/16,1,0,NA,NA,NA,shoot,4.8.PAV.P.5.N+P,0,1,1,1,0,1,1,-0.5470982358254178,-0.25446201730878704
29,8,PAV,P,4,5,212.5,65.88731852209611,14001.055185945423,P,1/27/16,2/1/16,2/1/16,2/1/16,1,0.5,NA,NA,NA,shoot,4.8.PAV.P.5.P,0,1,0,1,0,1,1,-0.5470982358254178,-0.25446201730878704
29,8,PAV,N,3,4,108,89.17692602868473,9631.108011097951,N,2/11/16,2/12/16,2/12/16,2/12/16,1,1,NA,NA,NA,shoot,3.8.PAV.N.4.N,1,0,1,0,0,1,1,-0.49317407030173127,-0.3108582368571396
29,8,PAV,N,3,4,108,89.17692602868473,9631.108011097951,N+P,2/11/16,2/12/16,2/12/16,2/12/16,0.5,1,NA,NA,NA,shoot,3.8.PAV.N.4.N+P,1,0,1,1,0,1,0,-0.49317407030173127,-0.3108582368571396
29,8,PAV,N,3,4,108,89.17692602868473,9631.108011097951,P,2/11/16,2/12/16,2/12/16,2/12/16,1,1,NA,NA,NA,shoot,3.8.PAV.N.4.P,1,0,0,1,0,1,1,-0.49317407030173127,-0.3108582368571396
29,8,PAV,N,4,5,258.1,106.39576718889604,27460.747511454072,low,10/6/15,10/10/15,10/10/15,10/11/15,1,0.5,NA,NA,NA,shoot,4.8.PAV.N.5.low,1,0,0,0,0,1,1,-0.4533060029422179,-0.08075836985699437
29,8,PAV,N,4,5,258.1,106.39576718889604,27460.747511454072,N,10/6/15,10/10/15,10/10/15,10/11/15,1,0,NA,NA,NA,shoot,4.8.PAV.N.5.N,1,0,1,0,0,1,1,-0.4533060029422179,-0.08075836985699437
29,8,PAV,N,4,5,258.1,106.39576718889604,27460.747511454072,N+P,10/5/15,10/10/15,10/10/15,10/11/15,1,0,NA,NA,NA,shoot,4.8.PAV.N.5.N+P,1,0,1,1,0,1,1,-0.4533060029422179,-0.08075836985699437
29,8,PAV,N,4,5,258.1,106.39576718889604,27460.747511454072,P,10/6/15,10/10/15,10/10/15,10/11/15,1,1,NA,NA,NA,shoot,4.8.PAV.N.5.P,1,0,0,1,0,1,1,-0.4533060029422179,-0.08075836985699437
5,1,coinfection,N+P,1,1,92.80000000000001,91.17135064634493,8460.70133998081,low,3/22/16,3/25/16,3/25/16,3/26/16,1,0,NA,NA,NA,shoot,1.1.coinfection.N+P.1.low,1,1,0,0,1,1,1,-0.488556230212464,-0.3259628843378
5,1,coinfection,N+P,1,1,92.80000000000001,91.17135064634493,8460.70133998081,N,3/22/16,3/25/16,3/25/16,3/26/16,0,1,NA,NA,NA,shoot,1.1.coinfection.N+P.1.N,1,1,1,0,1,0,0,-0.488556230212464,-0.3259628843378
5,1,coinfection,N+P,1,1,92.80000000000001,91.17135064634493,8460.70133998081,N+P,3/22/16,3/25/16,3/25/16,3/26/16,0.5,0,NA,NA,NA,shoot,1.1.coinfection.N+P.1.N+P,1,1,1,1,1,1,0,-0.488556230212464,-0.3259628843378
5,1,coinfection,N+P,1,1,92.80000000000001,91.17135064634493,8460.70133998081,P,3/22/16,3/25/16,3/25/16,3/26/16,1,0,NA,NA,NA,shoot,1.1.coinfection.N+P.1.P,1,1,0,1,1,1,1,-0.488556230212464,-0.3259628843378
5,1,coinfection,P,1,1,68.4,106.66101810378913,7295.613638299177,N,8/18/15,8/19/15,8/21/15,8/21/15,0,1,NA,NA,NA,shoot,1.1.coinfection.P.1.N,0,1,1,0,1,0,0,-0.45269184771285403,-0.3409988880211664
5,1,coinfection,P,1,1,68.4,106.66101810378913,7295.613638299177,N+P,8/18/15,8/19/15,8/21/15,8/21/15,1,1,NA,NA,NA,shoot,1.1.coinfection.P.1.N+P,0,1,1,1,1,1,1,-0.45269184771285403,-0.3409988880211664
5,1,coinfection,P,1,1,68.4,106.66101810378913,7295.613638299177,low,3/22/16,3/25/16,3/25/16,3/26/16,0,0,NA,NA,NA,shoot,1.1.coinfection.P.1.low,0,1,0,0,1,0,0,-0.45269184771285403,-0.3409988880211664
5,1,coinfection,P,1,1,68.4,106.66101810378913,7295.613638299177,P,3/22/16,3/25/16,3/25/16,3/26/16,0,0,NA,NA,NA,shoot,1.1.coinfection.P.1.P,0,1,0,1,1,0,0,-0.45269184771285403,-0.3409988880211664
8,2,coinfection,P,1,1,11.299999999999999,295.4303520426973,3338.362978082479,low,8/13/15,8/19/15,8/21/15,8/21/15,0,1,NA,NA,NA,shoot,1.2.coinfection.P.1.low,0,1,0,0,1,0,0,-0.01562012779494426,-0.3920690653281115
8,2,coinfection,P,1,1,11.299999999999999,295.4303520426973,3338.362978082479,P,8/13/15,8/19/15,8/21/15,8/21/15,0,0,NA,NA,NA,shoot,1.2.coinfection.P.1.P,0,1,0,1,1,0,0,-0.01562012779494426,-0.3920690653281115
8,2,PAV,P,1,1,41.9,134.0295274442092,5615.837199912366,P,8/18/15,8/19/15,8/21/15,8/21/15,1,0.5,NA,sample incubated at RT for 10 min before being heated,NA,shoot,1.2.PAV.P.1.P,0,1,0,1,0,1,1,-0.38932349651192183,-0.36267719144704674
12,3,coinfection,low,1,1,49.4,124.0563849489432,6128.385416477794,low,3/22/16,3/25/16,3/25/16,3/26/16,1,0,NA,NA,NA,shoot,1.3.coinfection.low.1.low,0,0,0,0,1,1,1,-0.4124150572672456,-0.35606251612169815
12,3,coinfection,low,1,1,49.4,124.0563849489432,6128.385416477794,N,3/22/16,3/25/16,3/25/16,3/26/16,1,0,NA,NA,NA,shoot,1.3.coinfection.low.1.N,0,0,1,0,1,1,1,-0.4124150572672456,-0.35606251612169815
12,3,coinfection,low,1,1,49.4,124.0563849489432,6128.385416477794,N+P,3/22/16,3/25/16,3/25/16,3/26/16,1,1,NA,NA,NA,shoot,1.3.coinfection.low.1.N+P,0,0,1,1,1,1,1,-0.4124150572672456,-0.35606251612169815
12,3,coinfection,low,1,1,49.4,124.0563849489432,6128.385416477794,P,3/22/16,3/25/16,3/25/16,3/26/16,0.5,1,NA,NA,NA,shoot,1.3.coinfection.low.1.P,0,0,0,1,1,1,0,-0.4124150572672456,-0.35606251612169815
12,3,coinfection,N,1,1,85.1,353.1812765820723,30055.726637134354,low,2/3/16,2/10/16,2/10/16,2/10/16,1,1,NA,NA,NA,shoot,1.3.coinfection.N.1.low,1,0,0,0,1,1,1,0.11809489566031127,-0.04726894615466658
12,3,coinfection,N,1,1,85.1,353.1812765820723,30055.726637134354,N,2/3/16,2/10/16,2/10/16,2/10/16,1,1,NA,NA,NA,shoot,1.3.coinfection.N.1.N,1,0,1,0,1,1,1,0.11809489566031127,-0.04726894615466658
12,3,coinfection,N,1,1,85.1,353.1812765820723,30055.726637134354,N+P,2/3/16,2/10/16,2/10/16,2/10/16,0,0,NA,NA,NA,shoot,1.3.coinfection.N.1.N+P,1,0,1,1,1,0,0,0.11809489566031127,-0.04726894615466658
12,3,coinfection,N,1,1,85.1,353.1812765820723,30055.726637134354,P,2/3/16,2/10/16,2/10/16,2/10/16,1,0.5,NA,NA,NA,shoot,1.3.coinfection.N.1.P,1,0,0,1,1,1,1,0.11809489566031127,-0.04726894615466658
12,3,coinfection,N+P,1,1,28.400000000000002,364.4621221651121,10350.724269489183,low,2/3/16,2/10/16,2/10/16,2/10/16,1,0.5,NA,NA,NA,shoot,1.3.coinfection.N+P.1.low,1,1,0,0,1,1,1,0.14421427892148878,-0.3015712512541129
12,3,coinfection,N+P,1,1,28.400000000000002,364.4621221651121,10350.724269489183,N,2/3/16,2/10/16,2/10/16,2/10/16,1,1,NA,NA,NA,shoot,1.3.coinfection.N+P.1.N,1,1,1,0,1,1,1,0.14421427892148878,-0.3015712512541129
12,3,coinfection,N+P,1,1,28.400000000000002,364.4621221651121,10350.724269489183,N+P,2/3/16,2/10/16,2/10/16,2/10/16,0.5,0,NA,NA,NA,shoot,1.3.coinfection.N+P.1.N+P,1,1,1,1,1,1,0,0.14421427892148878,-0.3015712512541129
12,3,coinfection,P,1,1,42.1,231.89169209016103,9762.64023699578,low,2/3/16,2/10/16,2/10/16,2/10/16,0,0.5,NA,NA,NA,shoot,1.3.coinfection.P.1.low,0,1,0,0,1,0,0,-0.1627359267823042,-0.30916075174058866
12,3,coinfection,P,1,1,42.1,231.89169209016103,9762.64023699578,N,2/3/16,2/10/16,2/10/16,2/10/16,0,1,NA,NA,NA,shoot,1.3.coinfection.P.1.N,0,1,1,0,1,0,0,-0.1627359267823042,-0.30916075174058866
12,3,coinfection,P,1,1,42.1,231.89169209016103,9762.64023699578,N+P,2/3/16,2/10/16,2/10/16,2/10/16,0.5,1,NA,NA,NA,shoot,1.3.coinfection.P.1.N+P,0,1,1,1,1,1,0,-0.1627359267823042,-0.30916075174058866
12,3,coinfection,P,1,1,42.1,231.89169209016103,9762.64023699578,P,2/3/16,2/10/16,2/10/16,2/10/16,1,1,NA,NA,NA,shoot,1.3.coinfection.P.1.P,0,1,0,1,1,1,1,-0.1627359267823042,-0.30916075174058866
12,3,PAV,low,1,1,34.4,365.1137158150651,12559.91182403824,low,3/29/16,4/1/16,4/1/16,4/4/16,1,0,NA,NA,NA,shoot,1.3.PAV.low.1.low,0,0,0,0,0,1,1,0.1457229623041654,-0.2730606488681274
12,3,PAV,low,1,1,34.4,365.1137158150651,12559.91182403824,N,3/29/16,4/1/16,4/1/16,4/4/16,1,0,NA,NA,NA,shoot,1.3.PAV.low.1.N,0,0,1,0,0,1,1,0.1457229623041654,-0.2730606488681274
12,3,PAV,low,1,1,34.4,365.1137158150651,12559.91182403824,P,3/29/16,4/1/16,4/1/16,4/4/16,1,0,NA,NA,NA,shoot,1.3.PAV.low.1.P,0,0,0,1,0,1,1,0.1457229623041654,-0.2730606488681274
12,3,PAV,N,1,1,53.5,431.33519554574366,23076.432961697286,N+P,3/29/16,4/1/16,4/1/16,4/4/16,1,0,NA,NA,NA,shoot,1.3.PAV.N.1.N+P,1,0,1,1,0,1,1,0.2990504940459669,-0.13734000712260977
12,3,PAV,N,1,1,53.5,431.33519554574366,23076.432961697286,P,3/29/16,4/1/16,4/1/16,4/4/16,0,0,NA,NA,NA,shoot,1.3.PAV.N.1.P,1,0,0,1,0,0,0,0.2990504940459669,-0.13734000712260977
12,3,PAV,N,1,1,53.5,431.33519554574366,23076.432961697286,low,3/29/16,4/1/16,4/1/16,4/4/16,1,0,NA,NA,NA,shoot,1.3.PAV.N.1.low,1,0,0,0,0,1,1,0.2990504940459669,-0.13734000712260977
12,3,PAV,N+P,1,1,100.4,138.7256634284438,13928.05660821576,low,3/29/16,4/1/16,4/1/16,4/4/16,1,0,NA,NA,NA,shoot,1.3.PAV.N+P.1.low,1,1,0,0,0,1,1,-0.3784501825643181,-0.2554040982199832
12,3,PAV,N+P,1,1,100.4,138.7256634284438,13928.05660821576,N,3/29/16,4/1/16,4/1/16,4/4/16,0,0,NA,NA,NA,shoot,1.3.PAV.N+P.1.N,1,1,1,0,0,0,0,-0.3784501825643181,-0.2554040982199832
12,3,PAV,N+P,1,1,100.4,138.7256634284438,13928.05660821576,N+P,3/29/16,4/1/16,4/1/16,4/4/16,0,0,NA,NA,NA,shoot,1.3.PAV.N+P.1.N+P,1,1,1,1,0,0,0,-0.3784501825643181,-0.2554040982199832
12,3,PAV,N+P,1,1,100.4,138.7256634284438,13928.05660821576,P,3/29/16,4/1/16,4/1/16,4/4/16,1,0,NA,NA,NA,shoot,1.3.PAV.N+P.1.P,1,1,0,1,0,1,1,-0.3784501825643181,-0.2554040982199832
12,3,PAV,P,1,1,44.900000000000006,299.78698785537426,13460.435754706306,low,12/1/15,1/6/16,1/7/16,1/7/16,1,0,NA,NA,PAV ctrl didnt show up,shoot,1.3.PAV.P.1.low,0,1,0,0,0,1,1,-0.005532883919204684,-0.2614389648361518
12,3,PAV,P,1,1,44.900000000000006,299.78698785537426,13460.435754706306,N,12/1/15,1/6/16,1/7/16,1/7/16,1,0.5,NA,NA,PAV ctrl didnt show up,shoot,1.3.PAV.P.1.N,0,1,1,0,0,1,1,-0.005532883919204684,-0.2614389648361518
12,3,PAV,P,1,1,44.900000000000006,299.78698785537426,13460.435754706306,N+P,12/1/15,1/6/16,1/7/16,1/7/16,1,0.5,NA,NA,PAV ctrl didnt show up,shoot,1.3.PAV.P.1.N+P,0,1,1,1,0,1,1,-0.005532883919204684,-0.2614389648361518
12,3,PAV,P,1,1,44.900000000000006,299.78698785537426,13460.435754706306,P,12/1/15,1/6/16,1/7/16,1/7/16,1,0,NA,NA,PAV ctrl didnt show up,shoot,1.3.PAV.P.1.P,0,1,0,1,0,1,1,-0.005532883919204684,-0.2614389648361518
19,5,coinfection,N,1,1,168,141.04220665176388,23695.09071749633,low,2/3/16,2/10/16,2/10/16,2/10/16,1,1,NA,NA,NA,shoot,1.5.coinfection.N.1.low,1,0,0,0,1,1,1,-0.3730865172392693,-0.12935593838554277
19,5,coinfection,N,1,1,168,141.04220665176388,23695.09071749633,N,2/3/16,2/10/16,2/10/16,2/10/16,1,1,NA,NA,NA,shoot,1.5.coinfection.N.1.N,1,0,1,0,1,1,1,-0.3730865172392693,-0.12935593838554277
19,5,coinfection,N,1,1,168,141.04220665176388,23695.09071749633,N+P,2/3/16,2/10/16,2/10/16,2/10/16,0.5,1,NA,NA,NA,shoot,1.5.coinfection.N.1.N+P,1,0,1,1,1,1,0,-0.3730865172392693,-0.12935593838554277
19,5,coinfection,N,1,1,168,141.04220665176388,23695.09071749633,P,2/3/16,2/10/16,2/10/16,2/10/16,1,1,NA,NA,NA,shoot,1.5.coinfection.N.1.P,1,0,0,1,1,1,1,-0.3730865172392693,-0.12935593838554277
19,5,coinfection,P,1,1,42.6,205.43480268990385,8751.522594589904,low,2/4/16,2/10/16,2/10/16,2/10/16,1,1,NA,NA,NA,shoot,1.5.coinfection.P.1.low,0,1,0,0,1,1,1,-0.22399353633445035,-0.3222096995353237
19,5,coinfection,P,1,1,42.6,205.43480268990385,8751.522594589904,N,2/4/16,2/10/16,2/10/16,2/10/16,1,1,NA,NA,NA,shoot,1.5.coinfection.P.1.N,0,1,1,0,1,1,1,-0.22399353633445035,-0.3222096995353237
19,5,coinfection,P,1,1,42.6,205.43480268990385,8751.522594589904,N+P,2/18/16,2/19/16,2/19/16,2/19/16,1,1,NA,NA,NA,shoot,1.5.coinfection.P.1.N+P,0,1,1,1,1,1,1,-0.22399353633445035,-0.3222096995353237
19,5,coinfection,P,1,1,42.6,205.43480268990385,8751.522594589904,P,2/18/16,2/19/16,2/19/16,2/19/16,1,1,NA,NA,NA,shoot,1.5.coinfection.P.1.P,0,1,0,1,1,1,1,-0.22399353633445035,-0.3222096995353237
19,5,PAV,low,1,1,45.6,151.73865516886852,6919.282675700405,low,3/29/16,4/1/16,4/1/16,4/4/16,0.5,0,NA,NA,NA,shoot,1.5.PAV.low.1.low,0,0,0,0,0,1,0,-0.3483202320973334,-0.34585561574357965
19,5,PAV,low,1,1,45.6,151.73865516886852,6919.282675700405,N,3/29/16,4/1/16,4/1/16,4/4/16,1,1,NA,NA,NA,shoot,1.5.PAV.low.1.N,0,0,1,0,0,1,1,-0.3483202320973334,-0.34585561574357965
19,5,PAV,low,1,1,45.6,151.73865516886852,6919.282675700405,N+P,3/29/16,4/1/16,4/1/16,4/4/16,1,0,NA,NA,NA,shoot,1.5.PAV.low.1.N+P,0,0,1,1,0,1,1,-0.3483202320973334,-0.34585561574357965
19,5,PAV,low,1,1,45.6,151.73865516886852,6919.282675700405,P,3/29/16,4/1/16,4/1/16,4/4/16,0,0,NA,NA,NA,shoot,1.5.PAV.low.1.P,0,0,0,1,0,0,0,-0.3483202320973334,-0.34585561574357965
19,5,PAV,N,1,1,56.5,569.5872368861034,32181.67888406484,N,3/29/16,4/1/16,4/1/16,4/4/16,0.5,1,NA,NA,NA,shoot,1.5.PAV.N.1.N,1,0,1,0,0,1,0,0.619155758126354,-0.019832534484223424
19,5,PAV,N,1,1,56.5,569.5872368861034,32181.67888406484,N+P,3/29/16,4/1/16,4/1/16,4/4/16,0.5,1,NA,NA,NA,shoot,1.5.PAV.N.1.N+P,1,0,1,1,0,1,0,0.619155758126354,-0.019832534484223424
19,5,PAV,N+P,1,1,40,370.40994241650685,14816.397696660275,low,3/29/16,4/1/16,4/1/16,4/4/16,1,1,NA,NA,NA,shoot,1.5.PAV.N+P.1.low,1,1,0,0,0,1,1,0.15798571082091484,-0.24393963948553912
19,5,PAV,N+P,1,1,40,370.40994241650685,14816.397696660275,N,3/29/16,4/1/16,4/1/16,4/4/16,1,0,NA,NA,NA,shoot,1.5.PAV.N+P.1.N,1,1,1,0,0,1,1,0.15798571082091484,-0.24393963948553912
19,5,PAV,N+P,1,1,40,370.40994241650685,14816.397696660275,N+P,3/29/16,4/1/16,4/1/16,4/4/16,0,0,NA,NA,NA,shoot,1.5.PAV.N+P.1.N+P,1,1,1,1,0,0,0,0.15798571082091484,-0.24393963948553912
19,5,PAV,N+P,1,1,40,370.40994241650685,14816.397696660275,P,3/29/16,4/1/16,4/1/16,4/4/16,1,0.5,NA,NA,NA,shoot,1.5.PAV.N+P.1.P,1,1,0,1,0,1,1,0.15798571082091484,-0.24393963948553912
22,6,coinfection,low,1,1,81.2,564.4401515271223,45832.54030400234,low,2/4/16,2/10/16,2/10/16,2/10/16,1,1,NA,NA,NA,shoot,1.6.coinfection.low.1.low,0,0,0,0,1,1,1,0.6072383274533074,0.15633823986611012
22,6,coinfection,low,1,1,81.2,564.4401515271223,45832.54030400234,N,2/4/16,2/10/16,2/10/16,2/10/16,1,0,NA,NA,NA,shoot,1.6.coinfection.low.1.N,0,0,1,0,1,1,1,0.6072383274533074,0.15633823986611012
22,6,coinfection,low,1,1,81.2,564.4401515271223,45832.54030400234,N+P,2/4/16,2/10/16,2/10/16,2/10/16,1,1,NA,NA,NA,shoot,1.6.coinfection.low.1.N+P,0,0,1,1,1,1,1,0.6072383274533074,0.15633823986611012
22,6,coinfection,low,1,1,81.2,564.4401515271223,45832.54030400234,P,2/4/16,2/10/16,2/10/16,2/10/16,0,0,NA,NA,NA,shoot,1.6.coinfection.low.1.P,0,0,0,1,1,0,0,0.6072383274533074,0.15633823986611012
22,6,coinfection,N,1,1,49.4,58.962651793547785,2912.7549986012605,low,2/18/16,2/19/16,2/19/16,2/19/16,1,1,NA,NA,NA,shoot,1.6.coinfection.N.1.low,1,0,0,0,1,1,1,-0.5631314332402291,-0.39756173608406664
22,6,coinfection,N,1,1,49.4,58.962651793547785,2912.7549986012605,N,2/18/16,2/19/16,2/19/16,2/19/16,0,0,NA,NA,NA,shoot,1.6.coinfection.N.1.N,1,0,1,0,1,0,0,-0.5631314332402291,-0.39756173608406664
22,6,coinfection,N,1,1,49.4,58.962651793547785,2912.7549986012605,N+P,2/18/16,2/19/16,2/19/16,2/19/16,1,1,NA,NA,NA,shoot,1.6.coinfection.N.1.N+P,1,0,1,1,1,1,1,-0.5631314332402291,-0.39756173608406664
22,6,coinfection,N,1,1,49.4,58.962651793547785,2912.7549986012605,P,2/18/16,2/19/16,2/19/16,2/19/16,1,1,NA,NA,NA,shoot,1.6.coinfection.N.1.P,1,0,0,1,1,1,1,-0.5631314332402291,-0.39756173608406664
22,6,PAV,N+P,1,1,79.10000000000001,55.29919257265145,4374.16613249673,low,2/5/16,2/10/16,2/10/16,2/10/16,1,0,NA,NA,NA,shoot,1.6.PAV.N+P.1.low,1,1,0,0,0,1,1,-0.5716137136462429,-0.3787015394135079
22,6,PAV,N+P,1,1,79.10000000000001,55.29919257265145,4374.16613249673,N,2/5/16,2/10/16,2/10/16,2/10/16,1,0,NA,NA,NA,shoot,1.6.PAV.N+P.1.N,1,1,1,0,0,1,1,-0.5716137136462429,-0.3787015394135079
22,6,PAV,N+P,1,1,79.10000000000001,55.29919257265145,4374.16613249673,N+P,2/5/16,2/10/16,2/10/16,2/10/16,1,0,NA,NA,NA,shoot,1.6.PAV.N+P.1.N+P,1,1,1,1,0,1,1,-0.5716137136462429,-0.3787015394135079
22,6,PAV,N+P,1,1,79.10000000000001,55.29919257265145,4374.16613249673,P,2/5/16,2/10/16,2/10/16,2/10/16,1,0,NA,NA,NA,shoot,1.6.PAV.N+P.1.P,1,1,0,1,0,1,1,-0.5716137136462429,-0.3787015394135079
26,7,coinfection,N,1,1,82.69999999999999,70.8594213793928,5860.074148075783,low,2/4/16,2/10/16,2/10/16,2/10/16,1,0,NA,NA,NA,shoot,1.7.coinfection.N.1.low,1,0,0,0,1,1,1,-0.5355859551911559,-0.35952519898596524
26,7,coinfection,N,1,1,82.69999999999999,70.8594213793928,5860.074148075783,N,2/4/16,2/10/16,2/10/16,2/10/16,0,0,NA,NA,NA,shoot,1.7.coinfection.N.1.N,1,0,1,0,1,0,0,-0.5355859551911559,-0.35952519898596524
26,7,coinfection,N,1,1,82.69999999999999,70.8594213793928,5860.074148075783,N+P,2/4/16,2/10/16,2/10/16,2/10/16,0,0,NA,NA,NA,shoot,1.7.coinfection.N.1.N+P,1,0,1,1,1,0,0,-0.5355859551911559,-0.35952519898596524
26,7,coinfection,N,1,1,82.69999999999999,70.8594213793928,5860.074148075783,P,2/4/16,2/10/16,2/10/16,2/10/16,1,0.5,NA,NA,NA,shoot,1.7.coinfection.N.1.P,1,0,0,1,1,1,1,-0.5355859551911559,-0.35952519898596524
26,7,coinfection,N+P,1,1,94.7,98.55053973312019,9332.736112726483,low,2/4/16,2/10/16,2/10/16,2/10/16,1,1,NA,NA,NA,shoot,1.7.coinfection.N+P.1.low,1,1,0,0,1,1,1,-0.4714706432770346,-0.31470886626164807
26,7,coinfection,N+P,1,1,94.7,98.55053973312019,9332.736112726483,N,2/4/16,2/10/16,2/10/16,2/10/16,1,1,NA,NA,NA,shoot,1.7.coinfection.N+P.1.N,1,1,1,0,1,1,1,-0.4714706432770346,-0.31470886626164807
26,7,coinfection,N+P,1,1,94.7,98.55053973312019,9332.736112726483,N+P,2/4/16,2/10/16,2/10/16,2/10/16,1,1,NA,NA,NA,shoot,1.7.coinfection.N+P.1.N+P,1,1,1,1,1,1,1,-0.4714706432770346,-0.31470886626164807
26,7,coinfection,N+P,1,1,94.7,98.55053973312019,9332.736112726483,P,2/4/16,2/10/16,2/10/16,2/10/16,0,0,NA,NA,NA,shoot,1.7.coinfection.N+P.1.P,1,1,0,1,1,0,0,-0.4714706432770346,-0.31470886626164807
26,7,coinfection,P,1,1,39.9,285.1853732821561,11378.896393958028,low,4/5/16,4/8/16,4/9/16,4/9/16,1,1,NA,NA,NA,shoot,1.7.coinfection.P.1.low,0,1,0,0,1,1,1,-0.039341091332598895,-0.28830220736296674
26,7,coinfection,P,1,1,39.9,285.1853732821561,11378.896393958028,N,4/5/16,4/8/16,4/9/16,4/9/16,1,1,NA,NA,NA,shoot,1.7.coinfection.P.1.N,0,1,1,0,1,1,1,-0.039341091332598895,-0.28830220736296674
26,7,coinfection,P,1,1,39.9,285.1853732821561,11378.896393958028,N+P,4/5/16,4/8/16,4/9/16,4/9/16,1,1,NA,NA,NA,shoot,1.7.coinfection.P.1.N+P,0,1,1,1,1,1,1,-0.039341091332598895,-0.28830220736296674
26,7,coinfection,P,1,1,39.9,285.1853732821561,11378.896393958028,P,4/5/16,4/8/16,4/9/16,4/9/16,1,1,NA,NA,NA,shoot,1.7.coinfection.P.1.P,0,1,0,1,1,1,1,-0.039341091332598895,-0.28830220736296674
26,7,PAV,N+P,1,1,253.2,129.707784578706,32842.01105532836,low,2/5/16,2/10/16,2/10/16,2/10/16,1,0,NA,NA,NA,shoot,1.7.PAV.N+P.1.low,1,1,0,0,0,1,1,-0.3993299501442674,-0.011310637853581062
26,7,PAV,N+P,1,1,253.2,129.707784578706,32842.01105532836,N,2/5/16,2/10/16,2/10/16,2/10/16,1,0,NA,NA,NA,shoot,1.7.PAV.N+P.1.N,1,1,1,0,0,1,1,-0.3993299501442674,-0.011310637853581062
26,7,PAV,N+P,1,1,253.2,129.707784578706,32842.01105532836,N+P,2/5/16,2/10/16,2/10/16,2/10/16,1,0,NA,NA,NA,shoot,1.7.PAV.N+P.1.N+P,1,1,1,1,0,1,1,-0.3993299501442674,-0.011310637853581062
26,7,PAV,N+P,1,1,253.2,129.707784578706,32842.01105532836,P,2/5/16,2/10/16,2/10/16,2/10/16,0.5,0,NA,NA,NA,shoot,1.7.PAV.N+P.1.P,1,1,0,1,0,1,0,-0.3993299501442674,-0.011310637853581062
26,7,PAV,P,1,1,112.69999999999999,50.75460523357091,5720.044009823441,low,2/5/16,2/10/16,2/10/16,2/10/16,0.5,0,NA,NA,NA,shoot,1.7.PAV.P.1.low,0,1,0,0,0,1,0,-0.5821361357111103,-0.3613323536503786
26,7,PAV,P,1,1,112.69999999999999,50.75460523357091,5720.044009823441,N,2/5/16,2/10/16,2/10/16,2/10/16,1,0,NA,NA,NA,shoot,1.7.PAV.P.1.N,0,1,1,0,0,1,1,-0.5821361357111103,-0.3613323536503786
26,7,PAV,P,1,1,112.69999999999999,50.75460523357091,5720.044009823441,N+P,2/5/16,2/10/16,2/10/16,2/10/16,1,0,NA,NA,NA,shoot,1.7.PAV.P.1.N+P,0,1,1,1,0,1,1,-0.5821361357111103,-0.3613323536503786
26,7,PAV,P,1,1,112.69999999999999,50.75460523357091,5720.044009823441,P,2/5/16,2/10/16,2/10/16,2/10/16,1,0,NA,NA,NA,shoot,1.7.PAV.P.1.P,0,1,0,1,0,1,1,-0.5821361357111103,-0.3613323536503786
29,8,coinfection,low,1,1,21.8,410.16116343463926,8941.5133628751355,N,4/5/16,4/8/16,4/9/16,4/9/16,1,1,NA,NA,NA,shoot,1.8.coinfection.low.1.N,0,0,1,0,1,1,1,0.2500246780445579,-0.3197577794887735
29,8,coinfection,low,1,1,21.8,410.16116343463926,8941.5133628751355,N+P,4/5/16,4/8/16,4/9/16,4/9/16,1,1,NA,NA,NA,shoot,1.8.coinfection.low.1.N+P,0,0,1,1,1,1,1,0.2500246780445579,-0.3197577794887735
29,8,coinfection,low,1,1,21.8,410.16116343463926,8941.5133628751355,P,4/5/16,4/8/16,4/9/16,4/9/16,1,1,NA,NA,NA,shoot,1.8.coinfection.low.1.P,0,0,0,1,1,1,1,0.2500246780445579,-0.3197577794887735
29,8,coinfection,N,1,1,211.5,3303.077380083324,698600.8658876229,N,4/5/16,4/8/16,4/9/16,4/9/16,1,0.5,NA,NA,NA,shoot,1.8.coinfection.N.1.N,1,0,1,0,1,1,1,6.948209388481994,8.580619891533749
29,8,coinfection,N,1,1,211.5,3303.077380083324,698600.8658876229,low,4/5/16,4/8/16,4/9/16,4/9/16,1,1,NA,NA,NA,shoot,1.8.coinfection.N.1.low,1,0,0,0,1,1,1,6.948209388481994,8.580619891533749
29,8,coinfection,N,1,1,211.5,3303.077380083324,698600.8658876229,N+P,4/5/16,4/8/16,4/9/16,4/9/16,1,1,NA,NA,NA,shoot,1.8.coinfection.N.1.N+P,1,0,1,1,1,1,1,6.948209388481994,8.580619891533749
29,8,coinfection,N,1,1,211.5,3303.077380083324,698600.8658876229,P,4/5/16,4/8/16,4/9/16,4/9/16,0,0,NA,NA,NA,shoot,1.8.coinfection.N.1.P,1,0,0,1,1,0,0,6.948209388481994,8.580619891533749
29,8,coinfection,N+P,1,1,282.9,312.299925032867,88349.64879179807,low,4/5/16,4/8/16,4/9/16,4/9/16,0,0,NA,NA,NA,shoot,1.8.coinfection.N+P.1.low,1,1,0,0,1,0,0,0.023439252917181415,0.7050414824682469
29,8,coinfection,N+P,1,1,282.9,312.299925032867,88349.64879179807,N,4/5/16,4/8/16,4/9/16,4/9/16,0,0,NA,NA,NA,shoot,1.8.coinfection.N+P.1.N,1,1,1,0,1,0,0,0.023439252917181415,0.7050414824682469
29,8,coinfection,N+P,1,1,282.9,312.299925032867,88349.64879179807,N+P,4/5/16,4/8/16,4/9/16,4/9/16,1,0,NA,NA,NA,shoot,1.8.coinfection.N+P.1.N+P,1,1,1,1,1,1,1,0.023439252917181415,0.7050414824682469
29,8,coinfection,N+P,1,1,282.9,312.299925032867,88349.64879179807,P,4/5/16,4/8/16,4/9/16,4/9/16,0,0,NA,NA,NA,shoot,1.8.coinfection.N+P.1.P,1,1,0,1,1,0,0,0.023439252917181415,0.7050414824682469
29,8,PAV,low,1,1,112.9,144.22935122378192,16283.49375316498,low,2/29/16,3/4/16,3/5/16,3/5/16,0,0,NA,NA,NA,shoot,1.8.PAV.low.1.low,0,0,0,0,0,0,0,-0.36570708366999166,-0.2250060762202007
29,8,PAV,low,1,1,112.9,144.22935122378192,16283.49375316498,N,2/29/16,3/4/16,3/5/16,3/5/16,0.5,0,NA,NA,NA,shoot,1.8.PAV.low.1.N,0,0,1,0,0,1,0,-0.36570708366999166,-0.2250060762202007
29,8,PAV,low,1,1,112.9,144.22935122378192,16283.49375316498,N+P,3/21/16,3/25/16,3/25/16,3/26/16,1,0,NA,NA,NA,shoot,1.8.PAV.low.1.N+P,0,0,1,1,0,1,1,-0.36570708366999166,-0.2250060762202007
29,8,PAV,low,1,1,112.9,144.22935122378192,16283.49375316498,P,3/21/16,3/25/16,3/25/16,3/26/16,1,0,NA,NA,NA,shoot,1.8.PAV.low.1.P,0,0,0,1,0,1,1,-0.36570708366999166,-0.2250060762202007
29,8,PAV,N,1,1,105.39999999999999,155.2989646401582,16368.510873072673,N,2/29/16,3/4/16,3/5/16,3/5/16,0.5,0,NA,NA,NA,shoot,1.8.PAV.N.1.N,1,0,1,0,0,1,0,-0.34007678200093056,-0.223908890380683
29,8,PAV,N,1,1,105.39999999999999,155.2989646401582,16368.510873072673,low,3/21/16,3/25/16,3/25/16,3/26/16,1,0,NA,NA,NA,shoot,1.8.PAV.N.1.low,1,0,0,0,0,1,1,-0.34007678200093056,-0.223908890380683
29,8,PAV,N,1,1,105.39999999999999,155.2989646401582,16368.510873072673,N+P,3/21/16,3/25/16,3/25/16,3/26/16,1,1,NA,NA,NA,shoot,1.8.PAV.N.1.N+P,1,0,1,1,0,1,1,-0.34007678200093056,-0.223908890380683
29,8,PAV,N,1,1,105.39999999999999,155.2989646401582,16368.510873072673,P,3/21/16,3/25/16,3/25/16,3/26/16,1,0,NA,NA,NA,shoot,1.8.PAV.N.1.P,1,0,0,1,0,1,1,-0.34007678200093056,-0.223908890380683
29,8,PAV,N+P,1,1,150.9,369.0110661614023,55683.76988375561,low,3/21/16,3/25/16,3/25/16,3/26/16,1,0,NA,NA,NA,shoot,1.8.PAV.N+P.1.low,1,1,0,0,0,1,1,0.15474678827977403,0.2834729817684267
29,8,PAV,N+P,1,1,150.9,369.0110661614023,55683.76988375561,N,3/21/16,3/25/16,3/25/16,3/26/16,1,0,NA,NA,NA,shoot,1.8.PAV.N+P.1.N,1,1,1,0,0,1,1,0.15474678827977403,0.2834729817684267
29,8,PAV,N+P,1,1,150.9,369.0110661614023,55683.76988375561,N+P,3/21/16,3/25/16,3/25/16,3/26/16,1,0,NA,NA,NA,shoot,1.8.PAV.N+P.1.N+P,1,1,1,1,0,1,1,0.15474678827977403,0.2834729817684267
29,8,PAV,N+P,1,1,150.9,369.0110661614023,55683.76988375561,P,3/21/16,3/25/16,3/25/16,3/26/16,1,0,NA,NA,NA,shoot,1.8.PAV.N+P.1.P,1,1,0,1,0,1,1,0.15474678827977403,0.2834729817684267
29,8,PAV,P,1,1,39,131.09858060348589,5112.844643535949,low,2/5/16,2/10/16,2/10/16,2/10/16,1,0,NA,NA,NA,shoot,1.8.PAV.P.1.low,0,1,0,0,0,1,1,-0.3961097363631335,-0.3691685464922211
29,8,PAV,P,1,1,39,131.09858060348589,5112.844643535949,N,2/5/16,2/10/16,2/10/16,2/10/16,0.5,0,NA,NA,NA,shoot,1.8.PAV.P.1.N,0,1,1,0,0,1,0,-0.3961097363631335,-0.3691685464922211
29,8,PAV,P,1,1,39,131.09858060348589,5112.844643535949,N+P,2/5/16,2/10/16,2/10/16,2/10/16,0,0,NA,NA,NA,shoot,1.8.PAV.P.1.N+P,0,1,1,1,0,0,0,-0.3961097363631335,-0.3691685464922211
29,8,PAV,P,1,1,39,131.09858060348589,5112.844643535949,P,2/5/16,2/10/16,2/10/16,2/10/16,0,0,NA,NA,NA,shoot,1.8.PAV.P.1.P,0,1,0,1,0,0,0,-0.3961097363631335,-0.3691685464922211
