dpi,time,inoc,nutrient,round,replicate,aphid_mass_mg,conc,quant_t,nutrient_t,ext_date_t,RT_date_t,PCR_date_t,gel_date_t,PAV_t,RPV_t,notes_t,ext_notes_t,gel_notes_t,material,ID,high_N,high_P,high_N_t,high_P_t,co,t_up,t_dn,conc_s,conc_r,conc_r_s
8,2,coinfection,P,2,3,40.7,254.43462921158164,10355.489408911373,low,8/18/15,8/19/15,8/21/15,8/21/15,0,0,NA,NA,NA,shoot,2.2.coinfection.P.3.low,0,1,0,0,1,0,0,-0.26194711705825563,2103.914793679597,-0.7004895523749838
8,2,coinfection,P,2,3,40.7,254.43462921158164,10355.489408911373,N,8/18/15,8/19/15,8/21/15,8/21/15,1,1,NA,NA,NA,shoot,2.2.coinfection.P.3.N,0,1,1,0,1,1,1,-0.26194711705825563,2103.914793679597,-0.7004895523749838
8,2,coinfection,P,2,3,40.7,254.43462921158164,10355.489408911373,N+P,8/18/15,8/19/15,8/21/15,8/21/15,1,1,NA,NA,NA,shoot,2.2.coinfection.P.3.N+P,0,1,1,1,1,1,1,-0.26194711705825563,2103.914793679597,-0.7004895523749838
8,2,coinfection,P,2,3,40.7,254.43462921158164,10355.489408911373,P,8/18/15,8/19/15,8/21/15,8/21/15,1,1,NA,NA,NA,shoot,2.2.coinfection.P.3.P,0,1,0,1,1,1,1,-0.26194711705825563,2103.914793679597,-0.7004895523749838
12,3,coinfection,low,4,5,73.2,687.403492486968,50317.93565004606,low,2/9/16,2/12/16,2/12/16,2/12/16,0.5,1,NA,NA,NA,shoot,4.3.coinfection.low.5.low,0,0,0,0,1,1,0,0.46048259620048304,156698.50841103707,3.396267620087618
12,3,coinfection,low,4,5,73.2,687.403492486968,50317.93565004606,N,2/9/16,2/12/16,2/12/16,2/12/16,1,1,NA,NA,NA,shoot,4.3.coinfection.low.5.N,0,0,1,0,1,1,1,0.46048259620048304,156698.50841103707,3.396267620087618
12,3,coinfection,low,4,5,73.2,687.403492486968,50317.93565004606,N+P,2/9/16,2/12/16,2/12/16,2/12/16,1,1,NA,NA,NA,shoot,4.3.coinfection.low.5.N+P,0,0,1,1,1,1,1,0.46048259620048304,156698.50841103707,3.396267620087618
12,3,coinfection,low,4,5,73.2,687.403492486968,50317.93565004606,P,2/9/16,2/12/16,2/12/16,2/12/16,1,1,NA,NA,NA,shoot,4.3.coinfection.low.5.P,0,0,0,1,1,1,1,0.46048259620048304,156698.50841103707,3.396267620087618
12,3,coinfection,P,2,3,54.800000000000004,264.069870637475,14471.02891093363,low,2/24/16,2/26/16,2/26/16,2/26/16,1,0.5,NA,NA,RT ctrl positive for RPV,shoot,2.3.coinfection.P.3.low,0,1,0,0,1,1,1,-0.2458702457381591,10200.878343067348,-0.4859199951870658
12,3,coinfection,P,2,3,54.800000000000004,264.069870637475,14471.02891093363,N,2/24/16,2/26/16,2/26/16,2/26/16,1,1,NA,NA,RT ctrl positive for RPV,shoot,2.3.coinfection.P.3.N,0,1,1,0,1,1,1,-0.2458702457381591,10200.878343067348,-0.4859199951870658
12,3,coinfection,P,2,3,54.800000000000004,264.069870637475,14471.02891093363,N+P,2/24/16,2/26/16,2/26/16,2/26/16,1,1,NA,NA,RT ctrl positive for RPV,shoot,2.3.coinfection.P.3.N+P,0,1,1,1,1,1,1,-0.2458702457381591,10200.878343067348,-0.4859199951870658
12,3,coinfection,P,2,3,54.800000000000004,264.069870637475,14471.02891093363,P,2/24/16,2/26/16,2/26/16,2/26/16,1,1,NA,NA,RT ctrl positive for RPV,shoot,2.3.coinfection.P.3.P,0,1,0,1,1,1,1,-0.2458702457381591,10200.878343067348,-0.4859199951870658
12,3,coinfection,P,3,4,94.89999999999999,82.03146982232278,7784.7864861384305,low,3/1/16,3/4/16,3/5/16,3/5/16,0,1,NA,NA,NA,shoot,3.3.coinfection.P.4.low,0,1,0,0,1,0,0,-0.5496102161094786,3457.883069122955,-0.6646093892080966
12,3,coinfection,P,3,4,94.89999999999999,82.03146982232278,7784.7864861384305,N,3/1/16,3/4/16,3/5/16,3/5/16,0,1,NA,NA,NA,shoot,3.3.coinfection.P.4.N,0,1,1,0,1,0,0,-0.5496102161094786,3457.883069122955,-0.6646093892080966
12,3,coinfection,P,3,4,94.89999999999999,82.03146982232278,7784.7864861384305,N+P,3/1/16,3/4/16,3/5/16,3/5/16,0,1,NA,NA,NA,shoot,3.3.coinfection.P.4.N+P,0,1,1,1,1,0,0,-0.5496102161094786,3457.883069122955,-0.6646093892080966
12,3,coinfection,P,3,4,94.89999999999999,82.03146982232278,7784.7864861384305,P,3/1/16,3/4/16,3/5/16,3/5/16,1,1,NA,NA,NA,shoot,3.3.coinfection.P.4.P,0,1,0,1,1,1,1,-0.5496102161094786,3457.883069122955,-0.6646093892080966
12,3,coinfection,P,4,5,47.1,222.02376671533068,10457.319412292076,low,2/9/16,2/12/16,2/12/16,2/12/16,1,1,NA,NA,NA,shoot,4.3.coinfection.P.5.low,0,1,0,0,1,1,1,-0.3160262254784432,5339.276182984354,-0.6147524663165315
12,3,coinfection,P,4,5,47.1,222.02376671533068,10457.319412292076,N,2/9/16,2/12/16,2/12/16,2/12/16,1,1,NA,NA,NA,shoot,4.3.coinfection.P.5.N,0,1,1,0,1,1,1,-0.3160262254784432,5339.276182984354,-0.6147524663165315
12,3,coinfection,P,4,5,47.1,222.02376671533068,10457.319412292076,N+P,2/9/16,2/12/16,2/12/16,2/12/16,1,1,NA,NA,NA,shoot,4.3.coinfection.P.5.N+P,0,1,1,1,1,1,1,-0.3160262254784432,5339.276182984354,-0.6147524663165315
12,3,coinfection,P,4,5,47.1,222.02376671533068,10457.319412292076,P,2/9/16,2/12/16,2/12/16,2/12/16,0,1,NA,NA,NA,shoot,4.3.coinfection.P.5.P,0,1,0,1,1,0,0,-0.3160262254784432,5339.276182984354,-0.6147524663165315
12,3,coinfection,N,3,4,89.30000000000001,145.95485655006345,13033.768689920667,low,3/1/16,3/4/16,3/5/16,3/5/16,1,1,NA,NA,NA,shoot,3.3.coinfection.N.4.low,1,0,0,0,1,1,1,-0.4429509205774657,24405.887059638902,-0.10948722362102078
12,3,coinfection,N,3,4,89.30000000000001,145.95485655006345,13033.768689920667,N,3/1/16,3/4/16,3/5/16,3/5/16,1,1,NA,NA,NA,shoot,3.3.coinfection.N.4.N,1,0,1,0,1,1,1,-0.4429509205774657,24405.887059638902,-0.10948722362102078
12,3,coinfection,N,3,4,89.30000000000001,145.95485655006345,13033.768689920667,N+P,3/1/16,3/4/16,3/5/16,3/5/16,1,1,NA,NA,NA,shoot,3.3.coinfection.N.4.N+P,1,0,1,1,1,1,1,-0.4429509205774657,24405.887059638902,-0.10948722362102078
12,3,coinfection,N,3,4,89.30000000000001,145.95485655006345,13033.768689920667,P,3/1/16,3/4/16,3/5/16,3/5/16,0,1,NA,NA,NA,shoot,3.3.coinfection.N.4.P,1,0,0,1,1,0,0,-0.4429509205774657,24405.887059638902,-0.10948722362102078
12,3,coinfection,N,4,5,132.20000000000002,142.1704952337189,18794.93946989764,low,2/9/16,2/12/16,2/12/16,2/12/16,0,0,NA,NA,NA,shoot,4.3.coinfection.N.5.low,1,0,0,0,1,0,0,-0.44926531242530476,22071.456196177707,-0.17134964817109213
12,3,coinfection,N,4,5,132.20000000000002,142.1704952337189,18794.93946989764,N,2/9/16,2/12/16,2/12/16,2/12/16,1,1,NA,NA,NA,shoot,4.3.coinfection.N.5.N,1,0,1,0,1,1,1,-0.44926531242530476,22071.456196177707,-0.17134964817109213
12,3,coinfection,N,4,5,132.20000000000002,142.1704952337189,18794.93946989764,N+P,2/9/16,2/12/16,2/12/16,2/12/16,0,1,NA,NA,NA,shoot,4.3.coinfection.N.5.N+P,1,0,1,1,1,0,0,-0.44926531242530476,22071.456196177707,-0.17134964817109213
12,3,coinfection,N,4,5,132.20000000000002,142.1704952337189,18794.93946989764,P,2/9/16,2/12/16,2/12/16,2/12/16,0,1,NA,NA,NA,shoot,4.3.coinfection.N.5.P,1,0,0,1,1,0,0,-0.44926531242530476,22071.456196177707,-0.17134964817109213
12,3,coinfection,N+P,2,3,98.9,97.65447317032502,9658.027396545145,low,2/24/16,2/26/16,2/26/16,2/26/16,1,1,NA,NA,RT ctrl positive for RPV,shoot,2.3.coinfection.N+P.3.low,1,1,0,0,1,1,1,-0.5235424713216533,9138.958127376756,-0.5140608839362635
12,3,coinfection,N+P,2,3,98.9,97.65447317032502,9658.027396545145,N,2/24/16,2/26/16,2/26/16,2/26/16,1,1,NA,NA,RT ctrl positive for RPV,shoot,2.3.coinfection.N+P.3.N,1,1,1,0,1,1,1,-0.5235424713216533,9138.958127376756,-0.5140608839362635
12,3,coinfection,N+P,2,3,98.9,97.65447317032502,9658.027396545145,N+P,2/24/16,2/26/16,2/26/16,2/26/16,1,1,NA,NA,RT ctrl positive for RPV,shoot,2.3.coinfection.N+P.3.N+P,1,1,1,1,1,1,1,-0.5235424713216533,9138.958127376756,-0.5140608839362635
12,3,coinfection,N+P,2,3,98.9,97.65447317032502,9658.027396545145,P,2/24/16,2/26/16,2/26/16,2/26/16,1,1,NA,NA,RT ctrl positive for RPV,shoot,2.3.coinfection.N+P.3.P,1,1,0,1,1,1,1,-0.5235424713216533,9138.958127376756,-0.5140608839362635
16,4,coinfection,low,2,3,92.5,324.12490980655554,29981.554157106388,low,2/24/16,2/26/16,2/26/16,2/26/16,1,1,NA,NA,RT ctrl positive for RPV,shoot,2.4.coinfection.low.3.low,0,0,0,0,1,1,1,-0.14566547720480122,28144.911582395198,-0.010403063087378686
16,4,coinfection,low,2,3,92.5,324.12490980655554,29981.554157106388,N,2/24/16,2/26/16,2/26/16,2/26/16,1,1,NA,NA,RT ctrl positive for RPV,shoot,2.4.coinfection.low.3.N,0,0,1,0,1,1,1,-0.14566547720480122,28144.911582395198,-0.010403063087378686
16,4,coinfection,low,2,3,92.5,324.12490980655554,29981.554157106388,N+P,2/24/16,2/26/16,2/26/16,2/26/16,1,1,NA,NA,RT ctrl positive for RPV,shoot,2.4.coinfection.low.3.N+P,0,0,1,1,1,1,1,-0.14566547720480122,28144.911582395198,-0.010403063087378686
16,4,coinfection,low,2,3,92.5,324.12490980655554,29981.554157106388,P,2/24/16,2/26/16,2/26/16,2/26/16,1,0.5,NA,NA,RT ctrl positive for RPV,shoot,2.4.coinfection.low.3.P,0,0,0,1,1,1,1,-0.14566547720480122,28144.911582395198,-0.010403063087378686
16,4,coinfection,low,4,5,93.7,611.5807183858876,57305.11331275767,low,2/9/16,2/12/16,2/12/16,2/12/16,0,1,NA,NA,NA,shoot,4.4.coinfection.low.5.low,0,0,0,0,1,0,0,0.3339685911564635,6829.230172710702,-0.57526868133269915
16,4,coinfection,low,4,5,93.7,611.5807183858876,57305.11331275767,N,2/9/16,2/12/16,2/12/16,2/12/16,1,0,NA,NA,NA,shoot,4.4.coinfection.low.5.N,0,0,1,0,1,1,1,0.3339685911564635,6829.230172710702,-0.57526868133269915
16,4,coinfection,low,4,5,93.7,611.5807183858876,57305.11331275767,P,2/9/16,2/12/16,2/12/16,2/12/16,0.5,0,NA,NA,NA,shoot,4.4.coinfection.low.5.P,0,0,0,1,1,1,0,0.3339685911564635,6829.230172710702,-0.57526868133269915
16,4,coinfection,N,4,5,107.80000000000001,158.97038874642425,17137.007906864535,N,2/9/16,2/12/16,2/12/16,2/12/16,1,1,NA,NA,NA,shoot,4.4.coinfection.N.5.N,1,0,1,0,1,1,1,-0.4212338688675688,27275.69152441652,-0.033437397106758554
16,4,coinfection,N,4,5,107.80000000000001,158.97038874642425,17137.007906864535,N+P,2/9/16,2/12/16,2/12/16,2/12/16,1,1,NA,NA,NA,shoot,4.4.coinfection.N.5.N+P,1,0,1,1,1,1,1,-0.4212338688675688,27275.69152441652,-0.033437397106758554
16,4,coinfection,N,4,5,107.80000000000001,158.97038874642425,17137.007906864535,P,2/9/16,2/12/16,2/12/16,2/12/16,0.5,1,NA,NA,NA,shoot,4.4.coinfection.N.5.P,1,0,0,1,1,1,0,-0.4212338688675688,27275.69152441652,-0.033437397106758554
16,4,coinfection,N+P,2,3,51,300.7324048771454,15337.352648734417,N,12/15/15,1/6/16,1/7/16,1/7/16,1,1,NA,NA,PAV ctrl didn't show up,shoot,2.4.coinfection.N+P.3.N,1,1,1,0,1,1,1,-0.1846970151789502,112330.84569696701,2.2205244314276227
16,4,coinfection,N+P,2,3,51,300.7324048771454,15337.352648734417,N+P,12/15/15,1/6/16,1/7/16,1/7/16,0,1,NA,NA,PAV ctrl didn't show up,shoot,2.4.coinfection.N+P.3.N+P,1,1,1,1,1,0,0,-0.1846970151789502,112330.84569696701,2.2205244314276227
16,4,coinfection,N+P,2,3,51,300.7324048771454,15337.352648734417,P,12/15/15,1/6/16,1/7/16,1/7/16,0,0,NA,NA,PAV ctrl didn't show up,shoot,2.4.coinfection.N+P.3.P,1,1,0,1,1,0,0,-0.1846970151789502,112330.84569696701,2.2205244314276227
19,5,coinfection,low,2,3,35.3,328.26373087246196,11587.709699797906,low,2/24/16,2/26/16,2/26/16,2/26/16,1,1,NA,NA,RT ctrl positive for RPV,shoot,2.5.coinfection.low.3.low,0,0,0,0,1,1,1,-0.1387596519377075,94768.60828832223,1.7551250899316442
19,5,coinfection,low,2,3,35.3,328.26373087246196,11587.709699797906,N,2/24/16,2/26/16,2/26/16,2/26/16,0,0,NA,NA,RT ctrl positive for RPV,shoot,2.5.coinfection.low.3.N,0,0,1,0,1,0,0,-0.1387596519377075,94768.60828832223,1.7551250899316442
19,5,coinfection,low,2,3,35.3,328.26373087246196,11587.709699797906,N+P,2/24/16,2/26/16,2/26/16,2/26/16,0,1,NA,NA,RT ctrl positive for RPV,shoot,2.5.coinfection.low.3.N+P,0,0,1,1,1,0,0,-0.1387596519377075,94768.60828832223,1.7551250899316442
19,5,coinfection,P,4,5,88.6,67.31125386971469,5963.7770928567215,low,1/28/16,2/1/16,2/1/16,2/1/16,1,1,NA,NA,NA,shoot,4.5.coinfection.P.5.low,0,1,0,0,1,1,1,-0.5741716159969932,165486.49089718887,3.6291491810736924
19,5,coinfection,P,4,5,88.6,67.31125386971469,5963.7770928567215,N,1/28/16,2/1/16,2/1/16,2/1/16,1,1,NA,NA,NA,shoot,4.5.coinfection.P.5.N,0,1,1,0,1,1,1,-0.5741716159969932,165486.49089718887,3.6291491810736924
19,5,coinfection,P,4,5,88.6,67.31125386971469,5963.7770928567215,N+P,1/28/16,2/1/16,2/1/16,2/1/16,1,1,NA,NA,NA,shoot,4.5.coinfection.P.5.N+P,0,1,1,1,1,1,1,-0.5741716159969932,165486.49089718887,3.6291491810736924
19,5,coinfection,P,4,5,88.6,67.31125386971469,5963.7770928567215,P,1/28/16,2/1/16,2/1/16,2/1/16,1,1,NA,NA,NA,shoot,4.5.coinfection.P.5.P,0,1,0,1,1,1,1,-0.5741716159969932,165486.49089718887,3.6291491810736924
19,5,coinfection,N+P,2,3,89.1,440.4345714921071,39242.72031994674,N,3/8/16,3/11/16,3/13/16,3/13/16,0,1,NA,NA,NA,shoot,2.5.coinfection.N+P.3.N,1,1,1,0,1,0,0,0.04840287890068195,24617.893147516344,-0.10386906168666883
19,5,coinfection,N+P,2,3,89.1,440.4345714921071,39242.72031994674,N+P,3/8/16,3/11/16,3/13/16,3/13/16,1,1,NA,NA,NA,shoot,2.5.coinfection.N+P.3.N+P,1,1,1,1,1,1,1,0.04840287890068195,24617.893147516344,-0.10386906168666883
19,5,coinfection,N+P,2,3,89.1,440.4345714921071,39242.72031994674,P,3/8/16,3/11/16,3/13/16,3/13/16,1,1,NA,NA,NA,shoot,2.5.coinfection.N+P.3.P,1,1,0,1,1,1,1,0.04840287890068195,24617.893147516344,-0.10386906168666883
19,5,coinfection,N+P,4,5,75.6,94.16209900257776,7118.654684594878,N,1/28/16,2/1/16,2/1/16,2/1/16,0,1,NA,NA,NA,shoot,4.5.coinfection.N+P.5.N,1,1,1,0,1,0,0,-0.529369668338805,7272.760332490187,-0.5635151308315898
19,5,coinfection,N+P,4,5,75.6,94.16209900257776,7118.654684594878,N+P,1/28/16,2/1/16,2/1/16,2/1/16,0,1,NA,NA,NA,shoot,4.5.coinfection.N+P.5.N+P,1,1,1,1,1,0,0,-0.529369668338805,7272.760332490187,-0.5635151308315898
19,5,coinfection,N+P,4,5,75.6,94.16209900257776,7118.654684594878,P,1/28/16,2/1/16,2/1/16,2/1/16,0,1,NA,NA,NA,shoot,4.5.coinfection.N+P.5.P,1,1,0,1,1,0,0,-0.529369668338805,7272.760332490187,-0.5635151308315898
22,6,coinfection,low,2,3,38,663.7946411944091,25224.196365387546,low,3/8/16,3/11/16,3/13/16,3/13/16,0,0,NA,NA,NA,shoot,2.6.coinfection.low.3.low,0,0,0,0,1,0,0,0.42109007374372753,7125.342252574002,-0.5674217103704715
22,6,coinfection,low,2,3,38,663.7946411944091,25224.196365387546,N+P,3/8/16,3/11/16,3/13/16,3/13/16,1,1,NA,NA,NA,shoot,2.6.coinfection.low.3.N+P,0,0,1,1,1,1,1,0.42109007374372753,7125.342252574002,-0.5674217103704715
22,6,coinfection,low,2,3,38,663.7946411944091,25224.196365387546,P,3/8/16,3/11/16,3/13/16,3/13/16,1,0,NA,NA,NA,shoot,2.6.coinfection.low.3.P,0,0,0,1,1,1,1,0.42109007374372753,7125.342252574002,-0.5674217103704715
22,6,coinfection,P,4,5,99.4,436.7668616255392,43414.6260455786,low,2/8/16,2/12/16,2/12/16,2/12/16,0,0,NA,NA,NA,shoot,4.6.coinfection.P.5.low,0,1,0,0,1,0,0,0.042283125699085995,2502.466021194044,-0.6899279437073812
22,6,coinfection,P,4,5,99.4,436.7668616255392,43414.6260455786,N,2/8/16,2/12/16,2/12/16,2/12/16,1,1,NA,NA,NA,shoot,4.6.coinfection.P.5.N,0,1,1,0,1,1,1,0.042283125699085995,2502.466021194044,-0.6899279437073812
22,6,coinfection,P,4,5,99.4,436.7668616255392,43414.6260455786,N+P,2/8/16,2/12/16,2/12/16,2/12/16,1,0,NA,NA,NA,shoot,4.6.coinfection.P.5.N+P,0,1,1,1,1,1,1,0.042283125699085995,2502.466021194044,-0.6899279437073812
22,6,coinfection,P,4,5,99.4,436.7668616255392,43414.6260455786,P,2/8/16,2/12/16,2/12/16,2/12/16,1,0,NA,NA,NA,shoot,4.6.coinfection.P.5.P,0,1,0,1,1,1,1,0.042283125699085995,2502.466021194044,-0.6899279437073812
22,6,coinfection,N,4,5,136.3,2006.9262310489783,273544.0452919758,low,11/17/15,11/19/15,11/24/15,11/25/15,1,0,NA,NA,NA,shoot,4.6.coinfection.N.5.low,1,0,0,0,1,1,1,2.6621707879248464,18450.950148688233,-0.267293068771613
22,6,coinfection,N,4,5,136.3,2006.9262310489783,273544.0452919758,N,11/17/15,11/19/15,11/24/15,11/25/15,1,1,NA,NA,NA,shoot,4.6.coinfection.N.5.N,1,0,1,0,1,1,1,2.6621707879248464,18450.950148688233,-0.267293068771613
22,6,coinfection,N,4,5,136.3,2006.9262310489783,273544.0452919758,N+P,11/17/15,11/19/15,11/24/15,11/25/15,1,1,NA,NA,NA,shoot,4.6.coinfection.N.5.N+P,1,0,1,1,1,1,1,2.6621707879248464,18450.950148688233,-0.267293068771613
22,6,coinfection,N,4,5,136.3,2006.9262310489783,273544.0452919758,P,11/17/15,11/19/15,11/24/15,11/25/15,1,1,NA,NA,NA,shoot,4.6.coinfection.N.5.P,1,0,0,1,1,1,1,2.6621707879248464,18450.950148688233,-0.267293068771613
22,6,coinfection,N+P,3,4,121.2,71.28824150586438,8640.134870510763,low,8/18/15,8/19/15,8/21/15,8/21/15,1,0,NA,NA,NA,shoot,3.6.coinfection.N+P.4.low,1,1,0,0,1,1,1,-0.567535817718377,6963.639141616773,-0.5717068432727463
22,6,coinfection,N+P,3,4,121.2,71.28824150586438,8640.134870510763,N,8/18/15,8/19/15,8/21/15,8/21/15,1,1,NA,NA,NA,shoot,3.6.coinfection.N+P.4.N,1,1,1,0,1,1,1,-0.567535817718377,6963.639141616773,-0.5717068432727463
22,6,coinfection,N+P,3,4,121.2,71.28824150586438,8640.134870510763,N+P,8/18/15,8/19/15,8/21/15,8/21/15,0.5,1,NA,NA,NA,shoot,3.6.coinfection.N+P.4.N+P,1,1,1,1,1,1,0,-0.567535817718377,6963.639141616773,-0.5717068432727463
22,6,coinfection,N+P,3,4,121.2,71.28824150586438,8640.134870510763,P,8/18/15,8/19/15,8/21/15,8/21/15,1,1,NA,NA,NA,shoot,3.6.coinfection.N+P.4.P,1,1,0,1,1,1,1,-0.567535817718377,6963.639141616773,-0.5717068432727463
26,7,coinfection,low,2,3,52.3,165.33145656382808,8646.83517828821,low,3/8/16,3/11/16,3/13/16,3/13/16,1,1,NA,NA,NA,shoot,2.7.coinfection.low.3.low,0,0,0,0,1,1,1,-0.4106201162651708,2177.571766912122,-0.6985376423739192
26,7,coinfection,low,2,3,52.3,165.33145656382808,8646.83517828821,N+P,3/8/16,3/11/16,3/13/16,3/13/16,1,1,NA,NA,NA,shoot,2.7.coinfection.low.3.N+P,0,0,1,1,1,1,1,-0.4106201162651708,2177.571766912122,-0.6985376423739192
26,7,coinfection,low,2,3,52.3,165.33145656382808,8646.83517828821,P,3/8/16,3/11/16,3/13/16,3/13/16,1,1,NA,NA,NA,shoot,2.7.coinfection.low.3.P,0,0,0,1,1,1,1,-0.4106201162651708,2177.571766912122,-0.6985376423739192
26,7,coinfection,low,4,5,115.7,90.35282826295354,10453.822230023725,low,2/8/16,2/12/16,2/12/16,2/12/16,0.5,1,NA,NA,NA,shoot,4.7.coinfection.low.5.low,0,0,0,0,1,1,0,-0.5357256227770374,11280.102198018496,-0.45732055994803533
26,7,coinfection,low,4,5,115.7,90.35282826295354,10453.822230023725,N,2/8/16,2/12/16,2/12/16,2/12/16,0.5,0.5,NA,NA,NA,shoot,4.7.coinfection.low.5.N,0,0,1,0,1,1,0,-0.5357256227770374,11280.102198018496,-0.45732055994803533
26,7,coinfection,low,4,5,115.7,90.35282826295354,10453.822230023725,N+P,2/8/16,2/12/16,2/12/16,2/12/16,0,0,NA,NA,NA,shoot,4.7.coinfection.low.5.N+P,0,0,1,1,1,0,0,-0.5357256227770374,11280.102198018496,-0.45732055994803533
26,7,coinfection,low,4,5,115.7,90.35282826295354,10453.822230023725,P,2/8/16,2/12/16,2/12/16,2/12/16,1,1,NA,NA,NA,shoot,4.7.coinfection.low.5.P,0,0,0,1,1,1,1,-0.5357256227770374,11280.102198018496,-0.45732055994803533
26,7,coinfection,P,4,5,153.10000000000002,234.41940167839542,35889.610396962344,low,2/8/16,2/12/16,2/12/16,2/12/16,0,0,NA,NA,NA,shoot,4.7.coinfection.P.5.low,0,1,0,0,1,0,0,-0.295343502604833,877.7642769556354,-0.7329825445706928
26,7,coinfection,P,4,5,153.10000000000002,234.41940167839542,35889.610396962344,N,2/8/16,2/12/16,2/12/16,2/12/16,0,0,NA,NA,NA,shoot,4.7.coinfection.P.5.N,0,1,1,0,1,0,0,-0.295343502604833,877.7642769556354,-0.7329825445706928
26,7,coinfection,P,4,5,153.10000000000002,234.41940167839542,35889.610396962344,N+P,2/8/16,2/12/16,2/12/16,2/12/16,0,0,NA,NA,NA,shoot,4.7.coinfection.P.5.N+P,0,1,1,1,1,0,0,-0.295343502604833,877.7642769556354,-0.7329825445706928
26,7,coinfection,P,4,5,153.10000000000002,234.41940167839542,35889.610396962344,P,2/8/16,2/12/16,2/12/16,2/12/16,0,0,NA,NA,NA,shoot,4.7.coinfection.P.5.P,0,1,0,1,1,0,0,-0.295343502604833,877.7642769556354,-0.7329825445706928
26,7,coinfection,N,4,5,92,760.3490693565368,69952.11438080139,low,2/8/16,2/12/16,2/12/16,2/12/16,0,1,NA,NA,NA,shoot,4.7.coinfection.N.5.low,1,0,0,0,1,0,0,0.5821958570172491,13825.155419997986,-0.3898766422955821
26,7,coinfection,N,4,5,92,760.3490693565368,69952.11438080139,N,2/8/16,2/12/16,2/12/16,2/12/16,1,1,NA,NA,NA,shoot,4.7.coinfection.N.5.N,1,0,1,0,1,1,1,0.5821958570172491,13825.155419997986,-0.3898766422955821
26,7,coinfection,N+P,2,3,82.10000000000001,61.37431448829756,5038.83121948923,low,3/8/16,3/11/16,3/13/16,3/13/16,0,1,NA,NA,NA,shoot,2.7.coinfection.N+P.3.low,1,1,0,0,1,0,0,-0.5840776895712115,78461.15079428775,1.3229774197571438
26,7,coinfection,N+P,2,3,82.10000000000001,61.37431448829756,5038.83121948923,N,3/8/16,3/11/16,3/13/16,3/13/16,0,1,NA,NA,NA,shoot,2.7.coinfection.N+P.3.N,1,1,1,0,1,0,0,-0.5840776895712115,78461.15079428775,1.3229774197571438
26,7,coinfection,N+P,2,3,82.10000000000001,61.37431448829756,5038.83121948923,N+P,3/8/16,3/11/16,3/13/16,3/13/16,1,1,NA,NA,NA,shoot,2.7.coinfection.N+P.3.N+P,1,1,1,1,1,1,1,-0.5840776895712115,78461.15079428775,1.3229774197571438
26,7,coinfection,N+P,2,3,82.10000000000001,61.37431448829756,5038.83121948923,P,3/8/16,3/11/16,3/13/16,3/13/16,0.5,1,NA,NA,NA,shoot,2.7.coinfection.N+P.3.P,1,1,0,1,1,1,0,-0.5840776895712115,78461.15079428775,1.3229774197571438
29,8,coinfection,low,3,4,133.8,1711.6969247747181,229025.0485348573,P,3/3/16,3/4/16,3/5/16,3/5/16,0,1,NA,NA,NA,shoot,3.8.coinfection.low.4.P,0,0,0,1,1,0,0,2.169566258666507,39007.54802966335,0.27745683379457114
29,8,coinfection,low,3,4,133.8,1711.6969247747181,229025.0485348573,low,3/3/16,3/4/16,3/5/16,3/5/16,1,1,NA,NA,NA,shoot,3.8.coinfection.low.4.low,0,0,0,0,1,1,1,2.169566258666507,39007.54802966335,0.27745683379457114
29,8,coinfection,low,3,4,133.8,1711.6969247747181,229025.0485348573,N,3/3/16,3/4/16,3/5/16,3/5/16,0,1,NA,NA,NA,shoot,3.8.coinfection.low.4.N,0,0,1,0,1,0,0,2.169566258666507,39007.54802966335,0.27745683379457114
29,8,coinfection,low,3,4,133.8,1711.6969247747181,229025.0485348573,N+P,3/3/16,3/4/16,3/5/16,3/5/16,1,1,NA,NA,NA,shoot,3.8.coinfection.low.4.N+P,0,0,1,1,1,1,1,2.169566258666507,39007.54802966335,0.27745683379457114
29,8,coinfection,P,3,4,137.6,590.5457075860395,81259.08936383903,low,2/9/16,2/12/16,2/12/16,2/12/16,1,1,NA,NA,NA,shoot,3.8.coinfection.P.4.low,0,1,0,0,1,1,1,0.29887064737923796,54491.77839434231,0.6877889826895855
29,8,coinfection,P,3,4,137.6,590.5457075860395,81259.08936383903,N,2/9/16,2/12/16,2/12/16,2/12/16,1,1,NA,NA,NA,shoot,3.8.coinfection.P.4.N,0,1,1,0,1,1,1,0.29887064737923796,54491.77839434231,0.6877889826895855
29,8,coinfection,P,3,4,137.6,590.5457075860395,81259.08936383903,N+P,2/9/16,2/12/16,2/12/16,2/12/16,1,1,NA,NA,NA,shoot,3.8.coinfection.P.4.N+P,0,1,1,1,1,1,1,0.29887064737923796,54491.77839434231,0.6877889826895855
29,8,coinfection,P,3,4,137.6,590.5457075860395,81259.08936383903,P,2/9/16,2/12/16,2/12/16,2/12/16,0.5,0,NA,NA,NA,shoot,3.8.coinfection.P.4.P,0,1,0,1,1,1,0,0.29887064737923796,54491.77839434231,0.6877889826895855
29,8,coinfection,P,4,5,76.30000000000001,1237.6367056563554,94431.68064157994,low,2/8/16,2/12/16,2/12/16,2/12/16,0.5,0.5,NA,NA,NA,shoot,4.8.coinfection.P.5.low,0,1,0,0,1,1,0,1.3785736095086736,12358.141163800403,-0.4287525242753744
29,8,coinfection,P,4,5,76.30000000000001,1237.6367056563554,94431.68064157994,N,2/8/16,2/12/16,2/12/16,2/12/16,1,1,NA,NA,NA,shoot,4.8.coinfection.P.5.N,0,1,1,0,1,1,1,1.3785736095086736,12358.141163800403,-0.4287525242753744
29,8,coinfection,P,4,5,76.30000000000001,1237.6367056563554,94431.68064157994,N+P,2/8/16,2/12/16,2/12/16,2/12/16,1,1,NA,NA,NA,shoot,4.8.coinfection.P.5.N+P,0,1,1,1,1,1,1,1.3785736095086736,12358.141163800403,-0.4287525242753744
29,8,coinfection,P,4,5,76.30000000000001,1237.6367056563554,94431.68064157994,P,2/8/16,2/12/16,2/12/16,2/12/16,1,1,NA,NA,NA,shoot,4.8.coinfection.P.5.P,0,1,0,1,1,1,1,1.3785736095086736,12358.141163800403,-0.4287525242753744
29,8,coinfection,N,4,5,187,130.1357363263188,24335.382693021616,low,10/6/15,10/10/15,10/10/15,10/11/15,0,1,NA,NA,NA,shoot,4.8.coinfection.N.5.low,1,0,0,0,1,0,0,-0.46934589595927856,34949.56411742593,0.16992024852856527
29,8,coinfection,N,4,5,187,130.1357363263188,24335.382693021616,N,10/5/15,10/10/15,10/10/15,10/11/15,0,1,NA,NA,NA,shoot,4.8.coinfection.N.5.N,1,0,1,0,1,0,0,-0.46934589595927856,34949.56411742593,0.16992024852856527
29,8,coinfection,N,4,5,187,130.1357363263188,24335.382693021616,N+P,10/5/15,10/10/15,10/10/15,10/11/15,0,1,NA,NA,NA,shoot,4.8.coinfection.N.5.N+P,1,0,1,1,1,0,0,-0.46934589595927856,34949.56411742593,0.16992024852856527
29,8,coinfection,N,4,5,187,130.1357363263188,24335.382693021616,P,10/6/15,10/10/15,10/10/15,10/11/15,1,1,NA,NA,NA,shoot,4.8.coinfection.N.5.P,1,0,0,1,1,1,1,-0.46934589595927856,34949.56411742593,0.16992024852856527
29,8,coinfection,N+P,2,3,71.3,103.93289526176021,7410.415432163502,N,3/8/16,3/11/16,3/13/16,3/13/16,0,1,NA,NA,NA,shoot,2.8.coinfection.N+P.3.N,1,1,1,0,1,0,0,-0.5130666171530178,95.48749933520999,-0.7537128814122238
29,8,coinfection,N+P,2,3,71.3,103.93289526176021,7410.415432163502,N+P,3/8/16,3/11/16,3/13/16,3/13/16,0,1,NA,NA,NA,shoot,2.8.coinfection.N+P.3.N+P,1,1,1,1,1,0,0,-0.5130666171530178,95.48749933520999,-0.7537128814122238
29,8,coinfection,N+P,4,5,164.5,64.3141372915059,10579.675584452722,low,2/8/16,2/12/16,2/12/16,2/12/16,0,1,NA,NA,NA,shoot,4.8.coinfection.N+P.5.low,1,1,0,0,1,0,0,-0.5791724515162466,54602.95780533655,0.690735237398519
29,8,coinfection,N+P,4,5,164.5,64.3141372915059,10579.675584452722,N,2/8/16,2/12/16,2/12/16,2/12/16,1,1,NA,NA,NA,shoot,4.8.coinfection.N+P.5.N,1,1,1,0,1,1,1,-0.5791724515162466,54602.95780533655,0.690735237398519
29,8,coinfection,N+P,4,5,164.5,64.3141372915059,10579.675584452722,N+P,2/8/16,2/12/16,2/12/16,2/12/16,1,1,NA,NA,NA,shoot,4.8.coinfection.N+P.5.N+P,1,1,1,1,1,1,1,-0.5791724515162466,54602.95780533655,0.690735237398519
29,8,coinfection,N+P,4,5,164.5,64.3141372915059,10579.675584452722,P,2/8/16,2/12/16,2/12/16,2/12/16,0.5,1,NA,NA,NA,shoot,4.8.coinfection.N+P.5.P,1,1,0,1,1,1,0,-0.5791724515162466,54602.95780533655,0.690735237398519
5,1,coinfection,N+P,1,1,92.80000000000001,91.17135064634493,8460.70133998081,low,3/22/16,3/25/16,3/25/16,3/26/16,1,0,NA,NA,NA,shoot,1.1.coinfection.N+P.1.low,1,1,0,0,1,1,1,-0.5343598781683929,3525.343111517072,-0.6628216978919516
5,1,coinfection,N+P,1,1,92.80000000000001,91.17135064634493,8460.70133998081,N,3/22/16,3/25/16,3/25/16,3/26/16,0,1,NA,NA,NA,shoot,1.1.coinfection.N+P.1.N,1,1,1,0,1,0,0,-0.5343598781683929,3525.343111517072,-0.6628216978919516
5,1,coinfection,N+P,1,1,92.80000000000001,91.17135064634493,8460.70133998081,N+P,3/22/16,3/25/16,3/25/16,3/26/16,0.5,0,NA,NA,NA,shoot,1.1.coinfection.N+P.1.N+P,1,1,1,1,1,1,0,-0.5343598781683929,3525.343111517072,-0.6628216978919516
5,1,coinfection,N+P,1,1,92.80000000000001,91.17135064634493,8460.70133998081,P,3/22/16,3/25/16,3/25/16,3/26/16,1,0,NA,NA,NA,shoot,1.1.coinfection.N+P.1.P,1,1,0,1,1,1,1,-0.5343598781683929,3525.343111517072,-0.6628216978919516
5,1,coinfection,P,1,1,68.4,106.66101810378913,7295.613638299177,N,8/18/15,8/19/15,8/21/15,8/21/15,0,1,NA,NA,NA,shoot,1.1.coinfection.P.1.N,0,1,1,0,1,0,0,-0.5085146108318427,148.88244353751335,-0.752297915238339
5,1,coinfection,P,1,1,68.4,106.66101810378913,7295.613638299177,N+P,8/18/15,8/19/15,8/21/15,8/21/15,1,1,NA,NA,NA,shoot,1.1.coinfection.P.1.N+P,0,1,1,1,1,1,1,-0.5085146108318427,148.88244353751335,-0.752297915238339
5,1,coinfection,P,1,1,68.4,106.66101810378913,7295.613638299177,low,3/22/16,3/25/16,3/25/16,3/26/16,0,0,NA,NA,NA,shoot,1.1.coinfection.P.1.low,0,1,0,0,1,0,0,-0.5085146108318427,148.88244353751335,-0.752297915238339
5,1,coinfection,P,1,1,68.4,106.66101810378913,7295.613638299177,P,3/22/16,3/25/16,3/25/16,3/26/16,0,0,NA,NA,NA,shoot,1.1.coinfection.P.1.P,0,1,0,1,1,0,0,-0.5085146108318427,148.88244353751335,-0.752297915238339
8,2,coinfection,P,1,1,11.299999999999999,295.4303520426973,3338.362978082479,low,8/13/15,8/19/15,8/21/15,8/21/15,0,1,NA,NA,NA,shoot,1.2.coinfection.P.1.low,0,1,0,0,1,0,0,-0.19354374951429384,4372.234720173793,-0.6403790678433852
8,2,coinfection,P,1,1,11.299999999999999,295.4303520426973,3338.362978082479,P,8/13/15,8/19/15,8/21/15,8/21/15,0,0,NA,NA,NA,shoot,1.2.coinfection.P.1.P,0,1,0,1,1,0,0,-0.19354374951429384,4372.234720173793,-0.6403790678433852
12,3,coinfection,low,1,1,49.4,124.0563849489432,6128.385416477794,low,3/22/16,3/25/16,3/25/16,3/26/16,1,0,NA,NA,NA,shoot,1.3.coinfection.low.1.low,0,0,0,0,1,1,1,-0.47948959091030124,2825.563490236556,-0.68136585985482
12,3,coinfection,low,1,1,49.4,124.0563849489432,6128.385416477794,N,3/22/16,3/25/16,3/25/16,3/26/16,1,0,NA,NA,NA,shoot,1.3.coinfection.low.1.N,0,0,1,0,1,1,1,-0.47948959091030124,2825.563490236556,-0.68136585985482
12,3,coinfection,low,1,1,49.4,124.0563849489432,6128.385416477794,N+P,3/22/16,3/25/16,3/25/16,3/26/16,1,1,NA,NA,NA,shoot,1.3.coinfection.low.1.N+P,0,0,1,1,1,1,1,-0.47948959091030124,2825.563490236556,-0.68136585985482
12,3,coinfection,low,1,1,49.4,124.0563849489432,6128.385416477794,P,3/22/16,3/25/16,3/25/16,3/26/16,0.5,1,NA,NA,NA,shoot,1.3.coinfection.low.1.P,0,0,0,1,1,1,0,-0.47948959091030124,2825.563490236556,-0.68136585985482
12,3,coinfection,N,1,1,85.1,353.1812765820723,30055.726637134354,low,2/3/16,2/10/16,2/10/16,2/10/16,1,1,NA,NA,NA,shoot,1.3.coinfection.N.1.low,1,0,0,0,1,1,1,-0.09718350887299058,20829.098208879957,-0.20427213838330358
12,3,coinfection,N,1,1,85.1,353.1812765820723,30055.726637134354,N,2/3/16,2/10/16,2/10/16,2/10/16,1,1,NA,NA,NA,shoot,1.3.coinfection.N.1.N,1,0,1,0,1,1,1,-0.09718350887299058,20829.098208879957,-0.20427213838330358
12,3,coinfection,N,1,1,85.1,353.1812765820723,30055.726637134354,N+P,2/3/16,2/10/16,2/10/16,2/10/16,0,0,NA,NA,NA,shoot,1.3.coinfection.N.1.N+P,1,0,1,1,1,0,0,-0.09718350887299058,20829.098208879957,-0.20427213838330358
12,3,coinfection,N,1,1,85.1,353.1812765820723,30055.726637134354,P,2/3/16,2/10/16,2/10/16,2/10/16,1,0.5,NA,NA,NA,shoot,1.3.coinfection.N.1.P,1,0,0,1,1,1,1,-0.09718350887299058,20829.098208879957,-0.20427213838330358
12,3,coinfection,N+P,1,1,28.400000000000002,364.4621221651121,10350.724269489183,low,2/3/16,2/10/16,2/10/16,2/10/16,1,0.5,NA,NA,NA,shoot,1.3.coinfection.N+P.1.low,1,1,0,0,1,1,1,-0.07836086657437331,7350.102682517281,-0.5614655583349418
12,3,coinfection,N+P,1,1,28.400000000000002,364.4621221651121,10350.724269489183,N,2/3/16,2/10/16,2/10/16,2/10/16,1,1,NA,NA,NA,shoot,1.3.coinfection.N+P.1.N,1,1,1,0,1,1,1,-0.07836086657437331,7350.102682517281,-0.5614655583349418
12,3,coinfection,N+P,1,1,28.400000000000002,364.4621221651121,10350.724269489183,N+P,2/3/16,2/10/16,2/10/16,2/10/16,0.5,0,NA,NA,NA,shoot,1.3.coinfection.N+P.1.N+P,1,1,1,1,1,1,0,-0.07836086657437331,7350.102682517281,-0.5614655583349418
12,3,coinfection,P,1,1,42.1,231.89169209016103,9762.64023699578,low,2/3/16,2/10/16,2/10/16,2/10/16,0,0.5,NA,NA,NA,shoot,1.3.coinfection.P.1.low,0,1,0,0,1,0,0,-0.2995611096152199,37248.3609456941,0.23083837104423205
12,3,coinfection,P,1,1,42.1,231.89169209016103,9762.64023699578,N,2/3/16,2/10/16,2/10/16,2/10/16,0,1,NA,NA,NA,shoot,1.3.coinfection.P.1.N,0,1,1,0,1,0,0,-0.2995611096152199,37248.3609456941,0.23083837104423205
12,3,coinfection,P,1,1,42.1,231.89169209016103,9762.64023699578,N+P,2/3/16,2/10/16,2/10/16,2/10/16,0.5,1,NA,NA,NA,shoot,1.3.coinfection.P.1.N+P,0,1,1,1,1,1,0,-0.2995611096152199,37248.3609456941,0.23083837104423205
12,3,coinfection,P,1,1,42.1,231.89169209016103,9762.64023699578,P,2/3/16,2/10/16,2/10/16,2/10/16,1,1,NA,NA,NA,shoot,1.3.coinfection.P.1.P,0,1,0,1,1,1,1,-0.2995611096152199,37248.3609456941,0.23083837104423205
19,5,coinfection,N,1,1,168,141.04220665176388,23695.09071749633,low,2/3/16,2/10/16,2/10/16,2/10/16,1,1,NA,NA,NA,shoot,1.5.coinfection.N.1.low,1,0,0,0,1,1,1,-0.4511479170786015,20955.168193379744,-0.2009312834339377
19,5,coinfection,N,1,1,168,141.04220665176388,23695.09071749633,N,2/3/16,2/10/16,2/10/16,2/10/16,1,1,NA,NA,NA,shoot,1.5.coinfection.N.1.N,1,0,1,0,1,1,1,-0.4511479170786015,20955.168193379744,-0.2009312834339377
19,5,coinfection,N,1,1,168,141.04220665176388,23695.09071749633,N+P,2/3/16,2/10/16,2/10/16,2/10/16,0.5,1,NA,NA,NA,shoot,1.5.coinfection.N.1.N+P,1,0,1,1,1,1,0,-0.4511479170786015,20955.168193379744,-0.2009312834339377
19,5,coinfection,N,1,1,168,141.04220665176388,23695.09071749633,P,2/3/16,2/10/16,2/10/16,2/10/16,1,1,NA,NA,NA,shoot,1.5.coinfection.N.1.P,1,0,0,1,1,1,1,-0.4511479170786015,20955.168193379744,-0.2009312834339377
19,5,coinfection,P,1,1,42.6,205.43480268990385,8751.522594589904,low,2/4/16,2/10/16,2/10/16,2/10/16,1,1,NA,NA,NA,shoot,1.5.coinfection.P.1.low,0,1,0,0,1,1,1,-0.34370572287575624,358.63659083668824,-0.7467394297357438
19,5,coinfection,P,1,1,42.6,205.43480268990385,8751.522594589904,N,2/4/16,2/10/16,2/10/16,2/10/16,1,1,NA,NA,NA,shoot,1.5.coinfection.P.1.N,0,1,1,0,1,1,1,-0.34370572287575624,358.63659083668824,-0.7467394297357438
19,5,coinfection,P,1,1,42.6,205.43480268990385,8751.522594589904,N+P,2/18/16,2/19/16,2/19/16,2/19/16,1,1,NA,NA,NA,shoot,1.5.coinfection.P.1.N+P,0,1,1,1,1,1,1,-0.34370572287575624,358.63659083668824,-0.7467394297357438
19,5,coinfection,P,1,1,42.6,205.43480268990385,8751.522594589904,P,2/18/16,2/19/16,2/19/16,2/19/16,1,1,NA,NA,NA,shoot,1.5.coinfection.P.1.P,0,1,0,1,1,1,1,-0.34370572287575624,358.63659083668824,-0.7467394297357438
22,6,coinfection,low,1,1,81.2,564.4401515271223,45832.54030400234,low,2/4/16,2/10/16,2/10/16,2/10/16,1,1,NA,NA,NA,shoot,1.6.coinfection.low.1.low,0,0,0,0,1,1,1,0.2553122509730094,52135.53639749288,0.6253485630424218
22,6,coinfection,low,1,1,81.2,564.4401515271223,45832.54030400234,N,2/4/16,2/10/16,2/10/16,2/10/16,1,0,NA,NA,NA,shoot,1.6.coinfection.low.1.N,0,0,1,0,1,1,1,0.2553122509730094,52135.53639749288,0.6253485630424218
22,6,coinfection,low,1,1,81.2,564.4401515271223,45832.54030400234,N+P,2/4/16,2/10/16,2/10/16,2/10/16,1,1,NA,NA,NA,shoot,1.6.coinfection.low.1.N+P,0,0,1,1,1,1,1,0.2553122509730094,52135.53639749288,0.6253485630424218
22,6,coinfection,low,1,1,81.2,564.4401515271223,45832.54030400234,P,2/4/16,2/10/16,2/10/16,2/10/16,0,0,NA,NA,NA,shoot,1.6.coinfection.low.1.P,0,0,0,1,1,0,0,0.2553122509730094,52135.53639749288,0.6253485630424218
22,6,coinfection,N,1,1,49.4,58.962651793547785,2912.7549986012605,low,2/18/16,2/19/16,2/19/16,2/19/16,1,1,NA,NA,NA,shoot,1.6.coinfection.N.1.low,1,0,0,0,1,1,1,-0.5881016666670813,10720.540677491948,-0.47214894184038786
22,6,coinfection,N,1,1,49.4,58.962651793547785,2912.7549986012605,N,2/18/16,2/19/16,2/19/16,2/19/16,0,0,NA,NA,NA,shoot,1.6.coinfection.N.1.N,1,0,1,0,1,0,0,-0.5881016666670813,10720.540677491948,-0.47214894184038786
22,6,coinfection,N,1,1,49.4,58.962651793547785,2912.7549986012605,N+P,2/18/16,2/19/16,2/19/16,2/19/16,1,1,NA,NA,NA,shoot,1.6.coinfection.N.1.N+P,1,0,1,1,1,1,1,-0.5881016666670813,10720.540677491948,-0.47214894184038786
22,6,coinfection,N,1,1,49.4,58.962651793547785,2912.7549986012605,P,2/18/16,2/19/16,2/19/16,2/19/16,1,1,NA,NA,NA,shoot,1.6.coinfection.N.1.P,1,0,0,1,1,1,1,-0.5881016666670813,10720.540677491948,-0.47214894184038786
26,7,coinfection,N,1,1,82.69999999999999,70.8594213793928,5860.074148075783,low,2/4/16,2/10/16,2/10/16,2/10/16,1,0,NA,NA,NA,shoot,1.7.coinfection.N.1.low,1,0,0,0,1,1,1,-0.5682513250614752,8072.334216043838,-0.5423264206334188
26,7,coinfection,N,1,1,82.69999999999999,70.8594213793928,5860.074148075783,N,2/4/16,2/10/16,2/10/16,2/10/16,0,0,NA,NA,NA,shoot,1.7.coinfection.N.1.N,1,0,1,0,1,0,0,-0.5682513250614752,8072.334216043838,-0.5423264206334188
26,7,coinfection,N,1,1,82.69999999999999,70.8594213793928,5860.074148075783,N+P,2/4/16,2/10/16,2/10/16,2/10/16,0,0,NA,NA,NA,shoot,1.7.coinfection.N.1.N+P,1,0,1,1,1,0,0,-0.5682513250614752,8072.334216043838,-0.5423264206334188
26,7,coinfection,N,1,1,82.69999999999999,70.8594213793928,5860.074148075783,P,2/4/16,2/10/16,2/10/16,2/10/16,1,0.5,NA,NA,NA,shoot,1.7.coinfection.N.1.P,1,0,0,1,1,1,1,-0.5682513250614752,8072.334216043838,-0.5423264206334188
26,7,coinfection,N+P,1,1,94.7,98.55053973312019,9332.736112726483,low,2/4/16,2/10/16,2/10/16,2/10/16,1,1,NA,NA,NA,shoot,1.7.coinfection.N+P.1.low,1,1,0,0,1,1,1,-0.5220473404590696,55296.61210197724,0.7091170782409351
26,7,coinfection,N+P,1,1,94.7,98.55053973312019,9332.736112726483,N,2/4/16,2/10/16,2/10/16,2/10/16,1,1,NA,NA,NA,shoot,1.7.coinfection.N+P.1.N,1,1,1,0,1,1,1,-0.5220473404590696,55296.61210197724,0.7091170782409351
26,7,coinfection,N+P,1,1,94.7,98.55053973312019,9332.736112726483,N+P,2/4/16,2/10/16,2/10/16,2/10/16,1,1,NA,NA,NA,shoot,1.7.coinfection.N+P.1.N+P,1,1,1,1,1,1,1,-0.5220473404590696,55296.61210197724,0.7091170782409351
26,7,coinfection,N+P,1,1,94.7,98.55053973312019,9332.736112726483,P,2/4/16,2/10/16,2/10/16,2/10/16,0,0,NA,NA,NA,shoot,1.7.coinfection.N+P.1.P,1,1,0,1,1,0,0,-0.5220473404590696,55296.61210197724,0.7091170782409351
26,7,coinfection,P,1,1,39.9,285.1853732821561,11378.896393958028,low,4/5/16,4/8/16,4/9/16,4/9/16,1,1,NA,NA,NA,shoot,1.7.coinfection.P.1.low,0,1,0,0,1,1,1,-0.2106379973831345,696.5824433569469,-0.7377838636786077
26,7,coinfection,P,1,1,39.9,285.1853732821561,11378.896393958028,N,4/5/16,4/8/16,4/9/16,4/9/16,1,1,NA,NA,NA,shoot,1.7.coinfection.P.1.N,0,1,1,0,1,1,1,-0.2106379973831345,696.5824433569469,-0.7377838636786077
26,7,coinfection,P,1,1,39.9,285.1853732821561,11378.896393958028,N+P,4/5/16,4/8/16,4/9/16,4/9/16,1,1,NA,NA,NA,shoot,1.7.coinfection.P.1.N+P,0,1,1,1,1,1,1,-0.2106379973831345,696.5824433569469,-0.7377838636786077
26,7,coinfection,P,1,1,39.9,285.1853732821561,11378.896393958028,P,4/5/16,4/8/16,4/9/16,4/9/16,1,1,NA,NA,NA,shoot,1.7.coinfection.P.1.P,0,1,0,1,1,1,1,-0.2106379973831345,696.5824433569469,-0.7377838636786077
29,8,coinfection,low,1,1,21.8,410.16116343463926,8941.5133628751355,N,4/5/16,4/8/16,4/9/16,4/9/16,1,1,NA,NA,NA,shoot,1.8.coinfection.low.1.N,0,0,1,0,1,1,1,-0.0021097823028808473,3010.5897928155596,-0.676462662307945
29,8,coinfection,low,1,1,21.8,410.16116343463926,8941.5133628751355,N+P,4/5/16,4/8/16,4/9/16,4/9/16,1,1,NA,NA,NA,shoot,1.8.coinfection.low.1.N+P,0,0,1,1,1,1,1,-0.0021097823028808473,3010.5897928155596,-0.676462662307945
29,8,coinfection,low,1,1,21.8,410.16116343463926,8941.5133628751355,P,4/5/16,4/8/16,4/9/16,4/9/16,1,1,NA,NA,NA,shoot,1.8.coinfection.low.1.P,0,0,0,1,1,1,1,-0.0021097823028808473,3010.5897928155596,-0.676462662307945
29,8,coinfection,N,1,1,211.5,3303.077380083324,698600.8658876229,N,4/5/16,4/8/16,4/9/16,4/9/16,1,0.5,NA,NA,NA,shoot,1.8.coinfection.N.1.N,1,0,1,0,1,1,1,4.824862340045285,27415.75117097902,-0.029725816072769088
29,8,coinfection,N,1,1,211.5,3303.077380083324,698600.8658876229,low,4/5/16,4/8/16,4/9/16,4/9/16,1,1,NA,NA,NA,shoot,1.8.coinfection.N.1.low,1,0,0,0,1,1,1,4.824862340045285,27415.75117097902,-0.029725816072769088
29,8,coinfection,N,1,1,211.5,3303.077380083324,698600.8658876229,N+P,4/5/16,4/8/16,4/9/16,4/9/16,1,1,NA,NA,NA,shoot,1.8.coinfection.N.1.N+P,1,0,1,1,1,1,1,4.824862340045285,27415.75117097902,-0.029725816072769088
29,8,coinfection,N,1,1,211.5,3303.077380083324,698600.8658876229,P,4/5/16,4/8/16,4/9/16,4/9/16,0,0,NA,NA,NA,shoot,1.8.coinfection.N.1.P,1,0,0,1,1,0,0,4.824862340045285,27415.75117097902,-0.029725816072769088
29,8,coinfection,N+P,1,1,282.9,312.299925032867,88349.64879179807,low,4/5/16,4/8/16,4/9/16,4/9/16,0,0,NA,NA,NA,shoot,1.8.coinfection.N+P.1.low,1,1,0,0,1,0,0,-0.16539604234225597,45711.0658646013,0.45510007556916326
29,8,coinfection,N+P,1,1,282.9,312.299925032867,88349.64879179807,N,4/5/16,4/8/16,4/9/16,4/9/16,0,0,NA,NA,NA,shoot,1.8.coinfection.N+P.1.N,1,1,1,0,1,0,0,-0.16539604234225597,45711.0658646013,0.45510007556916326
29,8,coinfection,N+P,1,1,282.9,312.299925032867,88349.64879179807,N+P,4/5/16,4/8/16,4/9/16,4/9/16,1,0,NA,NA,NA,shoot,1.8.coinfection.N+P.1.N+P,1,1,1,1,1,1,1,-0.16539604234225597,45711.0658646013,0.45510007556916326
29,8,coinfection,N+P,1,1,282.9,312.299925032867,88349.64879179807,P,4/5/16,4/8/16,4/9/16,4/9/16,0,0,NA,NA,NA,shoot,1.8.coinfection.N+P.1.P,1,1,0,1,1,0,0,-0.16539604234225597,45711.0658646013,0.45510007556916326
