dpi,time,inoc,nutrient,round,replicate,aphid_mass_mg,conc,quant_t,nutrient_t,ext_date_t,RT_date_t,PCR_date_t,gel_date_t,PAV_t,RPV_t,notes_t,ext_notes_t,gel_notes_t,material,ID,high_N,high_P,high_N_t,high_P_t,co,t_up,t_dn,conc_s,conc_p,conc_p_s
8,2,coinfection,P,2,3,40.7,2103.914793679597,85629.33210275961,low,8/18/15,8/19/15,8/21/15,8/21/15,0,0,NA,NA,NA,shoot,2.2.coinfection.P.3.low,0,1,0,0,1,0,0,-0.7004895523749838,254.43462921158164,-0.26194711705825563
8,2,coinfection,P,2,3,40.7,2103.914793679597,85629.33210275961,N,8/18/15,8/19/15,8/21/15,8/21/15,1,1,NA,NA,NA,shoot,2.2.coinfection.P.3.N,0,1,1,0,1,1,1,-0.7004895523749838,254.43462921158164,-0.26194711705825563
8,2,coinfection,P,2,3,40.7,2103.914793679597,85629.33210275961,N+P,8/18/15,8/19/15,8/21/15,8/21/15,1,1,NA,NA,NA,shoot,2.2.coinfection.P.3.N+P,0,1,1,1,1,1,1,-0.7004895523749838,254.43462921158164,-0.26194711705825563
8,2,coinfection,P,2,3,40.7,2103.914793679597,85629.33210275961,P,8/18/15,8/19/15,8/21/15,8/21/15,1,1,NA,NA,NA,shoot,2.2.coinfection.P.3.P,0,1,0,1,1,1,1,-0.7004895523749838,254.43462921158164,-0.26194711705825563
12,3,coinfection,low,4,5,73.2,156698.50841103707,11470330.815687913,low,2/9/16,2/12/16,2/12/16,2/12/16,0.5,1,NA,NA,NA,shoot,4.3.coinfection.low.5.low,0,0,0,0,1,1,1,3.396267620087618,687.403492486968,0.46048259620048304
12,3,coinfection,low,4,5,73.2,156698.50841103707,11470330.815687913,N,2/9/16,2/12/16,2/12/16,2/12/16,1,1,NA,NA,NA,shoot,4.3.coinfection.low.5.N,0,0,1,0,1,1,1,3.396267620087618,687.403492486968,0.46048259620048304
12,3,coinfection,low,4,5,73.2,156698.50841103707,11470330.815687913,N+P,2/9/16,2/12/16,2/12/16,2/12/16,1,1,NA,NA,NA,shoot,4.3.coinfection.low.5.N+P,0,0,1,1,1,1,1,3.396267620087618,687.403492486968,0.46048259620048304
12,3,coinfection,low,4,5,73.2,156698.50841103707,11470330.815687913,P,2/9/16,2/12/16,2/12/16,2/12/16,1,1,NA,NA,NA,shoot,4.3.coinfection.low.5.P,0,0,0,1,1,1,1,3.396267620087618,687.403492486968,0.46048259620048304
12,3,coinfection,P,2,3,54.800000000000004,10200.878343067348,559008.1332000907,low,2/24/16,2/26/16,2/26/16,2/26/16,1,0.5,NA,NA,RT ctrl positive for RPV,shoot,2.3.coinfection.P.3.low,0,1,0,0,1,1,0,-0.4859199951870658,264.069870637475,-0.2458702457381591
12,3,coinfection,P,2,3,54.800000000000004,10200.878343067348,559008.1332000907,N,2/24/16,2/26/16,2/26/16,2/26/16,1,1,NA,NA,RT ctrl positive for RPV,shoot,2.3.coinfection.P.3.N,0,1,1,0,1,1,1,-0.4859199951870658,264.069870637475,-0.2458702457381591
12,3,coinfection,P,2,3,54.800000000000004,10200.878343067348,559008.1332000907,N+P,2/24/16,2/26/16,2/26/16,2/26/16,1,1,NA,NA,RT ctrl positive for RPV,shoot,2.3.coinfection.P.3.N+P,0,1,1,1,1,1,1,-0.4859199951870658,264.069870637475,-0.2458702457381591
12,3,coinfection,P,2,3,54.800000000000004,10200.878343067348,559008.1332000907,P,2/24/16,2/26/16,2/26/16,2/26/16,1,1,NA,NA,RT ctrl positive for RPV,shoot,2.3.coinfection.P.3.P,0,1,0,1,1,1,1,-0.4859199951870658,264.069870637475,-0.2458702457381591
12,3,coinfection,P,3,4,94.89999999999999,3457.883069122955,328153.1032597684,low,3/1/16,3/4/16,3/5/16,3/5/16,0,1,NA,NA,NA,shoot,3.3.coinfection.P.4.low,0,1,0,0,1,1,1,-0.6646093892080966,82.03146982232278,-0.5496102161094786
12,3,coinfection,P,3,4,94.89999999999999,3457.883069122955,328153.1032597684,N,3/1/16,3/4/16,3/5/16,3/5/16,0,1,NA,NA,NA,shoot,3.3.coinfection.P.4.N,0,1,1,0,1,1,1,-0.6646093892080966,82.03146982232278,-0.5496102161094786
12,3,coinfection,P,3,4,94.89999999999999,3457.883069122955,328153.1032597684,N+P,3/1/16,3/4/16,3/5/16,3/5/16,0,1,NA,NA,NA,shoot,3.3.coinfection.P.4.N+P,0,1,1,1,1,1,1,-0.6646093892080966,82.03146982232278,-0.5496102161094786
12,3,coinfection,P,3,4,94.89999999999999,3457.883069122955,328153.1032597684,P,3/1/16,3/4/16,3/5/16,3/5/16,1,1,NA,NA,NA,shoot,3.3.coinfection.P.4.P,0,1,0,1,1,1,1,-0.6646093892080966,82.03146982232278,-0.5496102161094786
12,3,coinfection,P,4,5,47.1,5339.276182984354,251479.90821856307,low,2/9/16,2/12/16,2/12/16,2/12/16,1,1,NA,NA,NA,shoot,4.3.coinfection.P.5.low,0,1,0,0,1,1,1,-0.6147524663165315,222.02376671533068,-0.3160262254784432
12,3,coinfection,P,4,5,47.1,5339.276182984354,251479.90821856307,N,2/9/16,2/12/16,2/12/16,2/12/16,1,1,NA,NA,NA,shoot,4.3.coinfection.P.5.N,0,1,1,0,1,1,1,-0.6147524663165315,222.02376671533068,-0.3160262254784432
12,3,coinfection,P,4,5,47.1,5339.276182984354,251479.90821856307,N+P,2/9/16,2/12/16,2/12/16,2/12/16,1,1,NA,NA,NA,shoot,4.3.coinfection.P.5.N+P,0,1,1,1,1,1,1,-0.6147524663165315,222.02376671533068,-0.3160262254784432
12,3,coinfection,P,4,5,47.1,5339.276182984354,251479.90821856307,P,2/9/16,2/12/16,2/12/16,2/12/16,0,1,NA,NA,NA,shoot,4.3.coinfection.P.5.P,0,1,0,1,1,1,1,-0.6147524663165315,222.02376671533068,-0.3160262254784432
12,3,coinfection,N,3,4,89.30000000000001,24405.887059638902,2179445.7144257543,low,3/1/16,3/4/16,3/5/16,3/5/16,1,1,NA,NA,NA,shoot,3.3.coinfection.N.4.low,1,0,0,0,1,1,1,-0.10948722362102078,145.95485655006345,-0.4429509205774657
12,3,coinfection,N,3,4,89.30000000000001,24405.887059638902,2179445.7144257543,N,3/1/16,3/4/16,3/5/16,3/5/16,1,1,NA,NA,NA,shoot,3.3.coinfection.N.4.N,1,0,1,0,1,1,1,-0.10948722362102078,145.95485655006345,-0.4429509205774657
12,3,coinfection,N,3,4,89.30000000000001,24405.887059638902,2179445.7144257543,N+P,3/1/16,3/4/16,3/5/16,3/5/16,1,1,NA,NA,NA,shoot,3.3.coinfection.N.4.N+P,1,0,1,1,1,1,1,-0.10948722362102078,145.95485655006345,-0.4429509205774657
12,3,coinfection,N,3,4,89.30000000000001,24405.887059638902,2179445.7144257543,P,3/1/16,3/4/16,3/5/16,3/5/16,0,1,NA,NA,NA,shoot,3.3.coinfection.N.4.P,1,0,0,1,1,1,1,-0.10948722362102078,145.95485655006345,-0.4429509205774657
12,3,coinfection,N,4,5,132.20000000000002,22071.456196177707,2917846.509134693,low,2/9/16,2/12/16,2/12/16,2/12/16,0,0,NA,NA,NA,shoot,4.3.coinfection.N.5.low,1,0,0,0,1,0,0,-0.17134964817109213,142.1704952337189,-0.44926531242530476
12,3,coinfection,N,4,5,132.20000000000002,22071.456196177707,2917846.509134693,N,2/9/16,2/12/16,2/12/16,2/12/16,1,1,NA,NA,NA,shoot,4.3.coinfection.N.5.N,1,0,1,0,1,1,1,-0.17134964817109213,142.1704952337189,-0.44926531242530476
12,3,coinfection,N,4,5,132.20000000000002,22071.456196177707,2917846.509134693,N+P,2/9/16,2/12/16,2/12/16,2/12/16,0,1,NA,NA,NA,shoot,4.3.coinfection.N.5.N+P,1,0,1,1,1,1,1,-0.17134964817109213,142.1704952337189,-0.44926531242530476
12,3,coinfection,N,4,5,132.20000000000002,22071.456196177707,2917846.509134693,P,2/9/16,2/12/16,2/12/16,2/12/16,0,1,NA,NA,NA,shoot,4.3.coinfection.N.5.P,1,0,0,1,1,1,1,-0.17134964817109213,142.1704952337189,-0.44926531242530476
12,3,coinfection,N+P,2,3,98.9,9138.958127376756,903842.9587975612,low,2/24/16,2/26/16,2/26/16,2/26/16,1,1,NA,NA,RT ctrl positive for RPV,shoot,2.3.coinfection.N+P.3.low,1,1,0,0,1,1,1,-0.5140608839362635,97.65447317032502,-0.5235424713216533
12,3,coinfection,N+P,2,3,98.9,9138.958127376756,903842.9587975612,N,2/24/16,2/26/16,2/26/16,2/26/16,1,1,NA,NA,RT ctrl positive for RPV,shoot,2.3.coinfection.N+P.3.N,1,1,1,0,1,1,1,-0.5140608839362635,97.65447317032502,-0.5235424713216533
12,3,coinfection,N+P,2,3,98.9,9138.958127376756,903842.9587975612,N+P,2/24/16,2/26/16,2/26/16,2/26/16,1,1,NA,NA,RT ctrl positive for RPV,shoot,2.3.coinfection.N+P.3.N+P,1,1,1,1,1,1,1,-0.5140608839362635,97.65447317032502,-0.5235424713216533
12,3,coinfection,N+P,2,3,98.9,9138.958127376756,903842.9587975612,P,2/24/16,2/26/16,2/26/16,2/26/16,1,1,NA,NA,RT ctrl positive for RPV,shoot,2.3.coinfection.N+P.3.P,1,1,0,1,1,1,1,-0.5140608839362635,97.65447317032502,-0.5235424713216533
16,4,coinfection,low,2,3,92.5,28144.911582395198,2603404.321371556,low,2/24/16,2/26/16,2/26/16,2/26/16,1,1,NA,NA,RT ctrl positive for RPV,shoot,2.4.coinfection.low.3.low,0,0,0,0,1,1,1,-0.010403063087378686,324.12490980655554,-0.14566547720480122
16,4,coinfection,low,2,3,92.5,28144.911582395198,2603404.321371556,N,2/24/16,2/26/16,2/26/16,2/26/16,1,1,NA,NA,RT ctrl positive for RPV,shoot,2.4.coinfection.low.3.N,0,0,1,0,1,1,1,-0.010403063087378686,324.12490980655554,-0.14566547720480122
16,4,coinfection,low,2,3,92.5,28144.911582395198,2603404.321371556,N+P,2/24/16,2/26/16,2/26/16,2/26/16,1,1,NA,NA,RT ctrl positive for RPV,shoot,2.4.coinfection.low.3.N+P,0,0,1,1,1,1,1,-0.010403063087378686,324.12490980655554,-0.14566547720480122
16,4,coinfection,low,2,3,92.5,28144.911582395198,2603404.321371556,P,2/24/16,2/26/16,2/26/16,2/26/16,1,0.5,NA,NA,RT ctrl positive for RPV,shoot,2.4.coinfection.low.3.P,0,0,0,1,1,1,0,-0.010403063087378686,324.12490980655554,-0.14566547720480122
16,4,coinfection,low,4,5,93.7,6829.230172710702,639898.8671829929,low,2/9/16,2/12/16,2/12/16,2/12/16,0,1,NA,NA,NA,shoot,4.4.coinfection.low.5.low,0,0,0,0,1,1,1,-0.57526868133269915,611.5807183858876,0.3339685911564635
16,4,coinfection,low,4,5,93.7,6829.230172710702,639898.8671829929,N,2/9/16,2/12/16,2/12/16,2/12/16,1,0,NA,NA,NA,shoot,4.4.coinfection.low.5.N,0,0,1,0,1,0,0,-0.57526868133269915,611.5807183858876,0.3339685911564635
16,4,coinfection,low,4,5,93.7,6829.230172710702,639898.8671829929,P,2/9/16,2/12/16,2/12/16,2/12/16,0.5,0,NA,NA,NA,shoot,4.4.coinfection.low.5.P,0,0,0,1,1,0,0,-0.57526868133269915,611.5807183858876,0.3339685911564635
16,4,coinfection,N,4,5,107.80000000000001,27275.69152441652,2940319.5463321013,N,2/9/16,2/12/16,2/12/16,2/12/16,1,1,NA,NA,NA,shoot,4.4.coinfection.N.5.N,1,0,1,0,1,1,1,-0.033437397106758554,158.97038874642425,-0.4212338688675688
16,4,coinfection,N,4,5,107.80000000000001,27275.69152441652,2940319.5463321013,N+P,2/9/16,2/12/16,2/12/16,2/12/16,1,1,NA,NA,NA,shoot,4.4.coinfection.N.5.N+P,1,0,1,1,1,1,1,-0.033437397106758554,158.97038874642425,-0.4212338688675688
16,4,coinfection,N,4,5,107.80000000000001,27275.69152441652,2940319.5463321013,P,2/9/16,2/12/16,2/12/16,2/12/16,0.5,1,NA,NA,NA,shoot,4.4.coinfection.N.5.P,1,0,0,1,1,1,1,-0.033437397106758554,158.97038874642425,-0.4212338688675688
16,4,coinfection,N+P,2,3,51,112330.84569696701,5728873.130545317,N,12/15/15,1/6/16,1/7/16,1/7/16,1,1,NA,NA,PAV ctrl didn't show up,shoot,2.4.coinfection.N+P.3.N,1,1,1,0,1,1,1,2.2205244314276227,300.7324048771454,-0.1846970151789502
16,4,coinfection,N+P,2,3,51,112330.84569696701,5728873.130545317,N+P,12/15/15,1/6/16,1/7/16,1/7/16,0,1,NA,NA,PAV ctrl didn't show up,shoot,2.4.coinfection.N+P.3.N+P,1,1,1,1,1,1,1,2.2205244314276227,300.7324048771454,-0.1846970151789502
16,4,coinfection,N+P,2,3,51,112330.84569696701,5728873.130545317,P,12/15/15,1/6/16,1/7/16,1/7/16,0,0,NA,NA,PAV ctrl didn't show up,shoot,2.4.coinfection.N+P.3.P,1,1,0,1,1,0,0,2.2205244314276227,300.7324048771454,-0.1846970151789502
19,5,coinfection,low,2,3,35.3,94768.60828832223,3345331.8725777743,low,2/24/16,2/26/16,2/26/16,2/26/16,1,1,NA,NA,RT ctrl positive for RPV,shoot,2.5.coinfection.low.3.low,0,0,0,0,1,1,1,1.7551250899316442,328.26373087246196,-0.1387596519377075
19,5,coinfection,low,2,3,35.3,94768.60828832223,3345331.8725777743,N,2/24/16,2/26/16,2/26/16,2/26/16,0,0,NA,NA,RT ctrl positive for RPV,shoot,2.5.coinfection.low.3.N,0,0,1,0,1,0,0,1.7551250899316442,328.26373087246196,-0.1387596519377075
19,5,coinfection,low,2,3,35.3,94768.60828832223,3345331.8725777743,N+P,2/24/16,2/26/16,2/26/16,2/26/16,0,1,NA,NA,RT ctrl positive for RPV,shoot,2.5.coinfection.low.3.N+P,0,0,1,1,1,1,1,1.7551250899316442,328.26373087246196,-0.1387596519377075
19,5,coinfection,P,4,5,88.6,165486.49089718887,14662103.093490932,low,1/28/16,2/1/16,2/1/16,2/1/16,1,1,NA,NA,NA,shoot,4.5.coinfection.P.5.low,0,1,0,0,1,1,1,3.6291491810736924,67.31125386971469,-0.5741716159969932
19,5,coinfection,P,4,5,88.6,165486.49089718887,14662103.093490932,N,1/28/16,2/1/16,2/1/16,2/1/16,1,1,NA,NA,NA,shoot,4.5.coinfection.P.5.N,0,1,1,0,1,1,1,3.6291491810736924,67.31125386971469,-0.5741716159969932
19,5,coinfection,P,4,5,88.6,165486.49089718887,14662103.093490932,N+P,1/28/16,2/1/16,2/1/16,2/1/16,1,1,NA,NA,NA,shoot,4.5.coinfection.P.5.N+P,0,1,1,1,1,1,1,3.6291491810736924,67.31125386971469,-0.5741716159969932
19,5,coinfection,P,4,5,88.6,165486.49089718887,14662103.093490932,P,1/28/16,2/1/16,2/1/16,2/1/16,1,1,NA,NA,NA,shoot,4.5.coinfection.P.5.P,0,1,0,1,1,1,1,3.6291491810736924,67.31125386971469,-0.5741716159969932
19,5,coinfection,N+P,2,3,89.1,24617.893147516344,2193454.279443706,N,3/8/16,3/11/16,3/13/16,3/13/16,0,1,NA,NA,NA,shoot,2.5.coinfection.N+P.3.N,1,1,1,0,1,1,1,-0.10386906168666883,440.4345714921071,0.04840287890068195
19,5,coinfection,N+P,2,3,89.1,24617.893147516344,2193454.279443706,N+P,3/8/16,3/11/16,3/13/16,3/13/16,1,1,NA,NA,NA,shoot,2.5.coinfection.N+P.3.N+P,1,1,1,1,1,1,1,-0.10386906168666883,440.4345714921071,0.04840287890068195
19,5,coinfection,N+P,2,3,89.1,24617.893147516344,2193454.279443706,P,3/8/16,3/11/16,3/13/16,3/13/16,1,1,NA,NA,NA,shoot,2.5.coinfection.N+P.3.P,1,1,0,1,1,1,1,-0.10386906168666883,440.4345714921071,0.04840287890068195
19,5,coinfection,N+P,4,5,75.6,7272.760332490187,549820.6811362581,N,1/28/16,2/1/16,2/1/16,2/1/16,0,1,NA,NA,NA,shoot,4.5.coinfection.N+P.5.N,1,1,1,0,1,1,1,-0.5635151308315898,94.16209900257776,-0.529369668338805
19,5,coinfection,N+P,4,5,75.6,7272.760332490187,549820.6811362581,N+P,1/28/16,2/1/16,2/1/16,2/1/16,0,1,NA,NA,NA,shoot,4.5.coinfection.N+P.5.N+P,1,1,1,1,1,1,1,-0.5635151308315898,94.16209900257776,-0.529369668338805
19,5,coinfection,N+P,4,5,75.6,7272.760332490187,549820.6811362581,P,1/28/16,2/1/16,2/1/16,2/1/16,0,1,NA,NA,NA,shoot,4.5.coinfection.N+P.5.P,1,1,0,1,1,1,1,-0.5635151308315898,94.16209900257776,-0.529369668338805
22,6,coinfection,low,2,3,38,7125.342252574002,270763.00559781207,low,3/8/16,3/11/16,3/13/16,3/13/16,0,0,NA,NA,NA,shoot,2.6.coinfection.low.3.low,0,0,0,0,1,0,0,-0.5674217103704715,663.7946411944091,0.42109007374372753
22,6,coinfection,low,2,3,38,7125.342252574002,270763.00559781207,N+P,3/8/16,3/11/16,3/13/16,3/13/16,1,1,NA,NA,NA,shoot,2.6.coinfection.low.3.N+P,0,0,1,1,1,1,1,-0.5674217103704715,663.7946411944091,0.42109007374372753
22,6,coinfection,low,2,3,38,7125.342252574002,270763.00559781207,P,3/8/16,3/11/16,3/13/16,3/13/16,1,0,NA,NA,NA,shoot,2.6.coinfection.low.3.P,0,0,0,1,1,0,0,-0.5674217103704715,663.7946411944091,0.42109007374372753
22,6,coinfection,P,4,5,99.4,2502.466021194044,248745.122506688,low,2/8/16,2/12/16,2/12/16,2/12/16,0,0,NA,NA,NA,shoot,4.6.coinfection.P.5.low,0,1,0,0,1,0,0,-0.6899279437073812,436.7668616255392,0.042283125699085995
22,6,coinfection,P,4,5,99.4,2502.466021194044,248745.122506688,N,2/8/16,2/12/16,2/12/16,2/12/16,1,1,NA,NA,NA,shoot,4.6.coinfection.P.5.N,0,1,1,0,1,1,1,-0.6899279437073812,436.7668616255392,0.042283125699085995
22,6,coinfection,P,4,5,99.4,2502.466021194044,248745.122506688,N+P,2/8/16,2/12/16,2/12/16,2/12/16,1,0,NA,NA,NA,shoot,4.6.coinfection.P.5.N+P,0,1,1,1,1,0,0,-0.6899279437073812,436.7668616255392,0.042283125699085995
22,6,coinfection,P,4,5,99.4,2502.466021194044,248745.122506688,P,2/8/16,2/12/16,2/12/16,2/12/16,1,0,NA,NA,NA,shoot,4.6.coinfection.P.5.P,0,1,0,1,1,0,0,-0.6899279437073812,436.7668616255392,0.042283125699085995
22,6,coinfection,N,4,5,136.3,18450.950148688233,2514864.5052662063,low,11/17/15,11/19/15,11/24/15,11/25/15,1,0,NA,NA,NA,shoot,4.6.coinfection.N.5.low,1,0,0,0,1,0,0,-0.267293068771613,2006.9262310489783,2.6621707879248464
22,6,coinfection,N,4,5,136.3,18450.950148688233,2514864.5052662063,N,11/17/15,11/19/15,11/24/15,11/25/15,1,1,NA,NA,NA,shoot,4.6.coinfection.N.5.N,1,0,1,0,1,1,1,-0.267293068771613,2006.9262310489783,2.6621707879248464
22,6,coinfection,N,4,5,136.3,18450.950148688233,2514864.5052662063,N+P,11/17/15,11/19/15,11/24/15,11/25/15,1,1,NA,NA,NA,shoot,4.6.coinfection.N.5.N+P,1,0,1,1,1,1,1,-0.267293068771613,2006.9262310489783,2.6621707879248464
22,6,coinfection,N,4,5,136.3,18450.950148688233,2514864.5052662063,P,11/17/15,11/19/15,11/24/15,11/25/15,1,1,NA,NA,NA,shoot,4.6.coinfection.N.5.P,1,0,0,1,1,1,1,-0.267293068771613,2006.9262310489783,2.6621707879248464
22,6,coinfection,N+P,3,4,121.2,6963.639141616773,843993.0639639528,low,8/18/15,8/19/15,8/21/15,8/21/15,1,0,NA,NA,NA,shoot,3.6.coinfection.N+P.4.low,1,1,0,0,1,0,0,-0.5717068432727463,71.28824150586438,-0.567535817718377
22,6,coinfection,N+P,3,4,121.2,6963.639141616773,843993.0639639528,N,8/18/15,8/19/15,8/21/15,8/21/15,1,1,NA,NA,NA,shoot,3.6.coinfection.N+P.4.N,1,1,1,0,1,1,1,-0.5717068432727463,71.28824150586438,-0.567535817718377
22,6,coinfection,N+P,3,4,121.2,6963.639141616773,843993.0639639528,N+P,8/18/15,8/19/15,8/21/15,8/21/15,0.5,1,NA,NA,NA,shoot,3.6.coinfection.N+P.4.N+P,1,1,1,1,1,1,1,-0.5717068432727463,71.28824150586438,-0.567535817718377
22,6,coinfection,N+P,3,4,121.2,6963.639141616773,843993.0639639528,P,8/18/15,8/19/15,8/21/15,8/21/15,1,1,NA,NA,NA,shoot,3.6.coinfection.N+P.4.P,1,1,0,1,1,1,1,-0.5717068432727463,71.28824150586438,-0.567535817718377
26,7,coinfection,low,2,3,52.3,2177.571766912122,113887.00340950396,low,3/8/16,3/11/16,3/13/16,3/13/16,1,1,NA,NA,NA,shoot,2.7.coinfection.low.3.low,0,0,0,0,1,1,1,-0.6985376423739192,165.33145656382808,-0.4106201162651708
26,7,coinfection,low,2,3,52.3,2177.571766912122,113887.00340950396,N+P,3/8/16,3/11/16,3/13/16,3/13/16,1,1,NA,NA,NA,shoot,2.7.coinfection.low.3.N+P,0,0,1,1,1,1,1,-0.6985376423739192,165.33145656382808,-0.4106201162651708
26,7,coinfection,low,2,3,52.3,2177.571766912122,113887.00340950396,P,3/8/16,3/11/16,3/13/16,3/13/16,1,1,NA,NA,NA,shoot,2.7.coinfection.low.3.P,0,0,0,1,1,1,1,-0.6985376423739192,165.33145656382808,-0.4106201162651708
26,7,coinfection,low,4,5,115.7,11280.102198018496,1305107.82431074,low,2/8/16,2/12/16,2/12/16,2/12/16,0.5,1,NA,NA,NA,shoot,4.7.coinfection.low.5.low,0,0,0,0,1,1,1,-0.45732055994803533,90.35282826295354,-0.5357256227770374
26,7,coinfection,low,4,5,115.7,11280.102198018496,1305107.82431074,N,2/8/16,2/12/16,2/12/16,2/12/16,0.5,0.5,NA,NA,NA,shoot,4.7.coinfection.low.5.N,0,0,1,0,1,1,0,-0.45732055994803533,90.35282826295354,-0.5357256227770374
26,7,coinfection,low,4,5,115.7,11280.102198018496,1305107.82431074,N+P,2/8/16,2/12/16,2/12/16,2/12/16,0,0,NA,NA,NA,shoot,4.7.coinfection.low.5.N+P,0,0,1,1,1,0,0,-0.45732055994803533,90.35282826295354,-0.5357256227770374
26,7,coinfection,low,4,5,115.7,11280.102198018496,1305107.82431074,P,2/8/16,2/12/16,2/12/16,2/12/16,1,1,NA,NA,NA,shoot,4.7.coinfection.low.5.P,0,0,0,1,1,1,1,-0.45732055994803533,90.35282826295354,-0.5357256227770374
26,7,coinfection,P,4,5,153.10000000000002,877.7642769556354,134385.71080190782,low,2/8/16,2/12/16,2/12/16,2/12/16,0,0,NA,NA,NA,shoot,4.7.coinfection.P.5.low,0,1,0,0,1,0,0,-0.7329825445706928,234.41940167839542,-0.295343502604833
26,7,coinfection,P,4,5,153.10000000000002,877.7642769556354,134385.71080190782,N,2/8/16,2/12/16,2/12/16,2/12/16,0,0,NA,NA,NA,shoot,4.7.coinfection.P.5.N,0,1,1,0,1,0,0,-0.7329825445706928,234.41940167839542,-0.295343502604833
26,7,coinfection,P,4,5,153.10000000000002,877.7642769556354,134385.71080190782,N+P,2/8/16,2/12/16,2/12/16,2/12/16,0,0,NA,NA,NA,shoot,4.7.coinfection.P.5.N+P,0,1,1,1,1,0,0,-0.7329825445706928,234.41940167839542,-0.295343502604833
26,7,coinfection,P,4,5,153.10000000000002,877.7642769556354,134385.71080190782,P,2/8/16,2/12/16,2/12/16,2/12/16,0,0,NA,NA,NA,shoot,4.7.coinfection.P.5.P,0,1,0,1,1,0,0,-0.7329825445706928,234.41940167839542,-0.295343502604833
26,7,coinfection,N,4,5,92,13825.155419997986,1271914.2986398146,low,2/8/16,2/12/16,2/12/16,2/12/16,0,1,NA,NA,NA,shoot,4.7.coinfection.N.5.low,1,0,0,0,1,1,1,-0.3898766422955821,760.3490693565368,0.5821958570172491
26,7,coinfection,N,4,5,92,13825.155419997986,1271914.2986398146,N,2/8/16,2/12/16,2/12/16,2/12/16,1,1,NA,NA,NA,shoot,4.7.coinfection.N.5.N,1,0,1,0,1,1,1,-0.3898766422955821,760.3490693565368,0.5821958570172491
26,7,coinfection,N+P,2,3,82.10000000000001,78461.15079428775,6441660.480211025,low,3/8/16,3/11/16,3/13/16,3/13/16,0,1,NA,NA,NA,shoot,2.7.coinfection.N+P.3.low,1,1,0,0,1,1,1,1.3229774197571438,61.37431448829756,-0.5840776895712115
26,7,coinfection,N+P,2,3,82.10000000000001,78461.15079428775,6441660.480211025,N,3/8/16,3/11/16,3/13/16,3/13/16,0,1,NA,NA,NA,shoot,2.7.coinfection.N+P.3.N,1,1,1,0,1,1,1,1.3229774197571438,61.37431448829756,-0.5840776895712115
26,7,coinfection,N+P,2,3,82.10000000000001,78461.15079428775,6441660.480211025,N+P,3/8/16,3/11/16,3/13/16,3/13/16,1,1,NA,NA,NA,shoot,2.7.coinfection.N+P.3.N+P,1,1,1,1,1,1,1,1.3229774197571438,61.37431448829756,-0.5840776895712115
26,7,coinfection,N+P,2,3,82.10000000000001,78461.15079428775,6441660.480211025,P,3/8/16,3/11/16,3/13/16,3/13/16,0.5,1,NA,NA,NA,shoot,2.7.coinfection.N+P.3.P,1,1,0,1,1,1,1,1.3229774197571438,61.37431448829756,-0.5840776895712115
29,8,coinfection,low,3,4,133.8,39007.54802966335,5219209.926368956,P,3/3/16,3/4/16,3/5/16,3/5/16,0,1,NA,NA,NA,shoot,3.8.coinfection.low.4.P,0,0,0,1,1,1,1,0.27745683379457114,1711.6969247747181,2.169566258666507
29,8,coinfection,low,3,4,133.8,39007.54802966335,5219209.926368956,low,3/3/16,3/4/16,3/5/16,3/5/16,1,1,NA,NA,NA,shoot,3.8.coinfection.low.4.low,0,0,0,0,1,1,1,0.27745683379457114,1711.6969247747181,2.169566258666507
29,8,coinfection,low,3,4,133.8,39007.54802966335,5219209.926368956,N,3/3/16,3/4/16,3/5/16,3/5/16,0,1,NA,NA,NA,shoot,3.8.coinfection.low.4.N,0,0,1,0,1,1,1,0.27745683379457114,1711.6969247747181,2.169566258666507
29,8,coinfection,low,3,4,133.8,39007.54802966335,5219209.926368956,N+P,3/3/16,3/4/16,3/5/16,3/5/16,1,1,NA,NA,NA,shoot,3.8.coinfection.low.4.N+P,0,0,1,1,1,1,1,0.27745683379457114,1711.6969247747181,2.169566258666507
29,8,coinfection,P,3,4,137.6,54491.77839434231,7498068.707061502,low,2/9/16,2/12/16,2/12/16,2/12/16,1,1,NA,NA,NA,shoot,3.8.coinfection.P.4.low,0,1,0,0,1,1,1,0.6877889826895855,590.5457075860395,0.29887064737923796
29,8,coinfection,P,3,4,137.6,54491.77839434231,7498068.707061502,N,2/9/16,2/12/16,2/12/16,2/12/16,1,1,NA,NA,NA,shoot,3.8.coinfection.P.4.N,0,1,1,0,1,1,1,0.6877889826895855,590.5457075860395,0.29887064737923796
29,8,coinfection,P,3,4,137.6,54491.77839434231,7498068.707061502,N+P,2/9/16,2/12/16,2/12/16,2/12/16,1,1,NA,NA,NA,shoot,3.8.coinfection.P.4.N+P,0,1,1,1,1,1,1,0.6877889826895855,590.5457075860395,0.29887064737923796
29,8,coinfection,P,3,4,137.6,54491.77839434231,7498068.707061502,P,2/9/16,2/12/16,2/12/16,2/12/16,0.5,0,NA,NA,NA,shoot,3.8.coinfection.P.4.P,0,1,0,1,1,0,0,0.6877889826895855,590.5457075860395,0.29887064737923796
29,8,coinfection,P,4,5,76.30000000000001,12358.141163800403,942926.1707979708,low,2/8/16,2/12/16,2/12/16,2/12/16,0.5,0.5,NA,NA,NA,shoot,4.8.coinfection.P.5.low,0,1,0,0,1,1,0,-0.4287525242753744,1237.6367056563554,1.3785736095086736
29,8,coinfection,P,4,5,76.30000000000001,12358.141163800403,942926.1707979708,N,2/8/16,2/12/16,2/12/16,2/12/16,1,1,NA,NA,NA,shoot,4.8.coinfection.P.5.N,0,1,1,0,1,1,1,-0.4287525242753744,1237.6367056563554,1.3785736095086736
29,8,coinfection,P,4,5,76.30000000000001,12358.141163800403,942926.1707979708,N+P,2/8/16,2/12/16,2/12/16,2/12/16,1,1,NA,NA,NA,shoot,4.8.coinfection.P.5.N+P,0,1,1,1,1,1,1,-0.4287525242753744,1237.6367056563554,1.3785736095086736
29,8,coinfection,P,4,5,76.30000000000001,12358.141163800403,942926.1707979708,P,2/8/16,2/12/16,2/12/16,2/12/16,1,1,NA,NA,NA,shoot,4.8.coinfection.P.5.P,0,1,0,1,1,1,1,-0.4287525242753744,1237.6367056563554,1.3785736095086736
29,8,coinfection,N,4,5,187,34949.56411742593,6535568.489958649,low,10/6/15,10/10/15,10/10/15,10/11/15,0,1,NA,NA,NA,shoot,4.8.coinfection.N.5.low,1,0,0,0,1,1,1,0.16992024852856527,130.1357363263188,-0.46934589595927856
29,8,coinfection,N,4,5,187,34949.56411742593,6535568.489958649,N,10/5/15,10/10/15,10/10/15,10/11/15,0,1,NA,NA,NA,shoot,4.8.coinfection.N.5.N,1,0,1,0,1,1,1,0.16992024852856527,130.1357363263188,-0.46934589595927856
29,8,coinfection,N,4,5,187,34949.56411742593,6535568.489958649,N+P,10/5/15,10/10/15,10/10/15,10/11/15,0,1,NA,NA,NA,shoot,4.8.coinfection.N.5.N+P,1,0,1,1,1,1,1,0.16992024852856527,130.1357363263188,-0.46934589595927856
29,8,coinfection,N,4,5,187,34949.56411742593,6535568.489958649,P,10/6/15,10/10/15,10/10/15,10/11/15,1,1,NA,NA,NA,shoot,4.8.coinfection.N.5.P,1,0,0,1,1,1,1,0.16992024852856527,130.1357363263188,-0.46934589595927856
29,8,coinfection,N+P,2,3,71.3,95.48749933520999,6808.258702600472,N,3/8/16,3/11/16,3/13/16,3/13/16,0,1,NA,NA,NA,shoot,2.8.coinfection.N+P.3.N,1,1,1,0,1,1,1,-0.7537128814122238,103.93289526176021,-0.5130666171530178
29,8,coinfection,N+P,2,3,71.3,95.48749933520999,6808.258702600472,N+P,3/8/16,3/11/16,3/13/16,3/13/16,0,1,NA,NA,NA,shoot,2.8.coinfection.N+P.3.N+P,1,1,1,1,1,1,1,-0.7537128814122238,103.93289526176021,-0.5130666171530178
29,8,coinfection,N+P,4,5,164.5,54602.95780533655,8982186.558977863,low,2/8/16,2/12/16,2/12/16,2/12/16,0,1,NA,NA,NA,shoot,4.8.coinfection.N+P.5.low,1,1,0,0,1,1,1,0.690735237398519,64.3141372915059,-0.5791724515162466
29,8,coinfection,N+P,4,5,164.5,54602.95780533655,8982186.558977863,N,2/8/16,2/12/16,2/12/16,2/12/16,1,1,NA,NA,NA,shoot,4.8.coinfection.N+P.5.N,1,1,1,0,1,1,1,0.690735237398519,64.3141372915059,-0.5791724515162466
29,8,coinfection,N+P,4,5,164.5,54602.95780533655,8982186.558977863,N+P,2/8/16,2/12/16,2/12/16,2/12/16,1,1,NA,NA,NA,shoot,4.8.coinfection.N+P.5.N+P,1,1,1,1,1,1,1,0.690735237398519,64.3141372915059,-0.5791724515162466
29,8,coinfection,N+P,4,5,164.5,54602.95780533655,8982186.558977863,P,2/8/16,2/12/16,2/12/16,2/12/16,0.5,1,NA,NA,NA,shoot,4.8.coinfection.N+P.5.P,1,1,0,1,1,1,1,0.690735237398519,64.3141372915059,-0.5791724515162466
5,1,coinfection,N+P,1,1,27.900000000000002,3525.343111517072,98357.07281132632,low,3/22/16,3/25/16,3/25/16,3/26/16,1,0,NA,NA,NA,shoot,1.1.coinfection.N+P.1.low,1,1,0,0,1,0,0,-0.6628216978919516,91.17135064634493,-0.5343598781683929
5,1,coinfection,N+P,1,1,27.900000000000002,3525.343111517072,98357.07281132632,N,3/22/16,3/25/16,3/25/16,3/26/16,0,1,NA,NA,NA,shoot,1.1.coinfection.N+P.1.N,1,1,1,0,1,1,1,-0.6628216978919516,91.17135064634493,-0.5343598781683929
5,1,coinfection,N+P,1,1,27.900000000000002,3525.343111517072,98357.07281132632,N+P,3/22/16,3/25/16,3/25/16,3/26/16,0.5,0,NA,NA,NA,shoot,1.1.coinfection.N+P.1.N+P,1,1,1,1,1,0,0,-0.6628216978919516,91.17135064634493,-0.5343598781683929
5,1,coinfection,N+P,1,1,27.900000000000002,3525.343111517072,98357.07281132632,P,3/22/16,3/25/16,3/25/16,3/26/16,1,0,NA,NA,NA,shoot,1.1.coinfection.N+P.1.P,1,1,0,1,1,0,0,-0.6628216978919516,91.17135064634493,-0.5343598781683929
5,1,coinfection,P,1,1,68.4,148.88244353751335,10183.559137965914,N,8/18/15,8/19/15,8/21/15,8/21/15,0,1,NA,NA,NA,shoot,1.1.coinfection.P.1.N,0,1,1,0,1,1,1,-0.752297915238339,106.66101810378913,-0.5085146108318427
5,1,coinfection,P,1,1,68.4,148.88244353751335,10183.559137965914,N+P,8/18/15,8/19/15,8/21/15,8/21/15,1,1,NA,NA,NA,shoot,1.1.coinfection.P.1.N+P,0,1,1,1,1,1,1,-0.752297915238339,106.66101810378913,-0.5085146108318427
5,1,coinfection,P,1,1,68.4,148.88244353751335,10183.559137965914,low,3/22/16,3/25/16,3/25/16,3/26/16,0,0,NA,NA,NA,shoot,1.1.coinfection.P.1.low,0,1,0,0,1,0,0,-0.752297915238339,106.66101810378913,-0.5085146108318427
5,1,coinfection,P,1,1,68.4,148.88244353751335,10183.559137965914,P,3/22/16,3/25/16,3/25/16,3/26/16,0,0,NA,NA,NA,shoot,1.1.coinfection.P.1.P,0,1,0,1,1,0,0,-0.752297915238339,106.66101810378913,-0.5085146108318427
8,2,coinfection,P,1,1,43.1,4372.234720173793,188443.3164394905,low,8/13/15,8/19/15,8/21/15,8/21/15,0,1,NA,NA,NA,shoot,1.2.coinfection.P.1.low,0,1,0,0,1,1,1,-0.6403790678433852,295.4303520426973,-0.19354374951429384
8,2,coinfection,P,1,1,43.1,4372.234720173793,188443.3164394905,P,8/13/15,8/19/15,8/21/15,8/21/15,0,0,NA,NA,NA,shoot,1.2.coinfection.P.1.P,0,1,0,1,1,0,0,-0.6403790678433852,295.4303520426973,-0.19354374951429384
12,3,coinfection,low,1,1,84.3,2825.563490236556,238195.00222694164,low,3/22/16,3/25/16,3/25/16,3/26/16,1,0,NA,NA,NA,shoot,1.3.coinfection.low.1.low,0,0,0,0,1,0,0,-0.68136585985482,124.0563849489432,-0.47948959091030124
12,3,coinfection,low,1,1,84.3,2825.563490236556,238195.00222694164,N,3/22/16,3/25/16,3/25/16,3/26/16,1,0,NA,NA,NA,shoot,1.3.coinfection.low.1.N,0,0,1,0,1,0,0,-0.68136585985482,124.0563849489432,-0.47948959091030124
12,3,coinfection,low,1,1,84.3,2825.563490236556,238195.00222694164,N+P,3/22/16,3/25/16,3/25/16,3/26/16,1,1,NA,NA,NA,shoot,1.3.coinfection.low.1.N+P,0,0,1,1,1,1,1,-0.68136585985482,124.0563849489432,-0.47948959091030124
12,3,coinfection,low,1,1,84.3,2825.563490236556,238195.00222694164,P,3/22/16,3/25/16,3/25/16,3/26/16,0.5,1,NA,NA,NA,shoot,1.3.coinfection.low.1.P,0,0,0,1,1,1,1,-0.68136585985482,124.0563849489432,-0.47948959091030124
12,3,coinfection,N,1,1,85.1,20829.098208879957,1772556.2575756842,low,2/3/16,2/10/16,2/10/16,2/10/16,1,1,NA,NA,NA,shoot,1.3.coinfection.N.1.low,1,0,0,0,1,1,1,-0.20427213838330358,353.1812765820723,-0.09718350887299058
12,3,coinfection,N,1,1,85.1,20829.098208879957,1772556.2575756842,N,2/3/16,2/10/16,2/10/16,2/10/16,1,1,NA,NA,NA,shoot,1.3.coinfection.N.1.N,1,0,1,0,1,1,1,-0.20427213838330358,353.1812765820723,-0.09718350887299058
12,3,coinfection,N,1,1,85.1,20829.098208879957,1772556.2575756842,N+P,2/3/16,2/10/16,2/10/16,2/10/16,0,0,NA,NA,NA,shoot,1.3.coinfection.N.1.N+P,1,0,1,1,1,0,0,-0.20427213838330358,353.1812765820723,-0.09718350887299058
12,3,coinfection,N,1,1,85.1,20829.098208879957,1772556.2575756842,P,2/3/16,2/10/16,2/10/16,2/10/16,1,0.5,NA,NA,NA,shoot,1.3.coinfection.N.1.P,1,0,0,1,1,1,0,-0.20427213838330358,353.1812765820723,-0.09718350887299058
12,3,coinfection,N+P,1,1,76.2,7350.102682517281,560077.8244078169,low,2/3/16,2/10/16,2/10/16,2/10/16,1,0.5,NA,NA,NA,shoot,1.3.coinfection.N+P.1.low,1,1,0,0,1,1,0,-0.5614655583349418,364.4621221651121,-0.07836086657437331
12,3,coinfection,N+P,1,1,76.2,7350.102682517281,560077.8244078169,N,2/3/16,2/10/16,2/10/16,2/10/16,1,1,NA,NA,NA,shoot,1.3.coinfection.N+P.1.N,1,1,1,0,1,1,1,-0.5614655583349418,364.4621221651121,-0.07836086657437331
12,3,coinfection,N+P,1,1,76.2,7350.102682517281,560077.8244078169,N+P,2/3/16,2/10/16,2/10/16,2/10/16,0.5,0,NA,NA,NA,shoot,1.3.coinfection.N+P.1.N+P,1,1,1,1,1,0,0,-0.5614655583349418,364.4621221651121,-0.07836086657437331
12,3,coinfection,P,1,1,42.1,37248.3609456941,1568155.9958137213,low,2/3/16,2/10/16,2/10/16,2/10/16,0,0.5,NA,NA,NA,shoot,1.3.coinfection.P.1.low,0,1,0,0,1,1,0,0.23083837104423205,231.89169209016103,-0.2995611096152199
12,3,coinfection,P,1,1,42.1,37248.3609456941,1568155.9958137213,N,2/3/16,2/10/16,2/10/16,2/10/16,0,1,NA,NA,NA,shoot,1.3.coinfection.P.1.N,0,1,1,0,1,1,1,0.23083837104423205,231.89169209016103,-0.2995611096152199
12,3,coinfection,P,1,1,42.1,37248.3609456941,1568155.9958137213,N+P,2/3/16,2/10/16,2/10/16,2/10/16,0.5,1,NA,NA,NA,shoot,1.3.coinfection.P.1.N+P,0,1,1,1,1,1,1,0.23083837104423205,231.89169209016103,-0.2995611096152199
12,3,coinfection,P,1,1,42.1,37248.3609456941,1568155.9958137213,P,2/3/16,2/10/16,2/10/16,2/10/16,1,1,NA,NA,NA,shoot,1.3.coinfection.P.1.P,0,1,0,1,1,1,1,0.23083837104423205,231.89169209016103,-0.2995611096152199
19,5,coinfection,N,1,1,168,20955.168193379744,3520468.256487797,low,2/3/16,2/10/16,2/10/16,2/10/16,1,1,NA,NA,NA,shoot,1.5.coinfection.N.1.low,1,0,0,0,1,1,1,-0.2009312834339377,141.04220665176388,-0.4511479170786015
19,5,coinfection,N,1,1,168,20955.168193379744,3520468.256487797,N,2/3/16,2/10/16,2/10/16,2/10/16,1,1,NA,NA,NA,shoot,1.5.coinfection.N.1.N,1,0,1,0,1,1,1,-0.2009312834339377,141.04220665176388,-0.4511479170786015
19,5,coinfection,N,1,1,168,20955.168193379744,3520468.256487797,N+P,2/3/16,2/10/16,2/10/16,2/10/16,0.5,1,NA,NA,NA,shoot,1.5.coinfection.N.1.N+P,1,0,1,1,1,1,1,-0.2009312834339377,141.04220665176388,-0.4511479170786015
19,5,coinfection,N,1,1,168,20955.168193379744,3520468.256487797,P,2/3/16,2/10/16,2/10/16,2/10/16,1,1,NA,NA,NA,shoot,1.5.coinfection.N.1.P,1,0,0,1,1,1,1,-0.2009312834339377,141.04220665176388,-0.4511479170786015
19,5,coinfection,P,1,1,42.6,358.63659083668824,15277.91876964292,low,2/4/16,2/10/16,2/10/16,2/10/16,1,1,NA,NA,NA,shoot,1.5.coinfection.P.1.low,0,1,0,0,1,1,1,-0.7467394297357438,205.43480268990385,-0.34370572287575624
19,5,coinfection,P,1,1,42.6,358.63659083668824,15277.91876964292,N,2/4/16,2/10/16,2/10/16,2/10/16,1,1,NA,NA,NA,shoot,1.5.coinfection.P.1.N,0,1,1,0,1,1,1,-0.7467394297357438,205.43480268990385,-0.34370572287575624
19,5,coinfection,P,1,1,42.6,358.63659083668824,15277.91876964292,N+P,2/18/16,2/19/16,2/19/16,2/19/16,1,1,NA,NA,NA,shoot,1.5.coinfection.P.1.N+P,0,1,1,1,1,1,1,-0.7467394297357438,205.43480268990385,-0.34370572287575624
19,5,coinfection,P,1,1,42.6,358.63659083668824,15277.91876964292,P,2/18/16,2/19/16,2/19/16,2/19/16,1,1,NA,NA,NA,shoot,1.5.coinfection.P.1.P,0,1,0,1,1,1,1,-0.7467394297357438,205.43480268990385,-0.34370572287575624
22,6,coinfection,low,1,1,40.300000000000004,52135.53639749288,2101062.116818963,low,2/4/16,2/10/16,2/10/16,2/10/16,1,1,NA,NA,NA,shoot,1.6.coinfection.low.1.low,0,0,0,0,1,1,1,0.6253485630424218,564.4401515271223,0.2553122509730094
22,6,coinfection,low,1,1,40.300000000000004,52135.53639749288,2101062.116818963,N,2/4/16,2/10/16,2/10/16,2/10/16,1,0,NA,NA,NA,shoot,1.6.coinfection.low.1.N,0,0,1,0,1,0,0,0.6253485630424218,564.4401515271223,0.2553122509730094
22,6,coinfection,low,1,1,40.300000000000004,52135.53639749288,2101062.116818963,N+P,2/4/16,2/10/16,2/10/16,2/10/16,1,1,NA,NA,NA,shoot,1.6.coinfection.low.1.N+P,0,0,1,1,1,1,1,0.6253485630424218,564.4401515271223,0.2553122509730094
22,6,coinfection,low,1,1,40.300000000000004,52135.53639749288,2101062.116818963,P,2/4/16,2/10/16,2/10/16,2/10/16,0,0,NA,NA,NA,shoot,1.6.coinfection.low.1.P,0,0,0,1,1,0,0,0.6253485630424218,564.4401515271223,0.2553122509730094
22,6,coinfection,N,1,1,67.2,10720.540677491948,720420.333527459,low,2/18/16,2/19/16,2/19/16,2/19/16,1,1,NA,NA,NA,shoot,1.6.coinfection.N.1.low,1,0,0,0,1,1,1,-0.47214894184038786,58.962651793547785,-0.5881016666670813
22,6,coinfection,N,1,1,67.2,10720.540677491948,720420.333527459,N,2/18/16,2/19/16,2/19/16,2/19/16,0,0,NA,NA,NA,shoot,1.6.coinfection.N.1.N,1,0,1,0,1,0,0,-0.47214894184038786,58.962651793547785,-0.5881016666670813
22,6,coinfection,N,1,1,67.2,10720.540677491948,720420.333527459,N+P,2/18/16,2/19/16,2/19/16,2/19/16,1,1,NA,NA,NA,shoot,1.6.coinfection.N.1.N+P,1,0,1,1,1,1,1,-0.47214894184038786,58.962651793547785,-0.5881016666670813
22,6,coinfection,N,1,1,67.2,10720.540677491948,720420.333527459,P,2/18/16,2/19/16,2/19/16,2/19/16,1,1,NA,NA,NA,shoot,1.6.coinfection.N.1.P,1,0,0,1,1,1,1,-0.47214894184038786,58.962651793547785,-0.5881016666670813
26,7,coinfection,N,1,1,82.69999999999999,8072.334216043838,667582.0396668253,low,2/4/16,2/10/16,2/10/16,2/10/16,1,0,NA,NA,NA,shoot,1.7.coinfection.N.1.low,1,0,0,0,1,0,0,-0.5423264206334188,70.8594213793928,-0.5682513250614752
26,7,coinfection,N,1,1,82.69999999999999,8072.334216043838,667582.0396668253,N,2/4/16,2/10/16,2/10/16,2/10/16,0,0,NA,NA,NA,shoot,1.7.coinfection.N.1.N,1,0,1,0,1,0,0,-0.5423264206334188,70.8594213793928,-0.5682513250614752
26,7,coinfection,N,1,1,82.69999999999999,8072.334216043838,667582.0396668253,N+P,2/4/16,2/10/16,2/10/16,2/10/16,0,0,NA,NA,NA,shoot,1.7.coinfection.N.1.N+P,1,0,1,1,1,0,0,-0.5423264206334188,70.8594213793928,-0.5682513250614752
26,7,coinfection,N,1,1,82.69999999999999,8072.334216043838,667582.0396668253,P,2/4/16,2/10/16,2/10/16,2/10/16,1,0.5,NA,NA,NA,shoot,1.7.coinfection.N.1.P,1,0,0,1,1,1,0,-0.5423264206334188,70.8594213793928,-0.5682513250614752
26,7,coinfection,N+P,1,1,182.9,55296.61210197724,10113750.353451638,low,2/4/16,2/10/16,2/10/16,2/10/16,1,1,NA,NA,NA,shoot,1.7.coinfection.N+P.1.low,1,1,0,0,1,1,1,0.7091170782409351,98.55053973312019,-0.5220473404590696
26,7,coinfection,N+P,1,1,182.9,55296.61210197724,10113750.353451638,N,2/4/16,2/10/16,2/10/16,2/10/16,1,1,NA,NA,NA,shoot,1.7.coinfection.N+P.1.N,1,1,1,0,1,1,1,0.7091170782409351,98.55053973312019,-0.5220473404590696
26,7,coinfection,N+P,1,1,182.9,55296.61210197724,10113750.353451638,N+P,2/4/16,2/10/16,2/10/16,2/10/16,1,1,NA,NA,NA,shoot,1.7.coinfection.N+P.1.N+P,1,1,1,1,1,1,1,0.7091170782409351,98.55053973312019,-0.5220473404590696
26,7,coinfection,N+P,1,1,182.9,55296.61210197724,10113750.353451638,P,2/4/16,2/10/16,2/10/16,2/10/16,0,0,NA,NA,NA,shoot,1.7.coinfection.N+P.1.P,1,1,0,1,1,0,0,0.7091170782409351,98.55053973312019,-0.5220473404590696
26,7,coinfection,P,1,1,115.70000000000002,696.5824433569469,80594.58869639877,low,4/5/16,4/8/16,4/9/16,4/9/16,1,1,NA,NA,NA,shoot,1.7.coinfection.P.1.low,0,1,0,0,1,1,1,-0.7377838636786077,285.1853732821561,-0.2106379973831345
26,7,coinfection,P,1,1,115.70000000000002,696.5824433569469,80594.58869639877,N,4/5/16,4/8/16,4/9/16,4/9/16,1,1,NA,NA,NA,shoot,1.7.coinfection.P.1.N,0,1,1,0,1,1,1,-0.7377838636786077,285.1853732821561,-0.2106379973831345
26,7,coinfection,P,1,1,115.70000000000002,696.5824433569469,80594.58869639877,N+P,4/5/16,4/8/16,4/9/16,4/9/16,1,1,NA,NA,NA,shoot,1.7.coinfection.P.1.N+P,0,1,1,1,1,1,1,-0.7377838636786077,285.1853732821561,-0.2106379973831345
26,7,coinfection,P,1,1,115.70000000000002,696.5824433569469,80594.58869639877,P,4/5/16,4/8/16,4/9/16,4/9/16,1,1,NA,NA,NA,shoot,1.7.coinfection.P.1.P,0,1,0,1,1,1,1,-0.7377838636786077,285.1853732821561,-0.2106379973831345
29,8,coinfection,low,1,1,78.39999999999999,3010.5897928155596,236030.23975673984,N,4/5/16,4/8/16,4/9/16,4/9/16,1,1,NA,NA,NA,shoot,1.8.coinfection.low.1.N,0,0,1,0,1,1,1,-0.676462662307945,410.16116343463926,-0.0021097823028808473
29,8,coinfection,low,1,1,78.39999999999999,3010.5897928155596,236030.23975673984,N+P,4/5/16,4/8/16,4/9/16,4/9/16,1,1,NA,NA,NA,shoot,1.8.coinfection.low.1.N+P,0,0,1,1,1,1,1,-0.676462662307945,410.16116343463926,-0.0021097823028808473
29,8,coinfection,low,1,1,78.39999999999999,3010.5897928155596,236030.23975673984,P,4/5/16,4/8/16,4/9/16,4/9/16,1,1,NA,NA,NA,shoot,1.8.coinfection.low.1.P,0,0,0,1,1,1,1,-0.676462662307945,410.16116343463926,-0.0021097823028808473
29,8,coinfection,N,1,1,211.5,27415.75117097902,5798431.372662064,N,4/5/16,4/8/16,4/9/16,4/9/16,1,0.5,NA,NA,NA,shoot,1.8.coinfection.N.1.N,1,0,1,0,1,1,0,-0.029725816072769088,3303.077380083324,4.824862340045285
29,8,coinfection,N,1,1,211.5,27415.75117097902,5798431.372662064,low,4/5/16,4/8/16,4/9/16,4/9/16,1,1,NA,NA,NA,shoot,1.8.coinfection.N.1.low,1,0,0,0,1,1,1,-0.029725816072769088,3303.077380083324,4.824862340045285
29,8,coinfection,N,1,1,211.5,27415.75117097902,5798431.372662064,N+P,4/5/16,4/8/16,4/9/16,4/9/16,1,1,NA,NA,NA,shoot,1.8.coinfection.N.1.N+P,1,0,1,1,1,1,1,-0.029725816072769088,3303.077380083324,4.824862340045285
29,8,coinfection,N,1,1,211.5,27415.75117097902,5798431.372662064,P,4/5/16,4/8/16,4/9/16,4/9/16,0,0,NA,NA,NA,shoot,1.8.coinfection.N.1.P,1,0,0,1,1,0,0,-0.029725816072769088,3303.077380083324,4.824862340045285
29,8,coinfection,N+P,1,1,282.9,45711.0658646013,12931660.533095708,low,4/5/16,4/8/16,4/9/16,4/9/16,0,0,NA,NA,NA,shoot,1.8.coinfection.N+P.1.low,1,1,0,0,1,0,0,0.45510007556916326,312.299925032867,-0.16539604234225597
29,8,coinfection,N+P,1,1,282.9,45711.0658646013,12931660.533095708,N,4/5/16,4/8/16,4/9/16,4/9/16,0,0,NA,NA,NA,shoot,1.8.coinfection.N+P.1.N,1,1,1,0,1,0,0,0.45510007556916326,312.299925032867,-0.16539604234225597
29,8,coinfection,N+P,1,1,282.9,45711.0658646013,12931660.533095708,N+P,4/5/16,4/8/16,4/9/16,4/9/16,1,0,NA,NA,NA,shoot,1.8.coinfection.N+P.1.N+P,1,1,1,1,1,0,0,0.45510007556916326,312.299925032867,-0.16539604234225597
29,8,coinfection,N+P,1,1,282.9,45711.0658646013,12931660.533095708,P,4/5/16,4/8/16,4/9/16,4/9/16,0,0,NA,NA,NA,shoot,1.8.coinfection.N+P.1.P,1,1,0,1,1,0,0,0.45510007556916326,312.299925032867,-0.16539604234225597
